Car_ID,Brand,Model,Year,Price_Lakh_INR,Fuel_Type,Transmission,Engine_CC,Mileage_or_Range,Safety_Rating,Airbags,ABS,ESP,Rear_Camera,Driver_Behavior,Road_Risk,Pothole_Risk,Engine_Temperature_C,Battery_Voltage_V,Brake_Condition,Tire_Pressure_PSI,Oil_Health_Percent,Maintenance_Risk,Maintenance_Risk_Score,Accident_Risk,Accident_Risk_Score,Overall_Safety_Score,Recommendation_Score,Recommendation
1,Maruti Suzuki,Dzire,2019,4.5,Petrol,Automatic,1597,14.4,4,6,Yes,Yes,Yes,Normal,High,0.38,95.9,12.71,Good,32.9,63.6,Low,20.082251506536366,Medium,39.40029635605499,75,71.91,Recommended
2,Hyundai,Verna,2022,8.72,Petrol,Automatic,2198,17.8,4,6,Yes,Yes,Yes,Aggressive,High,0.33,82.3,12.78,Good,31.7,65.4,Low,7.9875939215438,Medium,52.202371151298806,73,71.52000000000001,Recommended
3,Skoda,Slavia,2019,8.95,CNG,Automatic,1199,25.7,4,4,Yes,Yes,Yes,Normal,Low,0.14,92.4,11.84,Moderate,30.8,68.4,Low,30.88428874386658,Low,23.779765244937586,69,74.905,Recommended
4,Toyota,Hyryder,2019,12.44,Petrol,Manual,1597,21.1,5,6,Yes,Yes,Yes,Normal,Low,0.02,80.1,12.09,Good,32.4,88.4,Low,21.923736768317326,Low,11.034158764306857,93,76.015,Highly Recommended
5,Skoda,Kushaq,2021,10.56,Petrol,Automatic,1197,17.7,4,6,Yes,Yes,Yes,Calm,Medium,0.27,87.3,12.31,Good,27.8,56.3,Low,8.681501938227989,Low,16.41101268959407,85,76.905,Highly Recommended
6,Kia,Carens,2025,10.98,CNG,Manual,2198,27.2,4,6,Yes,Yes,No,Normal,Low,0.15,89.7,12.23,Moderate,32.2,70.1,Low,11.628381056773522,Low,18.087408582093772,78,68.18,Recommended
7,Hyundai,Creta,2025,11.71,Diesel,Manual,1290,25.1,4,4,Yes,Yes,Yes,Calm,High,0.34,78.4,12.79,Good,28.3,62.8,Low,14.587569237250976,Medium,38.15250627157752,72,67.16499999999999,Recommended
8,Tata,Altroz,2020,4.5,Diesel,Automatic,1498,21.8,4,4,Yes,Yes,Yes,Aggressive,High,0.36,80.8,11.75,Good,31.9,100.0,Low,20.65137260736443,Medium,54.13095804409223,66,68.97,Recommended
9,Mahindra,Thar,2020,19.19,Petrol,Manual,1497,16.1,3,6,Yes,No,No,Normal,Low,0.12,83.4,12.7,Good,28.9,58.8,Low,15.282939588610597,Low,18.71636502564174,60,54.415,Consider
10,Volkswagen,Virtus,2022,15.16,Electric,Manual,0,327.4,4,4,Yes,Yes,Yes,Risky,Low,0.25,100.1,12.42,Good,35.7,61.4,Low,14.086364905220863,Medium,40.57330717875618,72,79.6775,Highly Recommended
11,Kia,Sonet,2026,13.41,Diesel,Manual,1197,21.3,3,6,Yes,No,Yes,Normal,Medium,0.15,85.7,12.91,Moderate,32.1,70.7,Low,8.616634528190195,Medium,31.011031301218416,51,57.144999999999996,Consider
12,Tata,Altroz,2024,11.11,Electric,Manual,0,337.7,4,6,Yes,Yes,Yes,Normal,High,0.52,82.0,12.37,Good,30.5,82.7,Low,12.084268104441167,Medium,39.48366464902556,76,81.86375000000001,Highly Recommended
13,Tata,Harrier,2025,8.96,Petrol,Manual,1498,15.9,3,6,Yes,No,Yes,Normal,Low,0.03,100.9,13.8,Good,31.1,83.1,Low,20.008488222027967,Low,6.65257168628705,64,62.185,Recommended
14,Skoda,Slavia,2020,13.9,Electric,Manual,0,274.4,4,2,Yes,Yes,Yes,Normal,Medium,0.23,90.5,12.52,Moderate,30.2,82.7,Low,5.818567007932551,Medium,36.97267323572238,64,74.09,Recommended
15,Tata,Harrier,2023,6.51,Petrol,Manual,998,19.9,3,7,Yes,No,No,Aggressive,High,0.33,89.8,12.52,Moderate,31.7,74.2,Low,9.79281256051234,High,60.48596789197263,42,46.885000000000005,Consider
16,Volkswagen,Virtus,2022,12.39,Petrol,Automatic,998,12.9,5,6,Yes,Yes,Yes,Normal,Low,0.04,85.7,13.09,Moderate,36.3,95.7,Low,3.70043339464788,Low,22.77573810467117,85,76.185,Highly Recommended
17,Hyundai,Creta,2024,10.9,CNG,Manual,998,28.0,5,4,Yes,Yes,Yes,Normal,Low,0.27,93.1,11.79,Good,29.1,70.2,Medium,39.536142166383605,Low,17.950135243590786,84,77.0,Highly Recommended
18,Tata,Curvv,2025,9.9,Electric,Manual,0,313.1,4,6,Yes,Yes,Yes,Normal,Low,0.13,90.9,13.23,Good,30.5,86.9,Low,0.0,Low,18.503796192214036,86,85.44125,Highly Recommended
19,Toyota,Hyryder,2020,15.51,Petrol,Automatic,1597,19.8,4,6,Yes,Yes,Yes,Calm,Low,0.2,80.6,12.44,Moderate,30.1,65.7,Low,13.016530959155967,Low,18.37754076194128,78,74.07,Recommended
20,Hyundai,Venue,2025,15.71,Electric,Automatic,0,478.0,3,6,Yes,No,Yes,Normal,Low,0.22,76.8,11.94,Good,30.0,84.6,Low,28.010939214063857,Low,15.505096717314215,59,81.55,Highly Recommended
21,Skoda,Kushaq,2019,12.53,Electric,Automatic,0,375.3,4,2,Yes,Yes,No,Calm,Low,0.11,89.4,12.87,Moderate,33.3,74.0,Low,8.512289163359348,Low,16.518076168096293,71,80.02375,Highly Recommended
22,Volkswagen,Virtus,2021,9.12,CNG,Manual,1997,27.2,4,7,Yes,Yes,No,Calm,Low,0.23,88.6,12.12,Good,28.3,64.7,Low,10.564916559627854,Low,13.814340077514409,88,72.68,Recommended
23,Honda,Elevate,2019,10.87,Diesel,Manual,1498,20.6,5,6,Yes,Yes,Yes,Risky,Low,0.15,86.7,12.65,Good,35.3,72.9,Low,2.100710915771339,Medium,40.26888966628793,86,72.79,Recommended
24,Tata,Harrier,2022,13.55,Electric,Manual,0,457.3,4,2,Yes,Yes,Yes,Normal,Medium,0.22,90.2,12.12,Good,26.8,61.2,Low,11.386623575303334,Low,22.22723365340495,75,83.75,Highly Recommended
25,Honda,City,2022,11.54,Petrol,Manual,1498,18.0,5,6,Yes,Yes,Yes,Normal,Medium,0.43,89.6,13.14,Moderate,33.5,77.1,Low,7.16296209417898,Low,29.482070413098324,83,71.05000000000001,Recommended
26,Renault,Kwid,2021,8.99,CNG,Manual,998,28.3,4,2,Yes,Yes,Yes,Normal,Medium,0.19,74.1,11.83,Good,34.2,67.2,Low,23.967482719795512,Low,10.941884648633396,77,73.895,Recommended
27,Maruti Suzuki,Brezza,2026,10.22,Electric,Automatic,0,375.6,4,6,Yes,Yes,Yes,Normal,Low,0.17,83.2,12.9,Poor,29.6,64.7,Medium,39.03392168160116,Low,24.634624053219756,63,82.435,Highly Recommended
28,Honda,City,2025,12.32,Petrol,Manual,1597,24.5,3,2,Yes,No,No,Calm,Low,0.17,84.2,13.02,Good,30.0,52.7,Low,12.423852668180237,Low,10.390663604435773,55,53.425,Consider
29,Honda,City,2023,7.82,Diesel,Automatic,998,23.1,4,4,Yes,Yes,No,Aggressive,Low,0.1,82.7,12.04,Good,29.8,76.9,Low,29.75647564248857,Low,23.204568234208647,75,67.215,Recommended
30,Kia,Sonet,2021,8.69,Petrol,Manual,998,20.9,3,4,Yes,No,Yes,Normal,Medium,0.24,77.8,13.1,Good,31.4,83.5,Low,0.0,Low,19.174609358938667,58,60.235,Recommended
31,Mahindra,Thar,2023,13.32,Electric,Manual,0,303.9,5,6,Yes,No,Yes,Aggressive,Medium,0.19,76.4,11.92,Moderate,30.7,90.2,Low,24.63829859910419,Medium,31.700151761431485,64,75.19624999999999,Highly Recommended
32,Renault,Kwid,2022,5.62,CNG,Manual,1497,26.6,4,6,Yes,Yes,Yes,Calm,Medium,0.11,91.1,12.14,Moderate,33.8,81.6,Low,3.920115993035513,Low,28.004715396084258,76,73.19,Recommended
33,Volkswagen,Taigun,2025,10.69,Petrol,Manual,1497,17.1,5,6,Yes,Yes,No,Normal,Medium,0.19,74.4,12.36,Good,31.5,61.3,Low,16.442805712382388,Low,24.898029501144347,89,67.61500000000001,Recommended
34,Maruti Suzuki,Brezza,2024,8.72,CNG,Automatic,1597,24.6,3,6,Yes,No,Yes,Aggressive,Low,0.11,99.7,12.0,Good,32.8,65.0,Medium,37.9869805731847,Low,28.050075347326402,53,67.54,Recommended
35,Toyota,Urban Cruiser,2022,13.29,Electric,Automatic,0,331.2,3,6,Yes,No,Yes,Aggressive,Low,0.0,93.5,12.62,Good,28.7,90.5,Low,6.821753112802147,Medium,30.530409130736295,57,78.07,Highly Recommended
36,Maruti Suzuki,Brezza,2024,10.08,CNG,Automatic,1290,28.8,4,6,Yes,Yes,Yes,Calm,Medium,0.19,90.2,12.39,Good,26.4,65.6,Low,8.227918330192773,Low,9.518575950455421,87,83.47,Highly Recommended
37,Honda,Amaze,2025,10.81,Petrol,Manual,1199,15.4,5,4,Yes,Yes,Yes,Normal,Low,0.17,87.9,12.82,Moderate,32.0,74.8,Low,2.7405453794793466,Low,12.146088208525246,85,71.56,Recommended
38,Toyota,Urban Cruiser,2023,16.73,CNG,Automatic,1199,18.2,3,6,Yes,No,Yes,Normal,High,0.28,80.2,12.7,Good,33.4,75.2,Low,10.070718632273133,Medium,38.23247633962044,54,67.03,Recommended
39,Skoda,Slavia,2024,15.71,Petrol,Manual,1498,23.2,3,6,Yes,No,Yes,Aggressive,Medium,0.26,85.4,12.1,Good,31.3,62.8,Low,23.263778254316435,Medium,42.340673608288526,51,57.43,Consider
40,Maruti Suzuki,Baleno,2023,9.18,CNG,Manual,1997,28.7,5,6,Yes,Yes,Yes,Normal,Low,0.08,79.0,13.26,Moderate,35.4,81.8,Low,13.123125604763285,Low,16.648212722407305,86,78.005,Highly Recommended
41,Renault,Kwid,2025,4.64,CNG,Manual,1497,24.8,5,2,Yes,Yes,Yes,Aggressive,High,0.35,80.4,12.43,Good,28.9,85.7,Low,6.961323299666174,Medium,42.85316995452769,76,72.92,Recommended
42,Hyundai,i20,2025,11.17,Diesel,Manual,1997,18.5,4,6,Yes,Yes,Yes,Normal,Medium,0.12,85.8,12.6,Good,30.6,81.8,Low,3.8502112929469487,Low,18.887735665098504,85,72.025,Recommended
43,Renault,Triber,2022,4.5,Petrol,Automatic,1197,17.3,3,2,Yes,No,Yes,Aggressive,High,0.37,87.2,13.05,Moderate,33.0,100.0,Low,0.0,Medium,53.88077395284042,36,54.795,Consider
44,Mahindra,Thar,2019,17.96,CNG,Manual,1197,24.0,4,7,Yes,Yes,No,Normal,Low,0.37,94.0,12.18,Good,31.1,70.7,Low,16.798006799460556,Low,17.52434235108461,85,70.85,Recommended
45,Kia,Seltos,2021,4.84,Petrol,Manual,1597,21.3,3,4,Yes,No,No,Aggressive,Low,0.19,78.6,12.32,Good,31.9,82.2,Low,1.1905352518822756,Low,27.697130709824915,55,52.945,Consider
46,Tata,Harrier,2020,8.14,Diesel,Manual,1199,20.7,4,6,Yes,No,No,Risky,Low,0.14,96.7,12.31,Good,27.7,65.5,Low,12.636355562523928,Medium,34.16644549098109,63,56.455,Consider
47,Maruti Suzuki,Baleno,2021,4.56,Petrol,Automatic,1498,20.7,4,4,Yes,Yes,No,Normal,High,0.53,86.4,11.93,Good,29.3,66.7,Low,33.640166500077456,Medium,44.8223283546005,67,63.255,Recommended
48,Hyundai,Venue,2023,7.46,CNG,Automatic,1997,26.6,3,4,Yes,No,Yes,Risky,High,0.32,86.8,13.35,Good,33.0,74.5,Low,9.303566439784166,High,61.42406672174428,42,62.89,Recommended
49,Hyundai,Exter,2020,11.07,Diesel,Automatic,1197,17.5,5,4,Yes,Yes,No,Normal,Medium,0.32,90.0,12.34,Good,25.0,83.7,Low,0.0,Low,18.506146370378325,90,73.125,Recommended
50,Volkswagen,Taigun,2023,18.96,Electric,Manual,0,323.4,4,6,Yes,Yes,Yes,Aggressive,Low,0.11,87.8,11.89,Good,30.1,91.9,Low,23.008059370926276,Low,22.06881700340972,81,83.5775,Highly Recommended
51,Maruti Suzuki,Dzire,2024,5.2,Petrol,Automatic,1290,22.9,3,6,Yes,No,Yes,Risky,Low,0.14,93.1,12.67,Good,28.5,83.0,Low,5.986901202647764,Medium,33.868839365101415,56,64.63499999999999,Recommended
52,Renault,Kwid,2021,14.09,Electric,Manual,0,344.0,5,6,Yes,Yes,No,Normal,Medium,0.16,85.1,12.79,Good,32.9,88.1,Low,2.2907926855119536,Low,25.224992654519223,91,82.85,Highly Recommended
53,Kia,Sonet,2020,5.33,Petrol,Manual,1997,15.3,4,6,Yes,Yes,Yes,Normal,Medium,0.25,90.9,12.78,Moderate,31.1,45.3,Low,19.77529963398898,Low,28.981468111102618,73,66.14500000000001,Recommended
54,Maruti Suzuki,Baleno,2022,11.96,Electric,Manual,0,321.0,5,6,Yes,Yes,No,Aggressive,Low,0.2,92.9,12.55,Good,29.9,69.9,Low,14.6979723164598,Low,21.177499330394408,90,81.5375,Highly Recommended
55,Mahindra,Thar,2026,15.23,CNG,Automatic,998,20.9,4,4,Yes,Yes,Yes,Normal,Low,0.24,84.8,13.01,Good,31.8,61.9,Low,15.610118601737598,Low,20.580503827706135,78,78.235,Highly Recommended
56,Toyota,Glanza,2020,11.61,CNG,Manual,1497,22.3,5,2,Yes,Yes,No,Risky,Low,0.11,91.0,12.53,Moderate,31.0,57.0,Low,7.831873987389591,Medium,42.81297953312491,70,63.845,Recommended
57,Skoda,Slavia,2022,14.38,Diesel,Manual,1997,19.0,4,7,Yes,Yes,Yes,Risky,Low,0.21,92.3,12.77,Good,29.3,88.5,Low,0.0,Medium,34.02160217949978,82,70.75,Recommended
58,Mahindra,Thar,2022,12.68,Petrol,Automatic,1197,18.2,4,2,Yes,Yes,Yes,Normal,Low,0.16,88.0,12.16,Moderate,31.5,73.9,Low,17.991706211338418,Low,17.806215990768482,69,69.78,Recommended
59,Toyota,Glanza,2020,14.51,Electric,Automatic,0,312.3,4,2,Yes,Yes,Yes,Aggressive,Low,0.12,100.0,11.46,Good,30.6,78.2,Medium,36.08052212382006,Low,25.292348792109898,70,83.21125,Highly Recommended
60,Kia,Sonet,2019,12.84,Petrol,Automatic,1290,20.0,5,6,Yes,Yes,No,Risky,High,0.26,79.7,12.34,Good,28.2,63.2,Low,8.575791607382147,High,70.02969636830358,74,66.30000000000001,Recommended
61,Kia,Carens,2026,6.68,Petrol,Manual,1498,18.6,4,6,Yes,Yes,Yes,Normal,Low,0.15,78.8,12.88,Good,33.6,77.8,Low,0.8880625046102608,Low,11.735209181675248,88,73.39,Recommended
62,Renault,Kiger,2019,9.47,Petrol,Automatic,1497,18.1,5,2,Yes,Yes,Yes,Normal,Low,0.04,78.7,12.28,Good,31.7,68.2,Low,7.758937691377454,Low,7.950651742349166,88,78.315,Highly Recommended
63,Tata,Nexon,2026,9.43,Petrol,Manual,1498,18.3,2,7,Yes,No,Yes,Calm,Medium,0.12,97.3,12.48,Moderate,33.0,89.7,Low,2.7505150234771216,Low,24.49580381677068,48,55.345,Consider
64,Maruti Suzuki,Baleno,2026,10.25,Electric,Manual,0,288.2,4,6,Yes,Yes,Yes,Calm,Low,0.17,98.9,13.07,Good,36.2,70.0,Low,20.17436406227214,Low,9.671946504204357,86,84.5075,Highly Recommended
65,Volkswagen,Taigun,2026,11.22,Electric,Manual,0,403.2,4,6,Yes,Yes,Yes,Normal,Low,0.12,100.2,12.28,Moderate,32.2,89.9,Low,6.399211713350266,Low,17.201764649793667,79,85.55000000000001,Highly Recommended
66,Honda,Amaze,2020,11.58,CNG,Automatic,1498,29.6,4,7,Yes,No,Yes,Calm,Low,0.25,90.5,12.4,Moderate,26.6,47.8,Low,22.499193276098868,Low,16.241873792469473,64,73.24000000000001,Recommended
67,Honda,Elevate,2026,14.37,Petrol,Automatic,1290,19.6,4,2,Yes,Yes,Yes,Risky,High,0.32,79.9,12.07,Moderate,26.8,87.2,Low,28.24927534966841,High,65.39558964785236,51,61.89,Recommended
68,Mahindra,Thar,2026,13.86,Diesel,Manual,1290,17.5,4,6,Yes,Yes,Yes,Aggressive,Low,0.15,77.6,13.04,Good,30.6,77.7,Low,0.0,Low,24.915080115715753,83,70.975,Recommended
69,Honda,City,2022,12.73,Diesel,Manual,1197,15.4,5,2,Yes,Yes,No,Risky,Low,0.17,107.0,12.4,Good,33.1,84.6,Low,11.25642304026896,Medium,32.27041192178061,79,62.86000000000001,Recommended
70,Toyota,Innova,2023,13.02,Petrol,Automatic,1199,18.1,3,7,Yes,No,Yes,Calm,Medium,0.26,85.4,12.27,Good,31.4,72.3,Low,14.276557205372834,Low,13.267163587164067,64,67.515,Recommended
71,Tata,Punch,2020,12.79,Petrol,Manual,2198,23.4,3,6,Yes,No,No,Aggressive,High,0.37,90.6,12.75,Good,32.7,100.0,Low,6.430169549553396,Medium,38.93178018486903,54,52.81,Consider
72,Toyota,Urban Cruiser,2020,16.05,Petrol,Manual,1290,15.2,3,6,Yes,No,No,Normal,Low,0.16,74.9,13.34,Good,31.5,86.6,Low,0.0,Low,17.93012296701063,63,55.63,Consider
73,Honda,Amaze,2020,11.88,Petrol,Manual,1197,19.9,4,6,Yes,Yes,No,Normal,Medium,0.32,97.6,12.12,Good,34.5,92.6,Low,6.5301109351293825,Low,24.531095367125292,82,64.88499999999999,Recommended
74,Hyundai,Creta,2020,6.57,Petrol,Manual,1498,21.9,5,4,Yes,Yes,No,Normal,Low,0.0,89.7,12.46,Good,25.0,59.3,Low,19.849203257015834,Low,7.341495999747476,90,68.785,Recommended
75,Skoda,Slavia,2024,13.57,Diesel,Manual,1498,28.0,4,6,Yes,Yes,Yes,Aggressive,Medium,0.19,98.3,12.45,Moderate,32.2,100.0,Low,5.936597113553132,Medium,42.65184229299779,70,66.7,Recommended
76,Skoda,Kushaq,2024,12.82,Petrol,Manual,1997,14.5,3,6,Yes,No,Yes,Calm,Low,0.12,72.2,12.41,Good,37.2,56.1,Low,13.41161198700402,Low,15.223410722178258,62,61.075,Recommended
77,Kia,Sonet,2024,14.03,Diesel,Automatic,1597,18.6,3,4,Yes,No,Yes,Normal,Low,0.12,83.6,12.02,Good,29.2,82.8,Low,20.269572529238182,Low,15.247908091964206,57,64.44,Recommended
78,Tata,Altroz,2021,10.14,CNG,Manual,1290,24.4,3,4,Yes,No,No,Normal,Low,0.13,91.8,12.9,Good,27.8,81.2,Low,3.9056171905124484,Low,17.848101048879656,58,58.760000000000005,Consider
79,Mahindra,Scorpio,2022,15.8,Electric,Automatic,0,339.6,5,6,Yes,Yes,Yes,Normal,Low,0.16,90.2,12.94,Moderate,37.0,63.6,Low,16.58611463600427,Low,11.450609222346593,88,92.33500000000001,Highly Recommended
80,Mahindra,Thar,2026,20.42,Electric,Automatic,0,363.0,5,4,Yes,No,Yes,Normal,Low,0.15,77.0,12.17,Poor,31.1,57.4,Low,31.768144459402603,Low,22.08555805896189,54,77.9125,Highly Recommended
81,Renault,Kwid,2026,9.32,CNG,Manual,2198,22.6,3,6,Yes,No,Yes,Risky,Low,0.18,76.9,12.51,Moderate,32.9,77.8,Low,0.5020036003418467,Medium,36.55044280457134,50,60.89,Recommended
82,Mahindra,XUV 3XO,2026,18.47,Diesel,Automatic,998,20.5,4,6,Yes,Yes,Yes,Normal,Low,0.04,84.8,11.88,Moderate,31.6,67.1,Low,33.404854989973494,Low,17.61015367591837,75,72.825,Recommended
83,Mahindra,XUV700,2026,17.74,Electric,Manual,0,412.3,3,6,Yes,No,Yes,Normal,Low,0.14,86.5,12.33,Good,31.4,77.4,Low,8.302993530575185,Low,10.087713886026004,64,78.8,Highly Recommended
84,Renault,Kiger,2022,8.47,Petrol,Automatic,1199,21.0,5,6,Yes,Yes,No,Aggressive,Medium,0.35,90.6,12.99,Good,29.9,80.2,Low,7.144810553312681,Medium,38.13227435203996,86,71.85,Recommended
85,Maruti Suzuki,Swift,2026,8.92,CNG,Manual,1197,20.6,2,6,Yes,No,Yes,Normal,Low,0.11,96.2,12.42,Moderate,30.7,97.1,Low,6.796484845904472,Low,15.657480073907355,49,60.14,Recommended
86,Honda,Amaze,2023,5.57,Petrol,Automatic,998,19.5,3,7,Yes,No,Yes,Normal,High,0.31,89.6,12.5,Good,30.3,76.7,Low,0.1647381236164307,Medium,38.74049380747233,57,64.575,Recommended
87,Renault,Triber,2021,10.12,CNG,Manual,1199,22.8,3,2,Yes,No,Yes,Normal,Low,0.07,92.5,12.26,Good,31.6,91.1,Low,1.6909433089072126,Low,5.109886999990237,59,64.97,Recommended
88,Mahindra,Scorpio,2025,10.8,CNG,Automatic,1497,23.6,3,4,Yes,No,Yes,Risky,Medium,0.23,71.7,12.61,Good,30.9,81.9,Low,11.459608465626994,Medium,45.944185999892014,47,64.69,Recommended
89,Honda,Elevate,2025,11.21,Petrol,Manual,1199,19.4,4,7,Yes,Yes,Yes,Calm,Low,0.07,101.5,13.01,Good,29.6,70.1,Low,16.581376572928484,Low,7.550092929358394,89,73.96000000000001,Recommended
90,Skoda,Slavia,2026,9.07,Diesel,Manual,1290,23.7,4,6,Yes,Yes,Yes,Calm,Low,0.16,78.8,12.8,Moderate,30.6,82.7,Low,3.5962629013493252,Low,17.77142326529182,79,70.105,Recommended
91,Toyota,Urban Cruiser,2024,15.0,Electric,Manual,0,410.5,5,6,Yes,Yes,Yes,Calm,Medium,0.16,83.6,12.02,Good,31.6,59.7,Medium,38.31563479568816,Low,14.528985850329942,89,90.05000000000001,Highly Recommended
92,Volkswagen,Virtus,2022,11.72,Petrol,Automatic,1497,14.5,5,6,Yes,No,Yes,Normal,Medium,0.34,93.7,12.54,Good,29.5,88.3,Low,12.00941845861578,Medium,30.236679245968528,73,71.025,Recommended
93,Honda,City,2020,9.78,Petrol,Manual,998,20.0,3,6,Yes,No,Yes,Normal,Low,0.07,84.9,12.48,Good,31.2,71.9,Low,10.296770191272287,Low,3.716336296419274,66,63.7,Recommended
94,Tata,Curvv,2022,4.5,Diesel,Automatic,1997,15.1,4,4,Yes,Yes,Yes,Risky,High,0.41,86.2,11.55,Poor,35.1,87.7,Medium,39.906787863162464,High,77.89517757467104,40,56.265,Consider
95,Skoda,Slavia,2026,18.64,Electric,Automatic,0,353.2,4,4,Yes,Yes,Yes,Normal,Low,0.24,81.7,12.24,Good,34.2,55.5,Low,9.023516251172804,Low,6.6490859690611295,84,91.045,Highly Recommended
96,Skoda,Slavia,2025,15.03,Diesel,Manual,1197,21.7,5,4,Yes,Yes,Yes,Calm,Medium,0.25,78.2,12.8,Good,35.5,93.4,Low,3.759427379592002,Low,20.628931373744773,88,73.855,Recommended
97,Hyundai,Creta,2020,13.01,Electric,Manual,0,398.0,4,6,Yes,Yes,No,Normal,Low,0.26,98.0,11.77,Good,35.6,71.1,Low,34.622237153250246,Low,7.168427796781318,84,81.725,Highly Recommended
98,Honda,City,2023,12.48,Diesel,Automatic,1997,24.1,3,6,Yes,No,Yes,Calm,Low,0.0,91.2,12.3,Moderate,30.6,94.1,Low,5.679684718776114,Low,10.47989575400604,58,65.715,Recommended
99,Kia,Carens,2025,13.64,Electric,Manual,0,374.0,4,7,Yes,Yes,No,Normal,Medium,0.17,95.2,12.36,Moderate,29.3,93.4,Low,0.0,Medium,31.91596440384807,77,77.675,Highly Recommended
100,Renault,Triber,2023,4.8,Petrol,Automatic,998,21.6,4,4,Yes,No,Yes,Normal,Medium,0.22,79.9,12.2,Good,28.8,79.4,Low,1.0704222465407804,Low,14.678535165047244,68,69.84,Recommended
101,Kia,Seltos,2020,7.57,Petrol,Automatic,1199,26.0,4,6,Yes,Yes,No,Normal,Medium,0.29,79.6,12.37,Good,32.4,68.4,Low,9.70553186464531,Low,23.85547963288806,82,70.8,Recommended
102,Maruti Suzuki,Swift,2024,7.93,Petrol,Manual,1197,21.8,4,6,Yes,Yes,Yes,Normal,Medium,0.07,89.5,13.21,Good,32.4,69.6,Low,10.795236002442772,Low,19.391748738386575,84,72.07000000000001,Recommended
103,Toyota,Glanza,2023,11.05,Petrol,Manual,1997,14.2,5,6,Yes,Yes,Yes,Aggressive,Low,0.14,87.4,12.26,Poor,30.9,68.0,Low,33.37004911725053,Medium,36.80741766118002,67,63.28,Recommended
104,Toyota,Innova,2021,12.32,Electric,Manual,0,415.4,3,4,Yes,No,No,Normal,Low,0.13,87.8,12.2,Good,33.2,78.2,Low,3.680068230661983,Low,13.119719416664296,60,71.0,Recommended
105,Volkswagen,Virtus,2020,4.5,CNG,Manual,1199,25.6,5,6,Yes,Yes,Yes,Calm,Low,0.18,84.8,12.95,Good,32.7,91.8,Low,6.170187458951675,Low,17.26577950694164,93,80.69,Highly Recommended
106,Toyota,Urban Cruiser,2019,13.44,Petrol,Automatic,1498,19.4,5,4,Yes,Yes,Yes,Normal,Medium,0.22,92.1,12.28,Good,30.5,61.6,Low,7.254977117924918,Medium,30.289439767982596,84,76.71000000000001,Highly Recommended
107,Honda,Amaze,2025,14.44,Diesel,Manual,1197,20.9,4,7,Yes,Yes,Yes,Normal,Low,0.12,79.0,12.48,Good,26.6,64.3,Low,14.531319468677344,Low,13.948234917582976,87,73.285,Recommended
108,Tata,Punch,2021,8.86,CNG,Automatic,2198,23.6,4,4,Yes,Yes,No,Aggressive,Low,0.13,93.5,12.89,Moderate,27.5,100.0,Low,3.0332936535613086,Low,21.742056418015515,74,70.84,Recommended
109,Tata,Harrier,2024,14.4,Petrol,Automatic,1997,15.3,4,2,Yes,Yes,Yes,Normal,Low,0.16,86.2,12.53,Good,32.5,89.6,Low,6.4157284097241565,Low,13.376868011600731,78,73.39500000000001,Recommended
110,Maruti Suzuki,Brezza,2019,13.07,Petrol,Manual,1197,17.2,5,6,Yes,Yes,No,Aggressive,High,0.31,85.5,12.61,Good,32.8,96.9,Low,0.6101734470366392,Medium,47.87132588064398,83,64.93,Recommended
111,Skoda,Slavia,2021,8.82,Diesel,Automatic,998,23.8,4,2,Yes,Yes,Yes,Calm,High,0.39,92.2,12.65,Good,33.7,66.8,Low,10.112306776068085,Medium,32.02418590111199,71,71.52,Recommended
112,Renault,Triber,2021,8.96,Petrol,Automatic,1497,23.4,3,2,Yes,No,No,Normal,Low,0.03,85.9,11.95,Moderate,32.1,85.2,Low,27.718642258191263,Low,18.012027413706704,45,53.76,Consider
113,Hyundai,Verna,2022,6.99,Petrol,Automatic,998,12.9,4,6,Yes,Yes,Yes,Normal,Low,0.05,81.0,12.52,Good,27.4,75.3,Low,8.715360414367524,Low,10.139403336915484,87,77.08500000000001,Highly Recommended
114,Tata,Punch,2019,10.26,Diesel,Automatic,1290,24.2,4,6,Yes,Yes,Yes,Normal,Medium,0.3,97.0,13.3,Good,32.0,78.2,Low,10.639632157337461,Low,22.402948321559457,83,76.98,Highly Recommended
115,Volkswagen,Virtus,2022,9.12,Diesel,Manual,1597,17.7,4,2,Yes,Yes,No,Normal,Low,0.03,79.0,13.21,Good,29.4,77.4,Low,7.459037933113056,Low,6.989973974226833,80,63.655,Recommended
116,Tata,Punch,2023,15.68,Electric,Automatic,0,377.1,3,2,Yes,No,Yes,Calm,Medium,0.14,87.4,12.8,Good,34.6,60.3,Low,15.554977467284672,Low,18.786732598442978,52,77.54125,Highly Recommended
117,Mahindra,XUV700,2023,14.5,Electric,Automatic,0,357.6,4,2,Yes,Yes,Yes,Aggressive,Low,0.08,90.9,12.01,Good,34.3,79.9,Low,12.16610066843802,Low,17.48764654915279,76,87.61,Highly Recommended
118,Hyundai,i20,2025,11.09,Diesel,Manual,1498,24.3,4,2,Yes,Yes,No,Normal,Medium,0.09,91.1,13.01,Moderate,30.9,95.5,Low,6.763711997756023,Medium,36.09006974787892,64,57.445,Consider
119,Renault,Triber,2026,6.23,Petrol,Manual,998,10.0,4,6,Yes,Yes,Yes,Normal,High,0.39,93.8,12.63,Good,32.1,85.4,Low,8.841664668250214,Medium,38.64685816749072,77,67.15,Recommended
120,Volkswagen,Taigun,2021,14.92,Petrol,Manual,1497,23.0,2,4,Yes,No,Yes,Aggressive,Medium,0.23,95.0,12.09,Good,32.7,77.5,Low,27.917295869214172,Medium,34.93864512293106,41,52.9,Consider
121,Hyundai,Exter,2019,13.39,Petrol,Automatic,998,18.3,4,4,Yes,Yes,No,Normal,Low,0.24,93.2,12.79,Moderate,31.9,81.0,Low,2.324077097338412,Low,11.05423208499773,78,67.845,Recommended
122,Honda,City,2023,15.56,Petrol,Manual,2198,15.5,4,6,Yes,Yes,Yes,Normal,Low,0.05,93.5,12.0,Good,31.7,100.0,Low,19.97651348520161,Low,1.2430014457095382,89,73.375,Recommended
123,Hyundai,i20,2021,8.83,CNG,Automatic,1597,27.4,4,6,Yes,Yes,No,Normal,Medium,0.31,87.7,11.62,Good,27.9,82.6,Low,21.652680876289203,Low,20.560642856932137,82,75.00999999999999,Highly Recommended
124,Maruti Suzuki,Swift,2025,7.21,Petrol,Manual,1498,22.4,4,6,Yes,Yes,Yes,Normal,Low,0.14,85.5,11.43,Good,29.7,100.0,Low,11.486106940533451,Low,7.034596801063786,88,73.96000000000001,Recommended
125,Volkswagen,Virtus,2021,13.0,Diesel,Manual,1290,14.0,4,6,Yes,Yes,Yes,Calm,Low,0.29,84.0,12.49,Good,28.2,93.4,Low,0.0,Low,12.209889468412628,88,72.7,Recommended
126,Volkswagen,Virtus,2026,9.95,CNG,Manual,1498,25.8,4,2,Yes,Yes,Yes,Normal,Low,0.19,106.2,12.33,Moderate,33.9,90.3,Low,8.819564233116443,Low,17.187349292279805,71,70.82,Recommended
127,Honda,Elevate,2025,17.54,Electric,Manual,0,316.7,3,2,Yes,No,Yes,Aggressive,Low,0.02,83.1,12.15,Good,35.3,87.9,Low,4.315647076380017,Low,19.555894877676646,54,71.17625,Recommended
128,Mahindra,XUV700,2020,13.08,Electric,Automatic,0,352.0,4,6,Yes,Yes,Yes,Risky,Medium,0.24,87.7,12.45,Good,32.3,90.7,Low,10.14368118137372,Medium,46.79099902198337,74,86.5,Highly Recommended
129,Maruti Suzuki,Fronx,2026,12.17,Petrol,Manual,1199,26.7,2,6,Yes,No,Yes,Normal,Low,0.14,95.1,12.72,Good,34.3,100.0,Low,4.343980419531269,Low,16.42103760597582,55,59.754999999999995,Consider
130,Kia,Seltos,2022,13.41,Petrol,Manual,1498,19.4,4,6,Yes,Yes,Yes,Normal,Medium,0.36,86.5,11.69,Good,33.7,76.9,Low,26.227911319589655,Medium,30.52940771916694,77,68.56,Recommended
131,Tata,Nexon,2025,10.99,Petrol,Manual,1597,18.4,3,2,Yes,No,No,Calm,Low,0.17,91.4,12.68,Good,34.0,77.3,Low,6.209432195924112,Low,8.1524347509784,57,53.410000000000004,Consider
132,Toyota,Hyryder,2019,11.63,Petrol,Automatic,1290,17.5,4,6,Yes,Yes,Yes,Normal,Medium,0.34,90.5,12.52,Poor,36.2,95.0,Low,17.292311988850994,Medium,38.60537941285968,61,66.075,Recommended
133,Renault,Kiger,2024,10.12,Petrol,Manual,1199,24.2,4,6,Yes,Yes,Yes,Normal,Low,0.23,81.1,12.94,Moderate,32.8,84.9,Low,10.256752340621588,Low,19.930872807452758,77,69.28,Recommended
134,Kia,Carens,2020,16.78,CNG,Automatic,1997,26.4,3,6,Yes,No,Yes,Aggressive,Low,0.0,95.3,12.26,Moderate,31.8,81.1,Low,15.159772892958243,Low,22.41002811658135,53,67.81,Recommended
135,Honda,Elevate,2024,9.2,Electric,Manual,0,395.3,4,6,Yes,Yes,Yes,Normal,Low,0.06,99.6,12.19,Moderate,35.8,81.2,Low,8.619876354942113,Low,15.579467475277626,79,85.37375,Highly Recommended
136,Honda,Elevate,2024,11.07,Petrol,Automatic,1497,15.5,4,4,Yes,No,No,Calm,Medium,0.19,86.5,12.8,Moderate,33.5,76.7,Low,3.308007111306896,Low,19.972653148481413,60,59.325,Consider
137,Honda,Amaze,2022,11.96,Electric,Manual,0,366.0,3,7,Yes,No,Yes,Calm,Medium,0.15,87.9,12.24,Good,29.6,75.3,Low,10.89407663278267,Low,13.966764454902952,64,77.525,Highly Recommended
138,Mahindra,XUV700,2025,14.91,Petrol,Automatic,1997,17.6,4,6,Yes,Yes,Yes,Normal,Low,0.16,86.3,12.66,Moderate,33.3,51.4,Low,19.279978157234794,Low,23.131454973236035,75,72.39,Recommended
139,Tata,Harrier,2020,9.22,Petrol,Automatic,1197,12.9,5,2,Yes,Yes,No,Calm,High,0.34,97.8,12.93,Good,32.4,83.9,Low,5.225088223433122,Medium,38.228841414226444,78,67.035,Recommended
140,Honda,Amaze,2023,10.32,Petrol,Automatic,1497,20.4,4,7,Yes,Yes,No,Calm,Medium,0.13,87.0,12.53,Good,32.4,93.6,Low,0.0,Low,18.3028018246594,88,72.66,Recommended
141,Tata,Punch,2020,7.69,Petrol,Automatic,1597,15.8,5,4,Yes,Yes,Yes,Risky,Medium,0.18,87.8,12.32,Good,31.4,100.0,Low,6.960354604871275,Medium,42.188248728830914,80,74.37,Recommended
142,Toyota,Hyryder,2024,17.18,Petrol,Manual,1199,22.7,4,2,Yes,Yes,Yes,Calm,Low,0.0,88.8,12.99,Good,33.6,83.0,Low,9.700741316161668,Low,9.48790199887603,79,69.95500000000001,Recommended
143,Volkswagen,Virtus,2019,11.82,Electric,Automatic,0,311.8,5,6,Yes,Yes,Yes,Aggressive,Medium,0.2,86.9,12.31,Good,33.4,71.0,Low,12.477483870831398,Low,29.95652432857473,88,91.2925,Highly Recommended
144,Toyota,Innova,2020,15.5,Petrol,Manual,1498,19.3,4,4,Yes,Yes,No,Normal,Medium,0.16,84.4,13.0,Moderate,30.6,86.4,Low,3.472394005451041,Low,29.49344988069178,71,59.845,Consider
145,Maruti Suzuki,Brezza,2019,9.07,Petrol,Manual,1498,16.0,5,2,Yes,Yes,Yes,Normal,Low,0.07,85.4,12.31,Good,32.0,70.0,Low,3.1877130757292367,Low,14.519478450091107,86,72.1,Recommended
146,Honda,Amaze,2021,11.05,Diesel,Manual,1497,17.9,4,2,Yes,No,Yes,Normal,High,0.3,94.9,12.94,Good,33.2,76.4,Low,13.481650023161954,Medium,38.9226892095225,53,57.535,Consider
147,Skoda,Slavia,2026,16.69,Petrol,Automatic,1498,21.6,3,6,Yes,No,Yes,Normal,Medium,0.3,86.9,13.14,Moderate,32.6,65.7,Low,19.8818832471777,Low,29.755930595886365,50,61.74,Recommended
148,Maruti Suzuki,Fronx,2020,4.5,Diesel,Manual,1199,18.6,3,4,Yes,No,Yes,Normal,Medium,0.23,92.0,11.67,Good,29.3,49.6,Medium,39.22490117011944,Low,14.628689513558268,54,58.09,Consider
149,Mahindra,Thar,2020,13.99,CNG,Manual,1597,27.7,5,6,Yes,Yes,Yes,Aggressive,Low,0.09,85.7,12.13,Good,31.8,68.1,Low,7.853775903377038,Low,17.958405088868847,93,81.005,Highly Recommended
150,Toyota,Hyryder,2023,15.78,Petrol,Manual,1997,14.1,4,2,Yes,Yes,Yes,Risky,Low,0.02,91.8,12.28,Moderate,32.0,44.5,Low,22.111824860778366,Medium,46.178391169040914,59,59.665,Consider
151,Tata,Harrier,2023,12.59,Petrol,Manual,2198,19.8,4,6,Yes,Yes,Yes,Normal,Medium,0.11,85.8,12.16,Poor,34.9,93.8,Low,18.3939029029149,Low,22.241867510842084,66,63.67,Recommended
152,Honda,Amaze,2024,8.95,Petrol,Automatic,1497,23.4,4,6,Yes,Yes,No,Normal,Low,0.18,96.2,11.97,Good,31.3,40.3,Low,33.35415229007094,Low,9.527529553925257,84,71.31,Recommended
153,Hyundai,i20,2021,15.5,Petrol,Manual,998,18.9,4,6,Yes,Yes,Yes,Risky,Medium,0.38,87.8,12.96,Good,31.9,69.2,Low,11.375619646831385,Medium,50.87199477765619,72,66.235,Recommended
154,Mahindra,XUV700,2024,16.82,Electric,Manual,0,316.4,4,4,Yes,Yes,Yes,Aggressive,Medium,0.18,89.5,13.21,Good,35.5,87.6,Low,12.47700669732343,Medium,33.36383113077978,74,80.165,Highly Recommended
155,Kia,Seltos,2024,18.69,Petrol,Manual,1197,21.9,5,2,Yes,Yes,Yes,Aggressive,High,0.33,74.2,12.98,Good,33.8,100.0,Low,0.0,Medium,47.91538806937138,75,68.035,Recommended
156,Volkswagen,Virtus,2022,14.67,Petrol,Manual,1497,20.3,4,6,Yes,Yes,No,Normal,Low,0.06,86.8,12.51,Poor,28.6,65.4,Low,33.474778774316945,Low,22.800661678018198,64,56.845,Consider
157,Maruti Suzuki,Dzire,2022,8.96,Petrol,Automatic,1197,19.5,3,4,Yes,No,Yes,Normal,Medium,0.15,84.6,12.59,Good,33.2,85.8,Low,9.414915902023242,Low,27.694237889060133,54,63.225,Recommended
158,Maruti Suzuki,Swift,2021,5.8,Petrol,Manual,1197,15.0,4,6,Yes,Yes,Yes,Normal,Medium,0.42,89.2,12.37,Good,32.6,84.5,Low,15.808556629295119,Low,24.018718140089724,81,69.7,Recommended
159,Tata,Curvv,2019,12.25,Diesel,Automatic,1597,18.4,3,2,Yes,No,Yes,Calm,Low,0.03,89.6,12.26,Moderate,33.8,60.6,Low,9.263173936590839,Low,12.216319968595474,49,60.81,Recommended
160,Maruti Suzuki,Dzire,2020,4.5,Diesel,Automatic,998,26.5,5,6,Yes,Yes,Yes,Risky,Medium,0.18,93.5,12.97,Good,32.1,89.4,Low,6.118992135054097,Medium,40.4259805626465,85,78.225,Highly Recommended
161,Volkswagen,Taigun,2026,15.24,Petrol,Manual,1597,20.0,4,4,Yes,Yes,Yes,Normal,Medium,0.23,92.8,12.75,Good,33.4,77.4,Low,11.374456976111999,Low,20.695422389254563,79,69.55000000000001,Recommended
162,Renault,Kiger,2019,7.58,Electric,Manual,0,321.0,5,2,Yes,Yes,No,Normal,Low,0.36,86.4,12.61,Good,32.9,90.5,Low,2.7554180347345802,Low,24.30687938847048,83,78.3875,Highly Recommended
163,Maruti Suzuki,Swift,2020,8.06,CNG,Automatic,1199,23.2,5,6,Yes,Yes,Yes,Calm,Low,0.16,91.9,12.8,Good,32.9,64.9,Low,10.13678508492994,Low,5.529164101998962,97,87.13,Highly Recommended
164,Mahindra,XUV 3XO,2019,15.38,Diesel,Manual,1498,23.3,5,7,Yes,Yes,Yes,Calm,Medium,0.1,83.0,12.75,Good,28.6,63.3,Low,9.228821570295803,Low,15.570779758932737,95,77.245,Highly Recommended
165,Volkswagen,Virtus,2021,11.41,Petrol,Manual,1290,18.6,3,7,Yes,No,Yes,Normal,Medium,0.17,96.1,12.36,Good,33.1,72.9,Low,14.933452652987647,Low,23.68179805538415,60,60.79,Recommended
166,Skoda,Slavia,2019,10.77,Petrol,Automatic,1197,15.4,4,6,Yes,Yes,Yes,Normal,Low,0.23,88.6,11.75,Good,32.6,69.1,Low,26.242118608363246,Low,14.3490132641253,83,75.66,Highly Recommended
167,Toyota,Innova,2026,10.04,CNG,Manual,1197,29.5,5,2,Yes,No,Yes,Normal,Low,0.19,79.9,13.0,Good,32.6,81.9,Low,8.760612794347903,Low,15.147826704240764,70,70.925,Recommended
168,Maruti Suzuki,Swift,2025,9.11,Diesel,Automatic,998,20.9,5,4,Yes,Yes,Yes,Normal,Low,0.05,85.6,12.55,Good,32.8,100.0,Low,0.0,Low,12.580571276126902,92,80.535,Highly Recommended
169,Volkswagen,Taigun,2019,7.99,Diesel,Automatic,1197,20.0,4,4,Yes,Yes,Yes,Normal,Low,0.06,85.2,13.28,Good,30.6,97.6,Low,0.0,Low,15.236399214936021,83,76.35,Highly Recommended
170,Honda,Elevate,2023,7.76,Petrol,Manual,1199,20.0,5,6,Yes,Yes,No,Calm,Low,0.08,89.1,12.75,Good,34.3,92.6,Low,18.03256097430142,Low,9.663833907071377,94,70.30000000000001,Recommended
171,Mahindra,Scorpio,2023,12.52,Petrol,Automatic,2198,21.3,4,4,Yes,Yes,No,Calm,Medium,0.31,93.4,11.78,Moderate,32.4,89.7,Low,29.855507474698854,Low,27.33562400470189,68,63.795,Recommended
172,Skoda,Slavia,2026,15.62,Electric,Automatic,0,351.0,3,6,Yes,No,Yes,Calm,Low,0.1,91.4,12.01,Good,31.1,89.5,Low,32.812765197433194,Low,11.12851295637896,60,80.1625,Highly Recommended
173,Toyota,Urban Cruiser,2021,14.27,Diesel,Manual,1197,18.2,4,6,Yes,Yes,Yes,Normal,High,0.32,84.3,12.04,Good,31.9,44.1,Medium,40.64253984650878,Medium,34.68670347684389,74,67.03,Recommended
174,Maruti Suzuki,Swift,2020,7.71,Petrol,Automatic,1290,19.4,3,4,Yes,No,Yes,Normal,Low,0.07,92.4,12.37,Poor,31.3,81.4,Low,29.334423594122924,Medium,30.913516527972515,35,54.66,Consider
175,Toyota,Innova,2024,12.2,Petrol,Manual,1597,13.6,3,4,Yes,No,No,Normal,Low,0.17,92.2,12.09,Good,27.4,70.6,Low,33.38490950351173,Low,16.699751558456413,54,51.34,Consider
176,Tata,Altroz,2026,13.03,CNG,Automatic,1498,30.0,4,4,Yes,Yes,Yes,Calm,Medium,0.13,88.5,12.55,Moderate,32.3,96.4,Low,1.2999701477440648,Low,22.138660020770658,74,77.80000000000001,Highly Recommended
177,Skoda,Kushaq,2022,13.14,Diesel,Manual,1997,22.6,5,7,Yes,No,No,Aggressive,Medium,0.12,91.7,12.21,Moderate,31.3,100.0,Low,10.76130150072795,Medium,37.58605268085896,66,58.089999999999996,Consider
178,Renault,Kiger,2026,7.64,Petrol,Manual,1197,22.4,4,2,Yes,Yes,Yes,Normal,Medium,0.34,82.1,12.61,Good,31.4,89.6,Low,4.149103065516495,Low,20.149435909595113,76,68.56,Recommended
179,Hyundai,Venue,2026,15.49,Petrol,Manual,2198,12.4,5,6,Yes,Yes,Yes,Normal,Medium,0.12,92.3,11.54,Good,34.8,78.3,Low,26.25031225019027,Low,24.957385015089397,87,72.00999999999999,Recommended
180,Tata,Curvv,2019,10.65,CNG,Automatic,1497,25.8,4,6,Yes,Yes,Yes,Normal,Low,0.24,87.7,12.95,Good,31.4,86.9,Low,3.36735979137569,Low,20.08854357631391,84,81.67,Highly Recommended
181,Kia,Carens,2019,9.41,CNG,Manual,1497,26.3,3,6,Yes,No,No,Calm,Low,0.21,90.5,12.36,Good,31.8,78.2,Low,11.164092633600687,Low,7.290529037363472,65,62.195,Recommended
182,Renault,Kwid,2023,12.55,Petrol,Manual,1197,20.3,3,4,Yes,No,No,Normal,Medium,0.32,90.5,12.71,Poor,34.3,73.0,Low,34.01546226805454,Medium,34.143320072055545,33,42.894999999999996,Not Recommended
183,Toyota,Hyryder,2020,11.5,Diesel,Automatic,1597,19.1,5,2,Yes,Yes,Yes,Normal,Low,0.2,76.1,12.92,Good,31.5,84.1,Low,8.470994059971263,Low,10.694627292684366,87,78.015,Highly Recommended
184,Toyota,Glanza,2020,16.44,CNG,Manual,1290,30.0,3,4,Yes,No,Yes,Normal,Low,0.18,90.5,12.47,Good,27.3,83.1,Low,7.095264218260945,Low,15.830303371299264,58,65.6,Recommended
185,Kia,Sonet,2021,10.47,Petrol,Manual,1197,20.1,3,4,Yes,No,Yes,Normal,Medium,0.22,97.4,13.31,Good,31.1,100.0,Low,1.562227593352402,Low,21.11545634256105,57,59.665000000000006,Consider
186,Renault,Kiger,2023,4.5,Petrol,Manual,1290,24.1,5,4,Yes,Yes,Yes,Normal,Medium,0.27,82.6,12.24,Good,27.4,90.9,Low,9.14296807091283,Low,21.59462340094463,87,73.765,Recommended
187,Maruti Suzuki,Swift,2025,5.9,Petrol,Automatic,1290,22.7,5,6,Yes,Yes,No,Aggressive,Medium,0.28,96.3,12.21,Good,31.6,58.6,Low,16.32204924920878,Medium,40.945517831507296,83,70.755,Recommended
188,Renault,Triber,2023,10.58,Electric,Manual,0,314.4,3,6,Yes,No,Yes,Calm,High,0.37,98.0,12.62,Good,33.8,87.3,Low,10.184672385913553,Medium,34.46859713553766,55,71.53999999999999,Recommended
189,Renault,Kwid,2019,6.49,CNG,Manual,1597,23.7,4,2,Yes,Yes,No,Normal,Low,0.13,91.4,12.74,Good,27.2,57.6,Low,25.407607184068354,Low,8.411164959691856,77,67.205,Recommended
190,Kia,Carens,2019,8.05,CNG,Manual,1199,25.4,3,7,Yes,No,Yes,Aggressive,Medium,0.43,97.5,12.82,Moderate,27.2,58.2,Low,24.793964280513563,Medium,40.44097567950088,47,59.96,Consider
191,Mahindra,XUV700,2020,9.12,Diesel,Automatic,1497,18.3,4,6,Yes,Yes,Yes,Calm,Medium,0.21,86.1,12.71,Good,31.6,79.2,Low,3.3710488513333585,Low,15.757267827341897,86,77.445,Highly Recommended
192,Hyundai,Creta,2020,10.14,Petrol,Manual,1997,21.4,5,6,Yes,Yes,Yes,Calm,Low,0.14,89.7,12.17,Moderate,38.0,72.4,Low,10.014973577124737,Low,12.015178942610952,88,73.81,Recommended
193,Mahindra,Scorpio,2019,11.03,CNG,Manual,1197,22.7,5,6,Yes,Yes,Yes,Normal,Low,0.06,97.1,12.37,Moderate,31.6,89.4,Low,6.122896846221712,Low,14.213101188825178,88,78.005,Highly Recommended
194,Kia,Sonet,2023,10.53,Electric,Manual,0,371.8,4,4,Yes,Yes,Yes,Normal,Low,0.21,94.5,12.7,Good,33.9,71.4,Low,5.54050544154333,Low,15.881448503370494,82,85.8425,Highly Recommended
195,Volkswagen,Virtus,2023,13.23,Petrol,Automatic,1199,18.8,4,6,Yes,Yes,Yes,Calm,Low,0.02,85.7,12.52,Poor,30.8,70.8,Medium,37.963627792314306,Low,16.900843389126965,65,68.07,Recommended
196,Toyota,Hyryder,2020,7.32,Petrol,Automatic,998,15.3,4,7,Yes,Yes,Yes,Normal,Low,0.2,69.6,12.13,Good,31.8,84.1,Low,6.902701430632771,Low,12.780528548026371,88,77.89500000000001,Highly Recommended
197,Renault,Triber,2023,5.65,Diesel,Manual,1597,20.8,5,6,Yes,Yes,Yes,Aggressive,Low,0.1,85.7,12.38,Good,32.6,81.5,Low,0.8488824481008255,Low,19.13003969049906,93,75.97,Highly Recommended
198,Hyundai,Venue,2021,13.5,Electric,Manual,0,381.8,4,2,Yes,Yes,Yes,Normal,Low,0.27,88.6,11.45,Good,38.0,91.0,Low,19.095555280957054,Low,17.764426057722225,75,83.0675,Highly Recommended
199,Honda,Elevate,2020,10.07,Diesel,Manual,1199,17.6,4,6,Yes,Yes,No,Risky,Medium,0.35,76.0,12.01,Poor,36.2,82.7,Medium,48.869289600911955,High,61.07014760669223,48,49.24,Consider
200,Tata,Nexon,2024,6.36,Petrol,Manual,1290,17.6,4,6,Yes,No,Yes,Normal,Low,0.15,96.7,12.16,Good,29.5,71.8,Low,11.909478886276856,Low,10.096567117251443,72,66.03999999999999,Recommended
201,Toyota,Glanza,2023,10.18,Petrol,Manual,1290,13.4,5,7,Yes,No,Yes,Calm,Low,0.0,86.4,11.77,Good,28.0,62.3,Low,27.991995725792478,Low,0.013358093108478464,83,70.36,Recommended
202,Tata,Curvv,2025,6.59,Petrol,Manual,998,18.1,4,2,Yes,Yes,Yes,Aggressive,Low,0.03,92.7,12.51,Good,34.0,56.7,Low,9.333888962711983,Low,18.577837125037888,76,67.915,Recommended
203,Toyota,Urban Cruiser,2021,18.95,Electric,Automatic,0,371.8,5,6,Yes,No,Yes,Normal,Medium,0.2,82.1,12.82,Moderate,31.9,97.6,Low,0.0,Low,27.778186500768342,69,84.9925,Highly Recommended
204,Mahindra,XUV 3XO,2023,15.63,Electric,Manual,0,351.4,4,6,Yes,Yes,Yes,Normal,Medium,0.33,91.6,12.3,Good,30.0,63.1,Low,8.492917558457835,Low,23.127782372859173,83,85.5275,Highly Recommended
205,Tata,Altroz,2023,10.55,Petrol,Automatic,1597,16.7,4,2,Yes,Yes,Yes,Calm,Low,0.1,85.5,11.88,Good,30.4,61.1,Medium,35.814619833438314,Low,12.78651147594804,74,71.805,Recommended
206,Mahindra,XUV 3XO,2021,12.24,Diesel,Automatic,998,22.8,5,2,Yes,Yes,No,Normal,Low,0.19,89.9,13.51,Moderate,31.2,73.2,Low,11.728483597426765,Low,15.44792327829726,79,68.97,Recommended
207,Mahindra,XUV700,2021,18.21,Electric,Manual,0,444.8,4,6,Yes,Yes,No,Aggressive,Low,0.14,90.5,11.89,Moderate,29.8,63.5,Low,29.805879930137486,Medium,31.33884256836002,71,75.95,Highly Recommended
208,Honda,Elevate,2023,12.61,Petrol,Automatic,1197,21.1,4,6,Yes,Yes,Yes,Normal,Low,0.13,86.9,12.49,Moderate,29.6,75.8,Low,7.643660149887817,Low,15.335242900559999,79,74.715,Recommended
209,Renault,Kwid,2022,8.7,Petrol,Manual,1199,17.1,4,6,Yes,Yes,Yes,Normal,Low,0.17,87.3,12.61,Good,30.4,68.6,Low,11.897156989751812,Low,15.061118761061815,85,71.815,Recommended
210,Honda,Elevate,2019,8.79,Petrol,Automatic,1199,18.4,5,6,Yes,No,Yes,Risky,Low,0.09,84.4,13.0,Poor,32.2,72.4,Low,34.790948340534314,Medium,46.720968560656594,48,60.36,Recommended
211,Volkswagen,Virtus,2026,19.73,Diesel,Automatic,1997,21.2,3,2,Yes,No,Yes,Normal,Medium,0.29,91.1,12.4,Good,32.4,66.3,Low,21.597061611875127,Low,23.393282481557936,50,61.68,Recommended
212,Maruti Suzuki,Fronx,2019,6.54,Petrol,Manual,1597,21.0,4,2,Yes,Yes,Yes,Normal,Low,0.2,83.1,12.17,Good,33.8,63.0,Low,14.733563195179762,Low,16.987387242537178,76,68.35,Recommended
213,Kia,Sonet,2025,9.12,Petrol,Manual,1197,22.6,4,2,Yes,Yes,No,Calm,Medium,0.24,80.9,12.64,Good,38.0,82.3,Low,4.291875764668178,Low,25.480111671148418,74,61.690000000000005,Recommended
214,Hyundai,Creta,2022,4.8,Diesel,Automatic,1199,19.8,4,2,Yes,Yes,Yes,Normal,Low,0.23,95.4,12.71,Good,28.7,86.0,Low,0.8726445103355305,Low,13.697731915725583,79,74.52000000000001,Recommended
215,Toyota,Urban Cruiser,2024,15.21,CNG,Automatic,1497,28.2,4,6,Yes,No,Yes,Aggressive,Medium,0.18,90.9,12.65,Moderate,30.0,96.1,Low,2.211075239020702,Medium,32.93196434758806,59,70.78,Recommended
216,Hyundai,Verna,2026,10.3,Petrol,Automatic,1197,16.5,5,7,Yes,Yes,Yes,Calm,Medium,0.15,90.0,11.76,Good,32.8,65.9,Low,21.98916214351363,Low,20.162438011788304,92,79.875,Highly Recommended
217,Hyundai,Exter,2020,11.96,Petrol,Manual,1197,22.9,4,7,Yes,Yes,No,Normal,Medium,0.22,97.7,13.04,Moderate,36.3,72.2,Low,21.694867243146902,Medium,30.5700617741422,74,61.73500000000001,Recommended
218,Maruti Suzuki,Dzire,2026,10.09,Petrol,Manual,1497,25.8,5,6,Yes,Yes,No,Calm,Low,0.22,92.2,12.59,Good,31.8,87.6,Low,5.595674264724891,Low,7.005900098589436,97,72.52,Recommended
219,Honda,Elevate,2022,14.15,Electric,Automatic,0,377.5,5,2,Yes,Yes,Yes,Aggressive,Medium,0.16,94.9,11.72,Moderate,35.8,72.5,Low,33.534063837131555,Medium,42.67634833940411,66,83.85625,Highly Recommended
220,Volkswagen,Virtus,2024,10.19,Petrol,Manual,1290,16.2,5,4,Yes,Yes,Yes,Normal,Low,0.27,90.8,12.33,Good,31.4,72.3,Low,5.302704471523681,Low,21.033795376985424,88,73.03,Recommended
221,Hyundai,i20,2025,12.82,Electric,Manual,0,443.1,4,6,Yes,Yes,Yes,Normal,Low,0.05,97.0,12.53,Good,31.3,68.1,Low,23.052847249377056,Low,10.247232571795678,85,88.25,Highly Recommended
222,Honda,Amaze,2023,10.88,Petrol,Manual,2198,19.0,5,2,Yes,Yes,Yes,Calm,Low,0.12,89.7,12.49,Good,33.5,69.9,Low,5.796568321804118,Low,20.495125810489565,84,71.65,Recommended
223,Kia,Seltos,2023,8.55,Petrol,Manual,1197,17.5,4,4,Yes,Yes,Yes,Normal,Medium,0.34,95.2,12.76,Good,32.4,70.9,Low,12.930197857526457,Low,24.80051096365776,77,68.275,Recommended
224,Honda,Amaze,2022,8.82,Petrol,Manual,1497,20.3,2,6,Yes,No,Yes,Normal,Low,0.03,88.6,11.84,Good,30.1,90.7,Low,21.441945247815415,Low,8.808534352894156,55,58.795,Consider
225,Tata,Curvv,2023,8.06,Petrol,Manual,1197,11.3,4,4,Yes,Yes,Yes,Calm,Low,0.07,80.0,13.3,Moderate,26.5,55.3,Low,14.983271633212569,Low,10.510239151710302,76,66.89500000000001,Recommended
226,Renault,Kwid,2021,8.07,Electric,Manual,0,389.7,4,6,Yes,Yes,No,Calm,Low,0.22,80.5,12.08,Moderate,32.6,79.0,Low,25.027940903844097,Low,11.343723228458883,78,78.71375,Highly Recommended
227,Renault,Triber,2022,5.44,Petrol,Manual,1997,18.7,4,4,Yes,Yes,No,Calm,Low,0.11,93.2,12.16,Moderate,29.8,96.5,Low,4.382046737253379,Low,14.668214106723552,76,62.005,Recommended
228,Hyundai,Exter,2025,6.78,CNG,Manual,2198,22.0,4,6,Yes,Yes,Yes,Normal,Low,0.0,91.7,12.67,Good,34.1,71.7,Low,14.845350466372428,Low,4.409344476219286,88,77.9,Highly Recommended
229,Mahindra,XUV 3XO,2021,13.04,Petrol,Automatic,1197,19.4,4,2,Yes,Yes,Yes,Normal,Medium,0.2,78.6,12.68,Moderate,38.0,68.7,Low,9.616027131624085,Low,25.696965902247136,68,69.50999999999999,Recommended
230,Renault,Kwid,2020,10.06,Diesel,Automatic,1498,24.0,4,4,Yes,Yes,Yes,Aggressive,Low,0.06,100.5,12.9,Good,33.3,81.9,Low,9.001876190126303,Low,25.23265686891269,78,74.7,Recommended
231,Honda,Elevate,2024,12.49,CNG,Manual,998,25.2,5,4,Yes,Yes,Yes,Normal,High,0.3,82.9,12.06,Good,28.6,70.8,Low,19.458170885728574,Medium,38.96168541651236,79,74.33000000000001,Recommended
232,Mahindra,XUV700,2024,10.28,Petrol,Automatic,1597,16.5,5,6,Yes,Yes,Yes,Normal,Low,0.11,96.9,12.16,Good,34.4,90.1,Low,6.116936662396642,Low,11.044376476589367,95,81.225,Highly Recommended
233,Hyundai,Creta,2019,5.78,Diesel,Automatic,1497,20.6,5,4,Yes,Yes,Yes,Normal,Low,0.23,94.4,12.63,Good,28.3,77.9,Low,11.766684844670305,Low,10.941779812824313,90,79.59,Highly Recommended
234,Hyundai,Venue,2021,15.82,Electric,Automatic,0,365.0,3,6,Yes,No,No,Calm,Low,0.1,96.7,12.56,Good,34.5,67.8,Low,11.177739411978928,Low,9.433410604056144,64,76.4875,Highly Recommended
235,Toyota,Urban Cruiser,2019,14.32,Petrol,Manual,1290,14.6,4,6,Yes,Yes,Yes,Calm,Low,0.16,88.8,11.2,Good,33.6,84.7,Low,24.842070268957098,Low,15.768646767721624,83,70.53999999999999,Recommended
236,Renault,Triber,2021,10.28,Petrol,Manual,1497,20.3,2,6,Yes,No,Yes,Aggressive,Low,0.18,89.0,13.08,Good,33.2,85.6,Low,12.548009363155966,Low,17.77345077466289,53,57.895,Consider
237,Volkswagen,Taigun,2025,13.27,Petrol,Manual,998,18.0,4,4,Yes,Yes,Yes,Aggressive,Medium,0.31,101.2,12.83,Good,31.9,86.4,Low,9.781635787602749,Medium,36.95856199608956,74,67.0,Recommended
238,Skoda,Kushaq,2024,12.99,Petrol,Manual,1997,26.0,4,6,Yes,No,Yes,Normal,High,0.59,92.1,12.0,Good,32.2,90.7,Low,33.502510014112815,Medium,45.35420672511686,56,60.099999999999994,Recommended
239,Kia,Sonet,2023,6.07,Petrol,Manual,1290,13.5,3,2,Yes,No,Yes,Normal,Low,0.04,84.7,12.23,Poor,30.5,91.2,Low,22.98508700159569,Low,22.630781097309605,35,48.775,Consider
240,Toyota,Innova,2024,12.99,Diesel,Manual,1199,18.2,4,4,Yes,Yes,Yes,Calm,Low,0.13,83.7,12.07,Good,31.1,86.5,Low,21.251703233105705,Low,18.682834768631878,78,68.83,Recommended
241,Skoda,Kushaq,2026,11.04,Diesel,Automatic,1997,13.3,5,6,Yes,Yes,Yes,Risky,Low,0.18,81.4,12.01,Moderate,32.3,68.7,Low,27.848027532264407,Medium,39.00350751344697,76,72.195,Recommended
242,Kia,Seltos,2019,8.17,CNG,Automatic,1290,28.3,4,6,Yes,Yes,Yes,Risky,Low,0.11,95.6,12.5,Good,30.8,50.8,Low,21.361794940092608,Medium,38.10129625258651,75,77.995,Highly Recommended
243,Kia,Carens,2025,13.71,Petrol,Manual,1197,20.5,5,6,Yes,Yes,Yes,Aggressive,Low,0.09,90.0,12.57,Good,29.7,77.2,Low,6.196942617203468,Low,23.788410259321683,91,75.025,Highly Recommended
244,Mahindra,XUV700,2023,12.87,Petrol,Manual,1197,18.5,5,6,Yes,Yes,No,Calm,Low,0.19,93.7,12.48,Good,31.7,76.4,Low,9.718134859371187,Low,9.048003593932803,95,70.525,Recommended
245,Skoda,Kushaq,2023,7.1,Diesel,Manual,1199,23.6,4,6,Yes,Yes,Yes,Normal,Low,0.19,81.1,12.25,Good,38.0,82.5,Low,14.156805753153591,Low,18.622692580767822,83,71.89,Recommended
246,Kia,Seltos,2025,16.85,CNG,Automatic,998,25.6,5,7,Yes,Yes,Yes,Normal,Medium,0.15,78.9,12.47,Moderate,31.1,96.4,Low,0.0,Low,28.252662429329398,86,82.54,Highly Recommended
247,Volkswagen,Virtus,2021,17.09,CNG,Manual,1997,26.7,2,4,Yes,No,Yes,Normal,High,0.3,90.5,12.88,Moderate,30.9,78.4,Low,10.523381732801642,Medium,42.94266398195236,34,54.305,Consider
248,Mahindra,XUV700,2024,12.39,Petrol,Manual,1497,17.0,4,6,Yes,Yes,Yes,Normal,Low,0.0,101.2,12.43,Good,28.6,70.9,Low,12.423420668397926,Low,15.878895058034182,85,71.8,Recommended
249,Skoda,Kushaq,2022,11.26,CNG,Manual,1997,28.9,3,4,Yes,No,Yes,Risky,Low,0.0,82.9,11.59,Good,35.0,84.1,Low,26.50233836086264,Low,28.988885774883542,51,62.285,Recommended
250,Honda,Amaze,2019,12.16,Petrol,Manual,1290,21.2,4,6,Yes,Yes,Yes,Aggressive,Medium,0.2,96.5,11.84,Moderate,30.7,74.7,Low,24.12521420196891,Medium,41.38114424135216,68,64.78,Recommended
251,Renault,Kwid,2023,5.15,Petrol,Manual,1498,17.8,4,2,Yes,Yes,Yes,Normal,Medium,0.14,84.9,12.92,Good,33.3,61.5,Low,10.768428222821756,Low,22.888004427532753,74,66.97,Recommended
252,Mahindra,XUV 3XO,2024,14.88,Petrol,Manual,1597,24.6,5,6,Yes,Yes,Yes,Normal,Low,0.05,87.4,12.78,Good,32.8,71.3,Low,0.0,Low,11.282358301669351,96,77.89,Highly Recommended
253,Toyota,Hyryder,2025,16.41,Diesel,Manual,1290,18.1,4,2,Yes,Yes,Yes,Normal,Medium,0.32,88.7,11.72,Moderate,32.7,92.6,Low,20.902617984366923,Medium,33.71175306978883,63,62.065,Recommended
254,Honda,City,2023,14.44,Petrol,Automatic,1199,20.1,5,7,Yes,Yes,Yes,Calm,Medium,0.19,83.3,12.62,Good,33.7,63.7,Low,14.558040544121432,Low,16.713518650567362,94,81.315,Highly Recommended
255,Toyota,Glanza,2026,21.56,Electric,Manual,0,369.5,5,6,Yes,Yes,Yes,Normal,High,0.46,102.5,12.54,Good,33.5,64.4,Low,15.393252791677698,Medium,43.706305559164015,82,85.75625,Highly Recommended
256,Mahindra,XUV700,2019,15.83,Electric,Manual,0,327.5,4,7,Yes,Yes,No,Normal,Low,0.0,84.9,12.22,Good,33.4,94.9,Low,0.0,Low,12.346329349333928,90,81.78125,Highly Recommended
257,Mahindra,XUV 3XO,2020,14.06,Diesel,Automatic,1497,22.2,4,6,Yes,Yes,Yes,Aggressive,High,0.32,91.0,12.98,Moderate,34.0,78.7,Low,3.4913389538099553,Medium,53.36819162703574,67,69.48,Recommended
258,Hyundai,Creta,2023,5.58,Diesel,Manual,998,16.0,3,6,Yes,No,Yes,Calm,Low,0.01,99.7,12.66,Good,29.7,70.3,Low,9.29213831943345,Low,9.733648696362362,64,62.2,Recommended
259,Honda,Amaze,2021,11.87,Electric,Manual,0,205.7,4,6,Yes,Yes,Yes,Normal,Low,0.22,87.6,12.96,Good,33.8,66.4,Low,3.502990837885317,Low,9.903437927342559,88,82.31375,Highly Recommended
260,Volkswagen,Virtus,2020,5.38,Petrol,Automatic,1497,23.8,3,2,Yes,No,Yes,Normal,Medium,0.25,89.0,12.99,Good,32.1,77.7,Low,6.441189761644786,Low,22.440777954316992,52,62.97,Recommended
261,Kia,Seltos,2022,13.41,Petrol,Automatic,1197,18.2,4,6,Yes,Yes,Yes,Normal,Low,0.08,87.7,13.36,Good,35.1,78.6,Low,9.56709415146745,Low,11.879834357645498,86,77.43,Highly Recommended
262,Volkswagen,Virtus,2020,8.88,Petrol,Manual,1498,18.2,5,7,Yes,Yes,Yes,Normal,High,0.39,91.4,11.9,Good,33.3,74.2,Medium,35.10852812413197,Medium,49.047324502571314,80,69.72999999999999,Recommended
263,Maruti Suzuki,Baleno,2023,12.67,Petrol,Manual,1997,18.5,3,2,Yes,No,Yes,Aggressive,High,0.42,86.7,12.39,Good,34.0,100.0,Low,2.92743116123041,Medium,54.61325689449707,41,52.224999999999994,Consider
264,Toyota,Urban Cruiser,2020,12.81,Petrol,Manual,2198,17.9,4,6,Yes,Yes,No,Normal,Low,0.13,81.4,12.51,Moderate,28.6,69.9,Low,8.918587007418186,Low,19.253918176222886,78,62.785000000000004,Recommended
265,Toyota,Innova,2024,13.15,Diesel,Manual,1997,19.5,3,4,Yes,No,No,Normal,High,0.37,78.9,13.23,Good,32.1,98.3,Low,3.9023919732274064,Medium,35.89748507001304,52,51.325,Consider
266,Kia,Seltos,2024,8.35,Electric,Manual,0,347.1,5,2,Yes,Yes,Yes,Normal,Medium,0.13,95.1,13.5,Good,31.8,71.5,Low,7.742520932118185,Low,29.839063597358965,80,84.01625,Highly Recommended
267,Kia,Sonet,2019,7.95,Petrol,Manual,1498,16.7,4,2,Yes,No,Yes,Normal,Low,0.17,88.0,12.55,Good,32.3,85.7,Low,6.643002921355642,Low,15.680803615648365,63,61.855000000000004,Recommended
268,Renault,Kwid,2025,6.75,Petrol,Automatic,1997,18.2,4,2,Yes,No,Yes,Normal,Medium,0.1,81.0,12.32,Good,32.9,89.1,Low,1.0678649011230088,Low,19.251890769559992,62,66.63,Recommended
269,Tata,Punch,2023,12.5,Petrol,Manual,1997,21.1,3,2,Yes,No,Yes,Normal,Low,0.15,88.3,12.38,Good,31.2,91.0,Low,0.0,Low,10.83369655282289,57,59.815,Consider
270,Mahindra,XUV700,2019,13.46,CNG,Automatic,998,22.8,5,6,Yes,Yes,No,Aggressive,Low,0.13,110.7,12.97,Good,29.8,76.5,Low,25.706634884500172,Medium,30.438138462505076,85,75.67,Highly Recommended
271,Honda,Elevate,2026,8.18,Petrol,Automatic,1997,13.8,4,6,Yes,Yes,Yes,Risky,Medium,0.21,77.5,11.6,Good,30.1,91.1,Low,28.656737889400198,Medium,43.72273070150721,72,70.47,Recommended
272,Maruti Suzuki,Swift,2023,6.44,CNG,Manual,1290,23.7,3,6,Yes,No,Yes,Normal,Medium,0.24,90.7,12.07,Good,34.3,100.0,Low,22.751539086120935,Low,20.21031711691427,59,65.105,Recommended
273,Toyota,Glanza,2026,12.18,Petrol,Manual,1497,18.9,4,7,Yes,No,No,Aggressive,Medium,0.34,100.6,12.56,Good,35.4,88.7,Low,4.3427237066620386,Medium,32.66545733792435,67,57.985,Consider
274,Maruti Suzuki,Fronx,2022,9.78,Petrol,Manual,1997,23.7,4,7,Yes,Yes,Yes,Normal,Low,0.12,99.4,13.41,Good,33.3,86.4,Low,11.39812885757374,Low,13.995918538956936,87,73.705,Recommended
275,Toyota,Glanza,2024,16.09,Petrol,Automatic,998,22.1,5,2,Yes,Yes,Yes,Normal,Low,0.11,83.3,11.97,Good,33.3,77.6,Low,25.01598324448787,Low,13.38467833851496,84,77.11500000000001,Highly Recommended
276,Honda,City,2019,15.05,Electric,Manual,0,243.5,4,6,Yes,Yes,Yes,Normal,Medium,0.19,90.0,13.4,Good,36.5,78.1,Low,16.57448112932463,Low,25.800804499785276,80,80.13125,Highly Recommended
277,Maruti Suzuki,Baleno,2019,6.68,Petrol,Manual,1498,19.0,5,6,Yes,Yes,Yes,Aggressive,Medium,0.17,83.3,12.67,Good,34.9,59.2,Low,12.959620150040687,Low,29.677585781241948,88,73.45,Recommended
278,Hyundai,Creta,2020,4.5,Diesel,Manual,1497,21.9,4,6,Yes,Yes,No,Aggressive,Low,0.22,85.8,12.83,Moderate,32.0,81.5,Low,12.25375518749209,Low,24.058981509568937,76,62.485,Recommended
279,Mahindra,Scorpio,2019,17.78,Electric,Manual,0,420.8,5,6,Yes,No,Yes,Normal,Low,0.1,79.5,12.92,Good,31.6,77.4,Low,11.487690258519994,Low,9.49347376194987,80,86.0,Highly Recommended
280,Kia,Carens,2021,6.13,Petrol,Automatic,1290,20.1,5,7,Yes,Yes,Yes,Normal,High,0.4,91.4,12.5,Moderate,33.8,77.2,Low,14.488673950073496,Medium,42.16904488208025,79,74.565,Recommended
281,Tata,Curvv,2023,9.25,CNG,Automatic,1290,22.4,3,6,Yes,No,Yes,Normal,Low,0.22,92.4,12.9,Good,31.6,62.1,Low,13.764622793875198,Low,10.499054752989462,63,71.71000000000001,Recommended
282,Maruti Suzuki,Brezza,2026,11.67,Diesel,Manual,1497,20.1,4,6,Yes,Yes,Yes,Normal,Low,0.17,94.2,12.06,Good,30.7,78.2,Medium,36.81472207895324,Low,16.629948936091793,81,70.465,Recommended
283,Maruti Suzuki,Fronx,2024,6.03,Diesel,Manual,1290,20.2,4,6,Yes,Yes,Yes,Aggressive,Low,0.17,93.1,12.15,Good,26.4,61.6,Low,11.277652197882105,Low,24.696664706424087,82,70.93,Recommended
284,Hyundai,Verna,2020,10.58,Petrol,Manual,1290,20.4,3,4,Yes,No,Yes,Normal,Low,0.13,98.0,12.87,Good,33.7,87.6,Low,4.309662635242177,Low,15.995463690541756,59,60.61,Recommended
285,Hyundai,i20,2023,9.67,CNG,Manual,998,24.9,5,4,Yes,Yes,No,Normal,Medium,0.15,72.5,12.75,Good,32.3,83.6,Low,8.751764194462602,Low,17.183932344655762,89,72.785,Recommended
286,Tata,Harrier,2023,10.86,Petrol,Automatic,1290,15.5,4,6,Yes,Yes,Yes,Aggressive,High,0.39,91.5,12.24,Moderate,36.1,100.0,Low,2.9871035560118933,Medium,50.504031621079555,68,68.92500000000001,Recommended
287,Honda,Amaze,2025,11.18,CNG,Manual,998,25.6,4,6,Yes,Yes,Yes,Normal,Medium,0.25,84.7,12.12,Good,33.0,85.4,Low,12.620575739973063,Low,19.780630662725706,83,76.19,Highly Recommended
288,Skoda,Slavia,2021,11.09,CNG,Manual,998,22.0,4,6,Yes,Yes,No,Normal,Low,0.1,83.0,12.63,Good,36.2,98.1,Low,3.8291956617580434,Low,13.513867757171942,87,71.44999999999999,Recommended
289,Hyundai,Venue,2025,11.74,CNG,Automatic,1997,26.4,4,2,Yes,No,No,Risky,Low,0.11,87.3,12.51,Good,38.0,80.8,Low,10.032990752126254,Low,28.454093175239432,58,64.06,Recommended
290,Maruti Suzuki,Swift,2021,10.08,Petrol,Automatic,1597,12.8,5,6,Yes,Yes,Yes,Aggressive,Medium,0.22,71.6,12.7,Good,32.9,86.8,Low,2.561619438304693,Low,26.954440979115912,90,78.42,Highly Recommended
291,Volkswagen,Taigun,2020,9.26,Electric,Automatic,0,303.5,4,6,Yes,Yes,No,Normal,Medium,0.18,86.8,11.62,Moderate,32.0,80.5,Low,28.71938456010087,Low,28.57696697292229,72,77.78125,Highly Recommended
292,Toyota,Hyryder,2022,12.71,Petrol,Manual,1597,18.3,4,6,Yes,Yes,Yes,Aggressive,Low,0.09,84.4,11.76,Good,32.6,90.7,Low,20.597715488466026,Medium,30.38153450190667,78,68.845,Recommended
293,Honda,Amaze,2022,5.3,CNG,Automatic,1197,29.1,3,2,Yes,No,Yes,Normal,Medium,0.33,92.6,13.49,Good,31.0,68.8,Low,2.985019114046862,Low,24.485616908775185,52,67.765,Recommended
294,Hyundai,Exter,2022,7.02,Petrol,Manual,1498,22.5,4,6,Yes,No,Yes,Calm,Medium,0.43,77.4,12.39,Good,30.8,93.5,Low,4.637255071776504,Low,24.20920149018928,68,64.975,Recommended
295,Tata,Altroz,2023,10.3,Petrol,Manual,1199,13.0,5,6,Yes,Yes,Yes,Calm,Low,0.12,85.6,11.66,Good,33.7,51.3,Medium,42.717662243486096,Low,11.462782103568436,90,73.45,Recommended
296,Mahindra,XUV 3XO,2024,15.76,Petrol,Manual,1497,12.6,4,6,Yes,Yes,Yes,Aggressive,Low,0.21,81.9,12.61,Moderate,31.5,82.8,Low,0.0,Medium,39.84497615855874,72,65.28999999999999,Recommended
297,Renault,Kiger,2023,6.81,Petrol,Automatic,1597,17.3,4,6,Yes,Yes,Yes,Normal,Low,0.21,105.8,12.64,Good,32.4,97.7,Low,5.709011324835386,Low,13.086729761153356,87,77.745,Highly Recommended
298,Hyundai,Verna,2025,10.88,Petrol,Manual,1197,20.9,4,6,Yes,Yes,No,Aggressive,Low,0.21,81.0,12.68,Good,31.4,81.1,Low,2.7369526036919805,Low,26.84147481068615,82,65.035,Recommended
299,Renault,Kiger,2024,11.55,CNG,Automatic,1997,23.9,4,2,Yes,Yes,Yes,Normal,Medium,0.27,94.2,12.85,Good,32.7,74.0,Low,13.392318123883301,Low,25.766763543832656,73,76.435,Highly Recommended
300,Hyundai,Creta,2024,10.09,Petrol,Manual,2198,20.8,5,6,Yes,Yes,Yes,Normal,Medium,0.24,82.3,12.42,Poor,34.3,66.4,Low,31.586718242935103,Medium,30.09322631480888,70,65.62,Recommended
301,Toyota,Innova,2020,13.74,Diesel,Manual,1199,23.2,5,6,Yes,Yes,Yes,Risky,Low,0.17,77.8,12.12,Moderate,33.9,77.7,Low,13.489343167252816,Medium,46.66094651497713,76,68.68,Recommended
302,Volkswagen,Taigun,2025,14.0,CNG,Manual,1497,20.1,5,6,Yes,Yes,No,Aggressive,Medium,0.23,88.2,11.92,Good,30.7,68.3,Medium,37.501152818812855,Medium,39.23289067518383,81,68.465,Recommended
303,Maruti Suzuki,Brezza,2026,11.72,Electric,Manual,0,393.0,4,6,Yes,Yes,No,Calm,Low,0.26,102.0,13.03,Moderate,31.5,86.6,Low,19.05987247635523,Low,17.935076488857806,77,78.38749999999999,Highly Recommended
304,Toyota,Urban Cruiser,2025,12.39,Petrol,Automatic,2198,18.4,5,4,Yes,Yes,Yes,Normal,Low,0.23,99.4,12.59,Good,31.6,85.9,Low,11.204825762496073,Low,14.83305754900595,89,78.81,Highly Recommended
305,Renault,Kiger,2026,14.02,Petrol,Manual,1290,28.5,3,6,Yes,No,Yes,Calm,High,0.42,89.2,12.74,Moderate,31.4,77.7,Low,0.0,Medium,36.75475918110961,50,57.775,Consider
306,Hyundai,Exter,2019,4.5,Petrol,Manual,1498,13.8,2,6,Yes,No,Yes,Normal,Medium,0.15,95.3,13.8,Good,33.7,50.9,Low,21.96884461108752,Low,21.172911345792425,50,55.57,Consider
307,Kia,Sonet,2023,15.07,Diesel,Manual,1997,19.8,5,7,Yes,Yes,Yes,Normal,Low,0.11,88.8,13.19,Good,32.4,75.0,Low,8.497214820726805,Low,17.418368342713297,95,76.72,Highly Recommended
308,Toyota,Glanza,2020,8.09,Petrol,Manual,1597,16.4,4,4,Yes,Yes,Yes,Normal,Medium,0.18,89.3,12.28,Good,34.3,81.6,Low,4.8702877262607425,Low,18.735258511710253,81,69.91,Recommended
309,Mahindra,XUV 3XO,2022,9.35,Petrol,Manual,1498,19.8,5,6,Yes,No,Yes,Aggressive,Medium,0.11,86.7,12.68,Good,33.8,89.5,Low,3.9098809814974884,Low,28.72950547909181,74,67.27000000000001,Recommended
310,Hyundai,Verna,2020,8.8,Diesel,Manual,1498,20.7,4,6,Yes,Yes,No,Normal,Low,0.07,94.0,11.51,Moderate,36.0,99.6,Low,24.089033602692613,Low,15.193276895476615,77,62.754999999999995,Recommended
311,Skoda,Kushaq,2024,14.97,CNG,Automatic,1197,31.4,3,4,Yes,No,Yes,Aggressive,Low,0.19,84.3,12.87,Good,30.2,72.0,Low,3.814728222883817,Medium,32.75743823432644,53,68.56,Recommended
312,Maruti Suzuki,Brezza,2022,5.89,Diesel,Manual,1197,17.8,5,4,Yes,Yes,No,Calm,Medium,0.23,91.5,13.24,Good,33.6,88.8,Low,0.0,Low,15.746671718121824,90,68.17,Recommended
313,Toyota,Urban Cruiser,2019,12.19,Petrol,Manual,1197,10.0,3,6,Yes,No,Yes,Normal,High,0.19,90.5,12.0,Good,28.6,89.7,Low,27.412318257837732,Medium,43.04813556431514,50,55.0,Consider
314,Toyota,Hyryder,2022,11.44,Diesel,Manual,998,22.4,5,2,Yes,No,Yes,Normal,Medium,0.16,84.1,13.28,Moderate,32.4,74.1,Low,21.294893057190144,Medium,32.4200419553857,56,59.56,Consider
315,Renault,Kwid,2024,9.1,Electric,Manual,0,374.1,3,6,Yes,No,No,Calm,Low,0.28,95.0,12.92,Good,31.3,56.2,Low,21.738701140239083,Low,13.564218419235143,61,70.47874999999999,Recommended
316,Maruti Suzuki,Swift,2024,7.77,Petrol,Automatic,1597,22.1,5,6,Yes,Yes,No,Normal,High,0.49,99.7,12.66,Poor,31.9,92.3,Low,25.288845555467866,Medium,51.7416046428634,63,61.665000000000006,Recommended
317,Kia,Carens,2021,11.73,Electric,Manual,0,305.9,4,2,Yes,Yes,Yes,Normal,Low,0.04,94.9,12.63,Moderate,32.2,70.8,Low,20.741230471874488,Low,17.987838060064153,69,77.52125000000001,Highly Recommended
318,Mahindra,Scorpio,2024,18.18,Petrol,Manual,1997,12.5,3,2,Yes,No,Yes,Normal,Low,0.15,82.6,12.52,Good,29.3,78.5,Low,11.753376842266611,Low,5.234743517610637,57,58.525000000000006,Consider
319,Toyota,Glanza,2026,14.6,CNG,Automatic,2198,30.1,4,4,Yes,No,Yes,Normal,Medium,0.2,84.8,12.44,Good,33.4,66.8,Low,12.303496016636064,Low,28.961766456402096,61,71.965,Recommended
320,Honda,City,2022,5.61,Diesel,Manual,1197,25.2,5,6,Yes,Yes,Yes,Aggressive,Low,0.22,95.0,12.59,Good,31.3,77.9,Low,6.926878037680902,Low,29.016259797201037,89,74.83000000000001,Recommended
321,Honda,Elevate,2022,15.78,Electric,Automatic,0,351.3,4,4,Yes,No,Yes,Calm,Medium,0.29,87.3,13.31,Moderate,31.4,75.4,Low,2.026792856709947,Low,21.65309261296526,59,79.72375,Highly Recommended
322,Renault,Triber,2020,5.35,Petrol,Manual,1197,24.4,3,7,Yes,No,Yes,Normal,Low,0.1,93.0,12.95,Good,32.5,91.9,Low,0.0,Low,12.04938182970456,67,64.81,Recommended
323,Hyundai,Verna,2024,12.13,Petrol,Manual,1290,16.7,3,2,Yes,No,Yes,Normal,Low,0.1,90.6,11.59,Moderate,38.0,76.2,Low,28.03437483141834,Low,19.974428000398735,44,53.305,Consider
324,Renault,Triber,2025,10.24,Diesel,Manual,1498,22.9,4,4,Yes,Yes,Yes,Normal,Medium,0.15,84.2,13.17,Good,30.6,60.8,Low,4.361492568002818,Low,16.994877465909255,81,70.885,Recommended
325,Volkswagen,Virtus,2023,16.56,CNG,Manual,1199,24.3,5,6,Yes,Yes,Yes,Risky,Medium,0.19,96.9,11.85,Good,35.1,79.2,Low,33.48131535470066,Medium,52.84360954451043,76,72.845,Recommended
326,Renault,Kiger,2021,4.5,CNG,Manual,1997,20.9,4,6,Yes,Yes,Yes,Risky,Low,0.09,95.1,12.61,Moderate,32.4,74.3,Low,2.6263755595272222,Medium,33.32106122475304,74,71.435,Recommended
327,Renault,Kwid,2023,14.62,Electric,Manual,0,351.7,3,6,Yes,No,No,Calm,Medium,0.32,90.5,12.39,Good,32.0,83.7,Low,1.8707604881227233,Low,29.681594435642488,58,68.28875,Recommended
328,Skoda,Kushaq,2019,13.15,Petrol,Manual,2198,23.0,5,4,Yes,No,Yes,Calm,Low,0.08,85.6,13.27,Moderate,29.6,100.0,Low,3.1227421294418116,Low,21.081480996170097,67,64.6,Recommended
329,Skoda,Kushaq,2021,6.33,Diesel,Automatic,2198,23.1,4,6,Yes,Yes,Yes,Normal,Medium,0.26,102.5,13.17,Moderate,30.7,84.3,Low,11.39359038992825,Low,23.602377126870316,76,73.665,Recommended
330,Mahindra,XUV 3XO,2020,19.3,Electric,Manual,0,280.3,5,7,Yes,Yes,Yes,Normal,Medium,0.21,93.9,12.3,Good,29.2,68.3,Low,21.835554581071698,Low,23.49169956686853,91,86.46125,Highly Recommended
331,Toyota,Urban Cruiser,2026,14.36,Electric,Automatic,0,424.8,5,2,Yes,Yes,Yes,Risky,Medium,0.24,87.7,13.17,Good,29.2,96.6,Low,0.0,Medium,43.182187094815816,77,89.65,Highly Recommended
332,Maruti Suzuki,Baleno,2026,9.52,Petrol,Manual,1199,22.2,5,2,Yes,Yes,Yes,Calm,Medium,0.21,88.2,13.27,Poor,32.0,71.2,Medium,37.39586750104249,Medium,34.40167343166085,59,60.879999999999995,Recommended
333,Maruti Suzuki,Baleno,2020,4.81,CNG,Manual,998,25.4,4,6,Yes,Yes,Yes,Normal,Medium,0.28,88.5,11.94,Moderate,32.4,100.0,Low,27.2863543163928,Medium,32.4446006277381,71,70.75999999999999,Recommended
334,Maruti Suzuki,Baleno,2023,5.23,Petrol,Automatic,1197,18.8,4,2,Yes,Yes,No,Normal,Medium,0.36,92.6,12.25,Good,31.9,66.5,Low,9.179348911280723,Medium,30.24209608130685,72,65.22,Recommended
335,Tata,Altroz,2021,4.5,Petrol,Automatic,1197,18.9,4,6,Yes,Yes,Yes,Aggressive,Low,0.18,89.1,12.94,Moderate,32.3,68.3,Low,13.08492278781441,Low,26.99236364792072,75,72.58500000000001,Recommended
336,Hyundai,Creta,2022,5.63,Diesel,Automatic,1498,17.6,4,4,Yes,Yes,Yes,Normal,Low,0.17,89.5,12.99,Good,32.9,97.1,Low,0.0,Low,12.2381473034382,84,76.44,Highly Recommended
337,Honda,City,2022,14.73,Petrol,Automatic,2198,14.9,4,6,Yes,Yes,Yes,Calm,Low,0.2,85.0,12.48,Good,36.2,35.5,Low,17.79027825505448,Low,10.02216337116719,86,76.935,Highly Recommended
338,Kia,Seltos,2022,11.19,Petrol,Manual,1290,21.2,4,4,Yes,Yes,No,Normal,Medium,0.18,96.8,12.77,Good,29.5,72.4,Low,6.84770756271295,Low,19.779235164282696,80,64.18,Recommended
339,Kia,Sonet,2021,10.42,Diesel,Manual,998,22.8,3,2,Yes,No,Yes,Normal,Medium,0.23,90.9,12.44,Moderate,34.1,82.3,Low,3.4099168902427035,Low,28.750891586728955,44,54.22,Consider
340,Tata,Altroz,2021,7.32,Petrol,Manual,1498,17.2,4,4,Yes,Yes,Yes,Aggressive,Low,0.17,89.6,12.82,Poor,31.6,77.1,Low,31.133210498058258,Medium,33.886249595271465,56,58.78,Consider
341,Tata,Punch,2019,13.5,CNG,Manual,1290,26.7,4,6,Yes,Yes,Yes,Aggressive,Medium,0.33,90.7,12.18,Good,33.3,74.2,Low,6.707646891436995,Medium,33.98290525606268,79,74.555,Recommended
342,Skoda,Slavia,2021,11.88,Petrol,Automatic,1497,18.4,4,6,Yes,No,Yes,Aggressive,Low,0.07,80.7,12.23,Good,30.0,79.4,Low,2.382716610440676,Low,15.756032443971911,71,70.71000000000001,Recommended
343,Maruti Suzuki,Fronx,2021,8.42,Diesel,Automatic,1497,25.1,4,6,Yes,Yes,Yes,Aggressive,Low,0.0,87.3,12.18,Good,31.0,90.2,Low,2.867150465160045,Low,17.356371143200175,85,78.015,Highly Recommended
344,Volkswagen,Virtus,2019,16.43,CNG,Automatic,1597,23.1,5,2,Yes,Yes,Yes,Risky,High,0.25,78.3,12.32,Good,27.7,90.3,Low,0.0,High,65.97320624850302,69,74.515,Recommended
345,Tata,Nexon,2021,11.02,Petrol,Automatic,998,17.3,4,4,Yes,Yes,Yes,Normal,Medium,0.36,78.7,13.23,Good,32.0,70.6,Low,8.571356642310727,Low,29.405428945422194,76,72.795,Recommended
346,Skoda,Slavia,2022,9.65,Petrol,Automatic,1290,15.5,4,7,Yes,Yes,Yes,Normal,Medium,0.31,83.9,11.87,Good,26.2,94.7,Low,20.787062710583797,Medium,32.5252012823096,79,73.875,Recommended
347,Honda,Elevate,2024,7.09,Petrol,Manual,1597,21.1,5,6,Yes,Yes,No,Normal,Medium,0.34,82.6,13.17,Moderate,31.7,85.9,Low,6.584514407969801,Low,29.572526749758808,83,65.515,Recommended
348,Renault,Kiger,2023,7.42,CNG,Automatic,1290,22.6,4,2,Yes,No,Yes,Risky,Low,0.24,94.2,12.33,Good,35.5,72.7,Low,8.49221981826351,Medium,45.288938702545806,52,66.79,Recommended
349,Volkswagen,Taigun,2023,18.06,CNG,Manual,1497,25.1,3,6,Yes,No,Yes,Normal,High,0.27,98.9,13.02,Good,29.1,100.0,Low,2.620341364764267,Medium,32.97918063672992,57,64.415,Recommended
350,Hyundai,Venue,2021,14.88,Electric,Manual,0,329.4,4,2,Yes,Yes,Yes,Normal,Medium,0.25,77.0,13.18,Poor,34.6,76.2,Low,31.38789682510403,Medium,38.684049708844,51,70.3025,Recommended
351,Hyundai,Verna,2025,13.38,CNG,Automatic,1498,26.0,4,4,Yes,Yes,Yes,Calm,Low,0.12,88.9,12.22,Good,29.5,100.0,Low,5.295593301040925,Low,9.492376422526204,84,81.7,Highly Recommended
352,Tata,Curvv,2025,9.35,CNG,Automatic,1497,24.3,5,6,Yes,Yes,Yes,Calm,Low,0.08,97.7,12.45,Moderate,30.0,89.1,Low,7.36665759719736,Low,11.289030333332946,89,83.69500000000001,Highly Recommended
353,Honda,City,2019,4.5,Diesel,Automatic,1997,24.7,4,2,Yes,Yes,Yes,Normal,High,0.37,81.0,13.24,Good,33.2,77.8,Low,1.295165107627839,Medium,45.5857355846242,68,70.305,Recommended
354,Kia,Sonet,2026,13.64,Electric,Automatic,0,358.1,5,7,Yes,Yes,Yes,Normal,Low,0.02,93.3,12.11,Good,32.0,79.8,Low,0.18951529891120344,Low,9.476776538047934,99,97.97875,Highly Recommended
355,Skoda,Kushaq,2025,12.67,Petrol,Manual,998,15.4,5,4,Yes,Yes,No,Normal,Medium,0.21,82.0,12.54,Moderate,29.4,56.1,Low,10.031103812212999,Medium,33.62935033599923,77,61.96,Recommended
356,Tata,Curvv,2022,6.42,CNG,Automatic,1997,25.1,5,6,Yes,Yes,Yes,Normal,Low,0.0,82.1,12.39,Good,31.2,58.4,Low,21.57978026775006,Low,4.309565606093523,95,86.515,Highly Recommended
357,Renault,Kwid,2025,4.5,Petrol,Manual,1498,18.2,4,2,Yes,Yes,Yes,Calm,High,0.49,84.9,12.17,Moderate,31.5,76.6,Low,4.0365113169911355,Medium,34.70765898786776,65,62.980000000000004,Recommended
358,Tata,Harrier,2021,15.02,Petrol,Manual,2198,21.7,5,7,Yes,Yes,No,Normal,Low,0.1,87.7,12.35,Good,30.2,75.1,Low,0.0,Low,18.892359579090037,95,71.005,Recommended
359,Volkswagen,Taigun,2020,15.13,Petrol,Automatic,1597,14.7,5,6,Yes,Yes,Yes,Normal,Medium,0.34,74.9,12.75,Moderate,36.9,54.3,Low,24.043155285158164,Low,28.56211702740439,80,74.205,Recommended
360,Hyundai,i20,2020,5.96,Diesel,Manual,1498,23.2,3,6,Yes,No,Yes,Normal,Low,0.12,92.9,12.99,Good,29.4,79.1,Low,11.118247930520363,Low,6.557098776112198,65,63.73,Recommended
361,Skoda,Kushaq,2025,15.17,Petrol,Manual,1290,13.4,4,2,Yes,Yes,Yes,Calm,Medium,0.19,89.1,12.2,Good,33.2,65.9,Low,12.407557466837861,Low,19.29606127442242,75,66.75999999999999,Recommended
362,Tata,Harrier,2021,9.28,CNG,Manual,1290,29.5,4,6,Yes,Yes,Yes,Calm,Medium,0.23,85.2,12.29,Good,33.4,65.7,Low,17.495741260938736,Low,14.42825978399371,84,77.225,Highly Recommended
363,Skoda,Slavia,2022,10.72,Petrol,Manual,1197,19.5,5,6,Yes,Yes,Yes,Normal,High,0.41,101.8,12.91,Good,38.0,69.4,Low,24.087720076008672,Medium,40.30717377247775,82,70.82499999999999,Recommended
364,Volkswagen,Taigun,2019,15.19,CNG,Manual,1199,26.3,2,6,Yes,No,No,Normal,Medium,0.3,85.4,12.52,Moderate,26.3,86.8,Low,2.9505758700322344,Low,26.350727501785514,45,53.195,Consider
365,Kia,Carens,2025,14.68,CNG,Manual,1997,27.6,4,2,Yes,Yes,Yes,Normal,High,0.24,93.8,12.25,Good,35.1,58.4,Low,16.234313097435773,Medium,36.11722341512452,69,70.19,Recommended
366,Kia,Seltos,2020,13.39,Diesel,Automatic,1597,20.4,4,2,Yes,No,No,Calm,Medium,0.3,96.2,12.58,Moderate,31.7,80.9,Low,4.061998811065914,Low,24.559447745691948,54,57.36,Consider
367,Maruti Suzuki,Swift,2020,10.85,Electric,Automatic,0,346.9,4,6,Yes,Yes,Yes,Aggressive,Low,0.13,86.7,12.31,Good,38.0,66.4,Low,8.970139957269035,Medium,36.77541643347259,78,88.10875,Highly Recommended
368,Toyota,Glanza,2026,11.67,Petrol,Manual,1597,18.3,5,7,Yes,Yes,No,Normal,Low,0.17,96.5,12.56,Good,34.1,81.2,Low,11.087432655089088,Low,13.9489485158705,95,70.495,Recommended
369,Maruti Suzuki,Fronx,2022,6.25,Petrol,Automatic,1497,19.1,5,2,Yes,Yes,Yes,Normal,Low,0.11,85.6,12.28,Poor,35.5,84.7,Low,24.81749922784637,Low,26.676471940055013,64,67.66499999999999,Recommended
370,Tata,Punch,2020,7.48,Petrol,Automatic,1597,19.7,4,6,Yes,Yes,Yes,Aggressive,High,0.28,95.1,12.06,Good,35.1,69.4,Low,32.31928657430951,Medium,44.551883996333856,72,71.35499999999999,Recommended
371,Renault,Triber,2026,10.51,Petrol,Manual,1498,17.2,5,2,Yes,Yes,Yes,Calm,Low,0.03,89.2,12.31,Good,28.3,54.5,Low,14.067869361526801,Low,6.2596201183003375,88,73.18,Recommended
372,Kia,Seltos,2021,15.6,Electric,Automatic,0,346.4,4,4,Yes,Yes,Yes,Risky,Medium,0.15,94.4,12.35,Moderate,29.2,67.8,Low,15.374674734242856,Medium,54.68198837370702,61,80.44,Highly Recommended
373,Toyota,Glanza,2020,18.6,Electric,Manual,0,298.2,2,4,Yes,No,Yes,Normal,High,0.4,94.3,12.27,Moderate,30.8,63.5,Low,14.418932209920408,Medium,45.408362499552325,33,61.0325,Recommended
374,Maruti Suzuki,Brezza,2022,11.67,Petrol,Manual,1290,19.3,5,6,Yes,Yes,Yes,Normal,Medium,0.27,101.0,12.71,Good,33.7,56.1,Low,23.166123366031442,Low,20.33296170064589,89,73.94500000000001,Recommended
375,Skoda,Kushaq,2025,10.83,Petrol,Automatic,1197,15.7,5,6,Yes,Yes,Yes,Normal,Medium,0.34,83.8,12.97,Good,29.9,75.1,Low,10.658126370722254,Low,22.370616989783304,91,79.305,Highly Recommended
376,Honda,City,2021,10.3,Petrol,Automatic,1199,16.8,4,6,Yes,Yes,Yes,Calm,Low,0.15,75.3,12.17,Moderate,29.9,100.0,Low,0.09430923362475856,Low,14.707078712903613,81,74.97,Recommended
377,Skoda,Slavia,2019,10.44,Diesel,Automatic,1290,20.2,3,6,Yes,No,No,Normal,Medium,0.33,92.7,12.3,Moderate,34.9,79.0,Low,21.170114081909535,Low,29.139608095956984,50,55.53,Consider
378,Toyota,Innova,2021,17.74,Petrol,Manual,998,17.3,3,2,Yes,No,No,Aggressive,Low,0.16,75.0,13.08,Good,33.3,87.3,Low,11.298982803819204,Low,23.780570448867866,51,50.545,Consider
379,Toyota,Urban Cruiser,2025,10.95,Petrol,Manual,1498,17.7,5,7,Yes,Yes,Yes,Calm,Low,0.12,88.6,12.3,Good,35.4,87.7,Low,7.73933480667428,Low,10.824920823537383,97,77.305,Highly Recommended
380,Kia,Seltos,2021,8.47,CNG,Automatic,998,19.4,4,6,Yes,Yes,Yes,Normal,High,0.46,86.9,12.81,Good,28.5,76.6,Low,2.0118795033565835,Medium,40.76751664713232,77,77.56,Highly Recommended
381,Tata,Harrier,2019,8.49,Petrol,Manual,1498,22.2,4,6,Yes,Yes,No,Normal,Low,0.34,86.1,11.65,Moderate,25.1,81.6,Low,30.488923801391095,Low,18.153350495324986,75,62.08,Recommended
382,Hyundai,Creta,2022,6.04,Diesel,Automatic,998,18.7,3,6,Yes,No,No,Calm,Low,0.14,89.4,11.85,Good,31.2,75.5,Low,33.816321881954046,Low,5.9222577739324205,62,60.705,Recommended
383,Honda,City,2024,8.26,CNG,Automatic,1199,28.2,4,2,Yes,Yes,No,Aggressive,Low,0.03,87.2,12.99,Moderate,35.1,95.0,Low,1.788691672108097,Low,17.25303449457045,72,70.63,Recommended
384,Renault,Triber,2026,7.92,Diesel,Manual,1597,25.4,4,6,Yes,Yes,Yes,Normal,Low,0.06,88.8,12.7,Good,34.1,80.2,Low,10.874228565761369,Low,11.976416432195327,86,73.51,Recommended
385,Skoda,Slavia,2020,14.97,Diesel,Manual,2198,17.9,2,2,Yes,No,No,Normal,Medium,0.23,66.9,12.32,Poor,33.2,92.4,Low,21.608711241132855,Medium,34.93737674950341,25,38.935,Not Recommended
386,Mahindra,Scorpio,2026,12.36,Electric,Automatic,0,290.3,4,6,Yes,Yes,No,Normal,Medium,0.05,84.1,12.48,Good,30.2,50.4,Low,13.354533538322809,Low,17.004968049521352,84,82.68625,Highly Recommended
387,Mahindra,Thar,2026,15.37,Petrol,Manual,1197,22.4,5,6,Yes,Yes,Yes,Normal,Low,0.15,91.0,12.71,Good,35.7,71.1,Low,12.71939509836185,Low,15.378544900016314,93,76.21000000000001,Highly Recommended
388,Tata,Curvv,2022,14.16,CNG,Manual,1197,26.3,5,4,Yes,Yes,Yes,Normal,Medium,0.19,85.2,12.24,Good,36.0,82.5,Low,4.9976398264988084,Low,25.830551318062973,86,77.64500000000001,Highly Recommended
389,Maruti Suzuki,Brezza,2023,9.86,Petrol,Manual,1497,21.6,4,6,Yes,Yes,Yes,Normal,Low,0.07,82.3,12.34,Moderate,28.4,68.2,Low,12.46111492317281,Low,21.463774336594394,77,68.89,Recommended
390,Honda,Amaze,2025,12.91,Petrol,Manual,1290,19.0,4,4,Yes,Yes,Yes,Normal,High,0.45,92.7,11.7,Good,30.9,88.7,Low,20.442335833797934,Medium,36.259703826786975,72,66.25,Recommended
391,Toyota,Innova,2019,10.69,Petrol,Automatic,1597,18.8,4,4,Yes,No,Yes,Aggressive,Low,0.0,94.0,12.5,Good,33.9,75.5,Low,4.746693300471436,Low,28.39123884579842,62,66.72,Recommended
392,Volkswagen,Virtus,2026,11.33,Petrol,Manual,1197,13.6,5,6,Yes,Yes,No,Normal,High,0.35,86.8,12.65,Moderate,32.0,82.6,Low,0.0,Medium,43.24271870972841,79,62.59,Recommended
393,Kia,Seltos,2024,13.25,Electric,Manual,0,402.8,5,4,Yes,Yes,No,Calm,Medium,0.29,78.7,12.13,Good,35.1,45.0,Low,26.122356079952077,Low,20.239459486287977,85,82.25,Highly Recommended
394,Mahindra,XUV700,2024,14.14,CNG,Manual,1290,26.9,3,6,Yes,No,Yes,Normal,Low,0.06,94.3,12.22,Moderate,30.6,94.1,Low,3.5510177352967034,Low,13.421945987720912,58,65.135,Recommended
395,Tata,Punch,2020,12.5,Petrol,Automatic,1597,16.9,3,2,Yes,No,Yes,Normal,Medium,0.16,86.0,12.74,Good,27.3,66.8,Low,4.023003237208739,Low,23.17624090392707,52,61.935,Recommended
396,Mahindra,XUV 3XO,2025,18.29,Electric,Automatic,0,324.1,5,4,Yes,Yes,Yes,Normal,Low,0.08,92.6,12.27,Moderate,25.9,73.5,Low,11.030449833925132,Low,14.959801530544647,83,89.50375,Highly Recommended
397,Toyota,Hyryder,2025,12.36,Petrol,Automatic,1199,22.6,4,7,Yes,No,Yes,Normal,Medium,0.21,78.2,11.91,Good,33.4,47.0,Medium,36.94345044731058,Low,29.673183558229535,63,67.74000000000001,Recommended
398,Renault,Triber,2021,6.27,Petrol,Automatic,1290,18.5,3,6,Yes,No,No,Normal,Low,0.09,87.8,12.75,Good,33.4,47.3,Low,20.643536942073183,Low,1.9258795017134567,65,62.025,Recommended
399,Maruti Suzuki,Baleno,2019,4.5,Petrol,Manual,1197,16.6,5,4,Yes,Yes,Yes,Normal,High,0.35,91.7,12.6,Good,27.2,80.0,Low,3.0846231738501126,Medium,36.68662950055382,83,70.84,Recommended
400,Volkswagen,Virtus,2022,7.17,Petrol,Manual,998,19.9,5,4,Yes,Yes,Yes,Aggressive,Low,0.03,105.9,12.01,Good,32.9,82.0,Low,33.301281479968004,Low,20.86095851789477,84,71.785,Recommended
401,Mahindra,Thar,2022,15.29,CNG,Automatic,2198,24.0,4,6,Yes,No,No,Normal,High,0.27,84.0,12.1,Good,29.8,86.4,Low,9.6108073670299,Medium,36.81550835433836,63,65.95,Recommended
402,Toyota,Urban Cruiser,2026,15.58,Petrol,Automatic,1498,19.4,4,2,Yes,Yes,Yes,Aggressive,Medium,0.0,92.5,12.03,Good,35.5,78.3,Low,33.82382915831765,Medium,30.61519072214481,68,69.50999999999999,Recommended
403,Hyundai,Verna,2024,10.13,Petrol,Automatic,1197,23.0,5,6,Yes,Yes,Yes,Normal,High,0.28,78.8,13.07,Good,31.4,78.2,Low,0.0,Medium,36.837750742172,87,78.6,Highly Recommended
404,Maruti Suzuki,Brezza,2023,9.04,Petrol,Automatic,1197,13.8,5,6,Yes,Yes,Yes,Risky,Low,0.06,89.2,12.51,Moderate,34.6,61.5,Low,8.26939266303697,Medium,35.10309891560783,80,74.07,Recommended
405,Kia,Sonet,2019,7.59,CNG,Automatic,1498,27.6,5,6,Yes,Yes,Yes,Normal,Low,0.18,85.1,12.73,Good,33.9,69.3,Low,15.003399366145253,Low,13.84390616973466,93,85.99000000000001,Highly Recommended
406,Volkswagen,Taigun,2023,10.7,Electric,Automatic,0,273.9,4,6,Yes,Yes,No,Calm,Low,0.06,78.7,12.86,Good,37.1,70.1,Low,14.694920898783963,Low,11.52878932239722,86,82.97125,Highly Recommended
407,Tata,Curvv,2023,11.57,Petrol,Automatic,1597,15.1,5,6,Yes,Yes,Yes,Aggressive,Medium,0.18,83.3,12.55,Poor,37.7,77.7,Low,33.38201331548473,Medium,42.280108892080904,65,67.515,Recommended
408,Hyundai,Verna,2021,9.69,Petrol,Automatic,2198,12.2,4,2,Yes,Yes,Yes,Normal,Medium,0.16,84.2,12.66,Moderate,33.9,76.7,Low,10.798083607772917,Medium,30.182514427693683,66,67.53,Recommended
409,Honda,Amaze,2019,11.25,CNG,Manual,1199,23.8,3,4,Yes,No,Yes,Normal,Low,0.09,76.3,12.44,Good,33.7,75.0,Low,0.0,Low,5.633354621669499,63,66.92,Recommended
410,Tata,Punch,2025,7.75,Petrol,Manual,1597,21.2,5,4,Yes,Yes,Yes,Normal,High,0.5,87.1,13.28,Moderate,33.9,85.3,Low,0.0,Medium,47.855238818549324,73,67.03,Recommended
411,Kia,Carens,2024,12.14,Diesel,Manual,1997,20.8,4,6,Yes,Yes,No,Normal,Low,0.01,83.9,12.27,Moderate,28.7,84.4,Low,6.701970325232697,Low,16.53440921869819,79,63.67,Recommended
412,Tata,Harrier,2023,8.5,Petrol,Manual,1199,12.5,4,4,Yes,Yes,Yes,Normal,Low,0.13,79.4,12.12,Poor,33.5,95.2,Low,29.478635662506452,Low,21.508645171440943,61,60.325,Recommended
413,Maruti Suzuki,Dzire,2025,7.07,Diesel,Manual,2198,22.8,5,4,Yes,Yes,Yes,Normal,Low,0.16,89.4,12.88,Good,31.7,57.2,Low,16.363510088024423,Low,19.76772070341479,87,73.57,Recommended
414,Kia,Carens,2026,6.2,Diesel,Automatic,2198,22.1,3,7,Yes,No,No,Calm,Low,0.19,89.5,12.75,Good,32.3,68.5,Low,17.342416720911565,Low,15.886237638008808,63,61.665000000000006,Recommended
415,Maruti Suzuki,Dzire,2020,7.38,CNG,Manual,998,28.8,4,2,Yes,No,Yes,Risky,High,0.48,99.4,12.82,Good,32.5,100.0,Low,0.3569420477885821,High,64.36327370835913,46,60.019999999999996,Recommended
416,Honda,City,2021,7.95,Petrol,Automatic,1997,23.3,4,6,Yes,Yes,Yes,Calm,Low,0.09,96.5,13.8,Good,32.2,58.5,Low,14.587592753414231,Low,6.945159064210784,87,78.645,Highly Recommended
417,Kia,Sonet,2021,14.39,Petrol,Manual,1197,14.8,4,6,Yes,Yes,Yes,Normal,Low,0.05,87.2,12.83,Good,29.9,88.9,Low,1.5433881334292021,Low,13.168218602194788,87,72.37,Recommended
418,Kia,Sonet,2025,12.81,Petrol,Manual,998,17.1,5,7,Yes,Yes,Yes,Normal,Medium,0.16,82.3,12.41,Good,29.6,87.7,Low,7.551745571120785,Low,18.001700693860172,95,76.315,Highly Recommended
419,Honda,City,2019,11.16,Petrol,Automatic,1197,20.7,3,4,Yes,No,Yes,Normal,Low,0.16,92.4,12.68,Moderate,30.2,94.5,Low,4.873664083069178,Low,14.125544566402365,53,62.955,Recommended
420,Honda,Amaze,2024,12.72,Petrol,Automatic,1997,17.0,3,6,Yes,No,Yes,Risky,Low,0.12,80.1,11.89,Good,30.3,67.2,Low,29.848432722643775,Medium,34.99101162845725,52,61.95,Recommended
421,Hyundai,Creta,2023,9.87,CNG,Automatic,1290,30.5,3,6,Yes,No,Yes,Calm,Low,0.02,100.3,12.02,Good,32.5,87.0,Medium,38.23428962083665,Low,8.646555488564141,60,71.575,Recommended
422,Toyota,Urban Cruiser,2019,12.44,Diesel,Manual,1997,17.9,4,6,Yes,Yes,No,Risky,Medium,0.19,80.1,12.53,Moderate,35.2,78.0,Low,6.9416168845335635,Medium,53.16720407572403,66,57.385,Consider
423,Skoda,Slavia,2019,7.65,CNG,Automatic,1197,27.5,3,4,Yes,No,Yes,Risky,Low,0.19,85.1,12.76,Poor,30.3,79.6,Low,29.401153745729566,Medium,48.41016349794622,29,57.175,Consider
424,Kia,Seltos,2024,10.81,CNG,Automatic,1290,25.7,4,2,Yes,Yes,Yes,Normal,Medium,0.23,85.1,12.6,Good,29.6,60.9,Low,20.22971578268232,Low,24.346376578032114,72,76.255,Highly Recommended
425,Renault,Kwid,2026,12.84,Petrol,Manual,1199,19.5,4,6,Yes,Yes,Yes,Aggressive,Medium,0.22,88.9,12.52,Good,35.3,60.3,Low,12.1842383224979,Medium,37.06647451585135,77,68.57499999999999,Recommended
426,Volkswagen,Virtus,2019,12.29,Petrol,Manual,1497,17.9,4,6,Yes,Yes,No,Normal,Medium,0.19,86.7,12.83,Moderate,29.5,89.4,Low,0.4563938462188495,Low,29.675686607364213,76,61.885000000000005,Recommended
427,Toyota,Glanza,2026,14.94,Diesel,Manual,1197,18.4,4,2,Yes,Yes,Yes,Normal,Medium,0.27,90.2,11.87,Poor,28.5,87.4,Medium,41.97404178434576,Medium,36.43346901302581,50,56.26,Consider
428,Skoda,Slavia,2026,10.98,Petrol,Manual,1199,20.6,2,2,Yes,No,Yes,Risky,Low,0.11,75.0,12.8,Moderate,33.4,74.7,Low,10.045196895581885,Medium,37.10001447436302,33,48.94,Consider
429,Hyundai,Exter,2026,18.11,CNG,Manual,1199,28.8,5,4,Yes,Yes,Yes,Risky,Low,0.12,79.4,12.24,Moderate,34.4,54.0,Low,17.53415435073338,Medium,37.02522660888125,74,72.62,Recommended
430,Skoda,Kushaq,2024,15.21,CNG,Manual,1997,22.7,5,6,Yes,Yes,No,Normal,Low,0.05,85.9,12.89,Moderate,32.6,77.8,Low,4.925936649585711,Low,13.895229016032516,88,72.005,Recommended
431,Renault,Kiger,2022,9.09,Electric,Manual,0,357.0,4,6,Yes,Yes,Yes,Normal,Low,0.27,74.3,12.46,Good,30.0,74.8,Low,10.478694925277697,Low,16.13803421489112,85,86.6375,Highly Recommended
432,Kia,Carens,2021,8.43,Petrol,Manual,1597,18.2,4,6,Yes,Yes,Yes,Normal,High,0.43,84.7,13.02,Moderate,32.4,87.5,Low,5.27281186886453,Medium,48.57560749485795,68,64.33,Recommended
433,Renault,Kiger,2026,11.27,Petrol,Manual,1498,21.4,3,2,Yes,No,No,Normal,Low,0.11,95.2,12.69,Good,31.1,81.5,Low,15.039263574763547,Low,11.98313816534672,55,52.96,Consider
434,Kia,Seltos,2022,14.61,Petrol,Automatic,998,19.3,4,4,Yes,Yes,Yes,Risky,Low,0.03,94.8,12.46,Moderate,35.3,99.9,Low,3.753734911703298,Medium,41.43517440762094,67,69.045,Recommended
435,Mahindra,Thar,2020,21.83,Electric,Manual,0,408.6,3,6,Yes,No,Yes,Normal,Low,0.18,84.0,12.0,Good,30.7,80.2,Low,20.213367815188676,Low,12.59126910210145,62,77.9,Highly Recommended
436,Kia,Sonet,2019,6.45,Petrol,Automatic,1290,21.0,4,6,Yes,Yes,Yes,Calm,Medium,0.24,102.3,11.92,Good,31.4,79.4,Low,34.33126076576886,Low,24.3598879442517,78,74.25,Recommended
437,Hyundai,Verna,2023,9.3,Petrol,Manual,998,12.6,5,2,Yes,Yes,Yes,Normal,Low,0.2,102.1,13.17,Good,32.1,81.1,Low,8.897463402858728,Low,8.207329914789373,88,72.49000000000001,Recommended
438,Renault,Kiger,2024,4.5,Petrol,Automatic,1290,17.9,4,2,Yes,Yes,Yes,Aggressive,Low,0.0,88.0,12.54,Moderate,30.7,64.2,Low,12.49341933652526,Low,24.233687458608017,68,69.285,Recommended
439,Maruti Suzuki,Swift,2020,14.23,Diesel,Manual,2198,22.7,5,6,Yes,Yes,Yes,Calm,Medium,0.25,102.2,13.04,Good,34.1,65.0,Low,17.04743922900141,Low,23.791399376736223,89,74.45500000000001,Recommended
440,Renault,Kiger,2024,14.74,Petrol,Automatic,1199,25.4,4,4,Yes,Yes,Yes,Normal,Low,0.09,94.4,12.44,Good,34.5,94.6,Low,1.841789546639312,Low,12.649466111951783,83,77.16,Highly Recommended
441,Hyundai,Exter,2019,12.04,Electric,Automatic,0,296.8,3,2,Yes,No,No,Aggressive,Low,0.0,90.9,11.69,Good,36.1,100.0,Low,11.420462154105897,Low,22.193638406523824,52,68.53,Recommended
442,Toyota,Urban Cruiser,2020,14.1,CNG,Automatic,1997,22.9,2,6,Yes,No,Yes,Normal,Low,0.1,87.0,12.42,Good,33.4,80.2,Low,5.508240916977207,Low,13.606993119219128,55,68.185,Recommended
443,Maruti Suzuki,Dzire,2026,8.59,Electric,Automatic,0,449.3,4,7,Yes,Yes,No,Aggressive,Medium,0.19,88.7,12.35,Good,25.0,78.9,Low,7.474033107433221,Medium,37.95427518964957,80,85.0,Highly Recommended
444,Volkswagen,Virtus,2026,9.6,Petrol,Automatic,1498,17.0,4,6,Yes,Yes,Yes,Aggressive,Low,0.2,83.4,12.6,Good,33.7,81.8,Low,2.6740773108909144,Low,28.521227808370256,82,75.44999999999999,Highly Recommended
445,Honda,Amaze,2023,12.35,CNG,Automatic,1197,24.6,4,6,Yes,Yes,No,Risky,Low,0.02,79.6,12.56,Moderate,28.1,87.5,Low,7.797492014343224,Medium,36.927453864424585,72,70.09,Recommended
446,Hyundai,Exter,2022,11.81,Petrol,Automatic,1197,18.7,4,6,Yes,Yes,No,Normal,Low,0.02,98.6,13.01,Good,31.5,35.2,Low,25.347489015547364,Low,4.986924429157894,86,71.505,Recommended
447,Volkswagen,Virtus,2025,16.74,Petrol,Automatic,1597,27.0,3,4,Yes,No,Yes,Normal,Low,0.04,85.9,12.43,Moderate,34.0,87.6,Low,10.172835675519796,Low,14.475899275555202,52,63.45,Recommended
448,Renault,Kwid,2025,4.91,Petrol,Manual,1199,23.2,4,6,Yes,Yes,Yes,Normal,Medium,0.11,84.0,13.03,Good,30.2,96.5,Low,0.0,Low,26.87982231792986,83,71.83,Recommended
449,Honda,Elevate,2026,18.77,Petrol,Manual,1997,17.9,5,7,Yes,No,Yes,Calm,Low,0.17,87.8,12.63,Moderate,31.4,65.0,Low,16.202151073421167,Low,20.35881614696575,71,65.63499999999999,Recommended
450,Tata,Punch,2022,9.52,Petrol,Manual,1497,14.4,2,6,Yes,No,Yes,Normal,Low,0.0,75.2,12.5,Moderate,30.3,91.0,Low,0.7504879616251956,Low,15.220957037155467,50,55.66,Consider
451,Kia,Seltos,2021,17.9,Electric,Manual,0,352.5,4,6,Yes,Yes,Yes,Calm,High,0.33,88.0,12.3,Good,31.5,55.6,Low,7.14288132505358,Low,27.693127390718303,81,84.66875,Highly Recommended
452,Honda,Amaze,2019,12.26,Electric,Manual,0,374.1,2,2,Yes,No,Yes,Risky,Medium,0.35,78.5,12.34,Moderate,35.8,93.2,Low,4.1329394343158725,Medium,54.664379445040844,27,61.17875,Recommended
453,Kia,Carens,2024,13.07,Petrol,Manual,1498,21.7,4,6,Yes,Yes,No,Aggressive,Medium,0.2,90.5,12.72,Good,36.7,84.3,Low,8.401917042352766,Medium,41.035536326047016,76,62.455000000000005,Recommended
454,Maruti Suzuki,Baleno,2023,7.33,CNG,Automatic,1498,27.2,4,6,Yes,Yes,Yes,Normal,High,0.43,75.5,12.81,Good,31.7,60.5,Low,20.981232896450074,Medium,35.971515783390615,76,78.28,Highly Recommended
455,Maruti Suzuki,Swift,2019,4.5,Petrol,Manual,1498,12.0,4,6,Yes,Yes,No,Aggressive,Medium,0.03,90.7,13.16,Moderate,33.2,60.2,Low,11.653464981857924,Medium,43.3352575949827,69,57.85,Consider
456,Kia,Seltos,2023,10.06,Petrol,Manual,1197,24.3,4,4,Yes,Yes,Yes,Calm,Medium,0.29,84.4,12.27,Good,35.7,49.8,Low,20.318901304910963,Low,20.315140781105523,78,69.745,Recommended
457,Kia,Sonet,2019,8.55,Petrol,Automatic,1597,17.3,4,6,Yes,Yes,Yes,Normal,Low,0.11,84.2,13.29,Good,31.6,88.8,Low,0.0,Low,15.045178739174599,87,77.745,Highly Recommended
458,Toyota,Innova,2024,17.6,Petrol,Manual,2198,16.0,3,4,Yes,No,Yes,Normal,Medium,0.24,95.0,11.6,Moderate,27.3,89.7,Low,18.368843367054925,Low,23.68872461586941,48,55.0,Consider
459,Kia,Sonet,2025,16.76,Electric,Manual,0,379.6,3,6,Yes,No,Yes,Normal,Medium,0.24,79.8,12.81,Good,30.8,73.6,Low,5.7887141080481035,Low,27.355375115417715,59,75.785,Highly Recommended
460,Renault,Kwid,2026,12.06,Diesel,Manual,1597,16.1,5,4,Yes,Yes,Yes,Normal,High,0.5,81.9,13.29,Good,31.1,71.7,Low,15.666685124621512,Medium,47.19320986375912,77,68.065,Recommended
461,Maruti Suzuki,Dzire,2020,4.5,Diesel,Manual,1290,14.8,4,4,Yes,Yes,Yes,Calm,High,0.25,101.2,12.95,Moderate,31.3,83.4,Low,5.761893021298342,Medium,39.29070574614787,67,63.370000000000005,Recommended
462,Renault,Triber,2022,12.44,CNG,Automatic,1597,25.2,3,6,Yes,No,Yes,Normal,Low,0.0,89.4,12.66,Good,30.4,44.4,Low,14.476146240974224,Low,5.611739844525771,65,73.03,Recommended
463,Renault,Kiger,2025,8.57,Petrol,Manual,1997,22.1,3,4,Yes,No,No,Normal,Low,0.03,88.7,11.98,Poor,38.0,85.3,Medium,41.97026807269228,Low,12.465366678021368,39,45.865,Consider
464,Volkswagen,Taigun,2022,13.47,Petrol,Automatic,998,24.2,4,6,Yes,Yes,Yes,Aggressive,Medium,0.23,102.9,12.7,Good,29.3,85.9,Low,7.7700932669947065,Medium,36.18181305318623,78,74.73,Recommended
465,Volkswagen,Taigun,2026,17.18,Petrol,Manual,1290,23.1,5,4,Yes,Yes,Yes,Normal,Medium,0.26,96.6,11.98,Good,32.2,75.2,Medium,36.250160306175935,Medium,37.94371046393808,77,69.11500000000001,Recommended
466,Toyota,Glanza,2022,10.18,CNG,Automatic,1197,26.4,4,6,Yes,Yes,Yes,Aggressive,High,0.44,96.9,12.69,Moderate,30.3,91.8,Low,10.843645750782002,High,62.85154669901414,62,71.86,Recommended
467,Tata,Curvv,2020,10.28,Petrol,Manual,1497,22.7,4,6,Yes,Yes,Yes,Aggressive,Medium,0.16,86.1,12.37,Good,31.0,83.2,Low,2.9955851676184917,Medium,30.841616896634175,81,70.855,Recommended
468,Volkswagen,Taigun,2022,14.73,Petrol,Manual,998,12.7,3,7,Yes,No,Yes,Normal,Medium,0.22,98.2,12.71,Poor,32.4,65.6,Medium,38.24241006368,Medium,37.46136061629104,37,49.55500000000001,Consider
469,Hyundai,Verna,2021,12.14,Petrol,Manual,1597,20.7,5,6,Yes,Yes,Yes,Normal,Low,0.11,82.2,12.68,Moderate,30.4,85.1,Low,0.06581926825509932,Low,18.83702699445145,87,73.255,Recommended
470,Hyundai,i20,2021,9.93,Petrol,Automatic,1197,16.2,5,4,Yes,Yes,Yes,Aggressive,Low,0.04,75.0,12.73,Good,27.5,83.5,Low,11.190914574225882,Low,24.183644187049293,86,77.13,Highly Recommended
471,Renault,Kwid,2023,8.14,Petrol,Automatic,1497,18.4,4,6,Yes,Yes,No,Aggressive,Low,0.07,97.0,12.17,Good,35.1,73.6,Low,21.04481527030417,Low,24.276143546984354,80,68.75999999999999,Recommended
472,Volkswagen,Taigun,2022,8.33,Petrol,Manual,2198,18.5,4,6,Yes,Yes,Yes,Normal,Medium,0.19,95.1,11.75,Good,34.6,100.0,Low,18.683521434970032,Low,19.24071345512541,82,70.675,Recommended
473,Hyundai,Verna,2024,9.07,Diesel,Manual,1497,15.1,4,6,Yes,Yes,Yes,Normal,Low,0.29,80.6,12.62,Moderate,31.2,100.0,Low,0.0,Low,19.655850151051546,79,68.815,Recommended
474,Kia,Seltos,2026,12.26,Petrol,Manual,1997,16.7,5,6,Yes,Yes,Yes,Normal,Low,0.13,84.5,12.32,Moderate,32.5,64.2,Low,11.360300211608045,Low,14.517308708289622,87,72.655,Recommended
475,Honda,Elevate,2022,11.8,Petrol,Automatic,1199,19.4,2,4,Yes,No,No,Normal,Medium,0.28,86.8,12.58,Good,33.5,49.8,Low,21.454132193246586,Low,24.50730622305556,45,53.16,Consider
476,Kia,Sonet,2022,20.7,Petrol,Manual,2198,23.3,5,6,Yes,Yes,Yes,Calm,Low,0.18,76.7,12.18,Good,32.1,99.2,Low,0.0,Low,19.00865973379782,93,76.345,Highly Recommended
477,Honda,City,2023,13.73,Electric,Automatic,0,345.9,3,6,Yes,No,No,Normal,High,0.36,81.2,11.74,Good,28.8,57.8,Medium,37.407286545734934,Medium,32.08931975534644,52,70.37125,Recommended
478,Renault,Kiger,2024,5.1,Diesel,Automatic,2198,21.0,4,6,Yes,Yes,Yes,Normal,Low,0.12,95.3,12.09,Poor,31.7,63.9,Medium,57.21153835356459,Low,24.135952567019068,60,66.15,Recommended
479,Honda,Elevate,2026,11.44,Diesel,Manual,2198,17.1,3,6,Yes,No,No,Normal,Low,0.13,84.3,12.24,Moderate,26.0,90.0,Low,0.0,Low,11.93836836670808,59,54.115,Consider
480,Maruti Suzuki,Baleno,2019,11.57,Electric,Automatic,0,369.6,4,6,Yes,Yes,Yes,Normal,Low,0.19,74.4,12.53,Good,31.0,82.6,Low,0.5034606869496665,Low,14.45692855724986,87,93.00999999999999,Highly Recommended
481,Hyundai,Creta,2020,7.0,Diesel,Automatic,1197,21.0,4,6,Yes,Yes,No,Calm,Medium,0.14,84.9,12.36,Moderate,33.0,70.4,Low,8.582666662762978,Low,20.52512056350658,78,68.25,Recommended
482,Toyota,Glanza,2020,14.58,Petrol,Automatic,998,23.7,5,6,Yes,Yes,Yes,Aggressive,Low,0.19,90.8,12.2,Good,37.0,81.8,Low,11.116627134413076,Low,26.95953994899693,89,79.605,Highly Recommended
483,Honda,City,2020,10.59,Diesel,Manual,1597,18.9,4,7,Yes,Yes,No,Normal,High,0.3,88.9,13.66,Good,30.2,77.7,Low,3.5689152118431897,Medium,41.53622540376121,79,63.385000000000005,Recommended
484,Maruti Suzuki,Swift,2026,8.21,CNG,Automatic,1597,20.3,3,4,Yes,No,No,Normal,Medium,0.1,102.3,12.05,Good,31.5,88.7,Low,32.41676230335529,Low,17.692795849075978,54,61.345,Recommended
485,Hyundai,i20,2026,20.45,Electric,Manual,0,308.2,3,6,Yes,No,Yes,Aggressive,Medium,0.19,81.1,12.81,Good,29.8,72.1,Low,14.729194393481473,Medium,34.659504694441594,55,71.3075,Recommended
486,Volkswagen,Virtus,2021,7.31,CNG,Manual,1199,26.6,4,6,Yes,No,No,Normal,Low,0.29,96.8,13.09,Good,30.9,87.0,Low,6.205836527356709,Low,22.321104202913453,68,63.59,Recommended
487,Skoda,Kushaq,2021,16.87,Petrol,Manual,1597,25.4,3,2,Yes,No,Yes,Aggressive,Low,0.04,89.2,13.01,Good,31.3,58.4,Low,12.618214455244011,Medium,32.09609450109349,48,56.41,Consider
488,Volkswagen,Taigun,2026,12.77,Petrol,Manual,1290,17.5,3,6,Yes,No,No,Normal,Medium,0.28,87.9,11.68,Good,27.8,88.4,Low,22.816428353747018,Medium,32.00433686602728,54,51.925,Consider
489,Renault,Triber,2026,6.63,Diesel,Manual,2198,26.5,5,4,Yes,No,Yes,Normal,High,0.39,80.6,13.23,Good,30.9,35.6,Low,25.711997955806684,Medium,40.20405055864753,63,63.325,Recommended
490,Volkswagen,Taigun,2022,10.39,Diesel,Automatic,998,22.9,5,6,Yes,Yes,No,Aggressive,Low,0.14,77.2,12.04,Moderate,31.4,75.4,Medium,36.65816851154547,Low,28.33169335567426,79,68.98500000000001,Recommended
491,Renault,Kiger,2019,4.5,CNG,Manual,998,25.0,4,6,Yes,Yes,Yes,Aggressive,Medium,0.18,92.2,13.01,Good,30.8,71.8,Low,13.912850078188573,Medium,30.871133124180563,79,74.30000000000001,Recommended
492,Honda,Elevate,2023,11.22,Diesel,Manual,998,24.8,3,4,Yes,No,No,Normal,Low,0.17,86.3,12.92,Good,31.4,70.9,Low,14.964242913066027,Low,16.09105107266649,57,54.370000000000005,Consider
493,Mahindra,XUV700,2019,16.46,Diesel,Automatic,1199,17.8,3,6,Yes,No,Yes,Aggressive,Low,0.12,88.4,12.73,Poor,30.2,85.1,Low,25.068560954346815,Medium,33.770744330782875,38,55.77,Consider
494,Tata,Nexon,2026,9.48,CNG,Automatic,1597,24.9,5,2,Yes,Yes,Yes,Normal,Medium,0.28,95.8,12.94,Moderate,31.6,58.1,Low,20.8835937184271,Medium,32.7222127572911,71,75.685,Highly Recommended
495,Toyota,Hyryder,2026,16.26,Diesel,Manual,2198,16.8,4,6,Yes,Yes,Yes,Calm,Low,0.19,68.9,12.59,Good,36.7,89.0,Low,12.274415112912694,Low,10.47574398303497,86,72.22,Recommended
496,Mahindra,XUV 3XO,2023,11.5,Petrol,Manual,1290,15.1,4,6,Yes,Yes,Yes,Aggressive,Low,0.16,93.5,11.99,Good,34.4,57.4,Medium,39.397434169112415,Medium,30.66763679501605,75,67.015,Recommended
497,Skoda,Kushaq,2020,13.51,Petrol,Automatic,1290,26.9,4,6,Yes,Yes,No,Normal,Low,0.13,86.1,12.26,Moderate,32.7,66.4,Low,16.526024417456433,Low,20.212903698411296,76,68.235,Recommended
498,Tata,Nexon,2020,8.79,Petrol,Automatic,1498,23.4,4,6,Yes,Yes,No,Calm,Medium,0.21,88.2,13.02,Good,27.7,82.8,Low,0.0,Low,17.995585619457838,86,72.21000000000001,Recommended
499,Honda,City,2020,11.66,Diesel,Manual,998,19.2,4,6,Yes,Yes,Yes,Calm,Medium,0.33,92.2,12.49,Good,32.7,83.3,Low,5.9106446345280474,Low,18.793645969780037,85,72.13,Recommended
500,Maruti Suzuki,Dzire,2026,5.19,Petrol,Automatic,1290,21.3,3,6,Yes,No,Yes,Normal,Low,0.23,82.2,11.58,Moderate,30.7,51.6,Medium,36.147438047167626,Low,24.522231903726805,49,61.245000000000005,Recommended
501,Kia,Sonet,2021,10.91,Petrol,Manual,1197,19.1,3,2,Yes,No,Yes,Calm,Low,0.2,100.7,13.01,Good,32.5,49.8,Low,27.428525406611783,Low,3.4592474458781517,56,59.065,Consider
502,Skoda,Slavia,2019,10.17,Petrol,Manual,1290,21.5,3,6,Yes,No,No,Aggressive,Low,0.28,91.6,12.96,Good,31.5,94.5,Low,7.34755134157042,Low,21.721106647600493,60,55.225,Consider
503,Skoda,Kushaq,2020,5.65,Petrol,Manual,1197,23.1,4,2,Yes,Yes,Yes,Risky,Low,0.0,75.2,12.45,Good,32.7,68.3,Low,20.523458328927948,Medium,33.64241995751777,69,65.515,Recommended
504,Renault,Kiger,2025,10.28,Petrol,Automatic,2198,21.6,3,7,Yes,No,Yes,Aggressive,Low,0.12,92.1,11.94,Moderate,28.6,83.8,Low,17.328574788183396,Low,29.79324039416352,52,62.64,Recommended
505,Tata,Curvv,2023,10.53,Diesel,Manual,1197,16.5,4,6,Yes,Yes,No,Normal,Low,0.1,80.5,12.3,Moderate,29.9,79.3,Low,6.655969562295389,Low,29.258912151579104,75,61.225,Recommended
506,Toyota,Urban Cruiser,2026,16.24,Electric,Manual,0,330.9,4,6,Yes,Yes,No,Normal,Low,0.09,88.5,12.75,Moderate,31.4,52.2,Low,19.428672586281753,Low,14.016408451399837,78,76.50874999999999,Highly Recommended
507,Maruti Suzuki,Dzire,2026,8.85,CNG,Manual,1199,26.0,4,6,Yes,Yes,No,Calm,Low,0.16,82.6,12.6,Good,27.3,79.2,Low,9.852662626872275,Low,11.748609661241947,86,71.6,Recommended
508,Skoda,Slavia,2025,9.44,Petrol,Automatic,1597,16.2,5,6,Yes,Yes,No,Aggressive,Low,0.0,81.7,13.18,Moderate,32.6,68.4,Low,9.95180049574528,Low,27.89335956333209,83,69.78,Recommended
509,Tata,Altroz,2023,7.6,Petrol,Manual,1199,19.0,4,2,Yes,Yes,No,Calm,Low,0.12,98.7,12.25,Moderate,32.6,94.1,Low,8.22023567599843,Low,13.011937369811017,72,60.25,Recommended
510,Skoda,Slavia,2024,11.97,Petrol,Automatic,1199,17.6,4,7,Yes,Yes,Yes,Normal,Low,0.14,84.5,13.33,Good,37.0,63.9,Low,15.481845433710468,Low,16.283810069005938,86,77.34,Highly Recommended
511,Skoda,Kushaq,2021,12.03,Petrol,Manual,1290,13.6,4,7,Yes,Yes,No,Calm,Low,0.18,86.6,11.85,Good,30.0,58.1,Low,29.553783329287008,Low,10.733329517427684,86,65.74000000000001,Recommended
512,Honda,City,2025,13.2,Electric,Manual,0,340.9,5,2,Yes,Yes,Yes,Normal,High,0.57,82.5,11.71,Good,31.3,87.8,Low,29.64464172293178,Medium,43.05082342048201,72,80.18375,Highly Recommended
513,Tata,Nexon,2025,9.53,Diesel,Automatic,1497,24.8,4,6,Yes,Yes,Yes,Normal,Low,0.07,87.9,12.03,Moderate,35.1,63.5,Low,32.77665812628177,Low,20.21805938641134,74,73.02000000000001,Recommended
514,Toyota,Glanza,2024,15.87,CNG,Automatic,1997,26.3,4,6,Yes,Yes,Yes,Normal,Low,0.13,95.9,12.42,Moderate,34.2,55.9,Low,16.958509188062255,Low,20.91661318151648,76,78.14500000000001,Highly Recommended
515,Renault,Kiger,2019,4.5,Petrol,Manual,1498,22.0,4,4,Yes,No,No,Risky,High,0.44,79.8,12.41,Moderate,33.0,77.9,Low,5.0055820809857,High,73.79426312302962,40,46.3,Consider
516,Renault,Kwid,2026,6.76,Petrol,Manual,1997,20.1,5,4,Yes,Yes,Yes,Aggressive,Medium,0.16,81.2,12.54,Moderate,35.8,85.6,Low,15.74636107727008,Medium,36.77450777373433,75,67.765,Recommended
517,Toyota,Glanza,2025,11.78,Petrol,Automatic,1199,18.6,3,6,Yes,No,Yes,Normal,Medium,0.15,79.3,12.14,Good,32.9,66.0,Low,0.8462028900897085,Low,23.68005105468866,61,66.24,Recommended
518,Hyundai,Creta,2023,7.39,Diesel,Automatic,1197,28.1,4,6,Yes,Yes,Yes,Normal,High,0.51,98.7,12.68,Good,28.1,74.7,Low,22.166959392019464,Medium,42.72566399278286,74,73.515,Recommended
519,Honda,Elevate,2020,9.59,Diesel,Manual,1597,18.2,4,4,Yes,Yes,No,Normal,Low,0.2,85.5,13.8,Moderate,29.7,62.6,Low,12.035296367228472,Low,12.121855636536864,76,61.93,Recommended
520,Tata,Harrier,2019,7.5,Electric,Manual,0,329.0,5,6,Yes,Yes,Yes,Normal,Medium,0.16,93.8,12.28,Good,33.0,62.8,Low,13.086474089274612,Low,18.99261203984004,91,88.2875,Highly Recommended
521,Renault,Triber,2026,10.95,Petrol,Manual,1997,23.3,4,7,Yes,Yes,Yes,Normal,Medium,0.25,81.0,12.47,Good,32.6,92.1,Low,6.925375941458659,Low,24.78000026867076,84,72.295,Recommended
522,Skoda,Kushaq,2019,18.8,CNG,Manual,1498,25.5,4,2,Yes,No,Yes,Normal,Medium,0.3,96.9,12.63,Moderate,34.2,64.4,Low,12.320198596923367,Low,29.786798628460396,51,61.775,Recommended
523,Skoda,Kushaq,2019,8.06,Petrol,Manual,1997,17.3,4,4,Yes,Yes,Yes,Normal,Low,0.06,95.6,11.55,Good,30.8,84.3,Low,21.023536017404954,Low,9.200858635025583,82,70.495,Recommended
524,Honda,Amaze,2022,9.04,Diesel,Manual,1197,23.7,4,6,Yes,Yes,Yes,Normal,Low,0.16,82.6,12.74,Good,30.5,77.2,Low,3.5036011505456317,Low,8.622384751800432,88,74.155,Recommended
525,Skoda,Kushaq,2026,10.99,Petrol,Automatic,998,18.1,4,6,Yes,Yes,Yes,Normal,Medium,0.25,90.1,12.28,Good,27.4,84.9,Low,6.1420292238502245,Medium,31.89464357673143,80,74.715,Recommended
526,Renault,Kwid,2026,13.2,Electric,Manual,0,351.5,3,4,Yes,No,No,Aggressive,Low,0.19,95.1,12.62,Good,32.5,96.1,Low,6.56445274799957,Low,27.792981371314625,54,66.48125,Recommended
527,Hyundai,Exter,2024,10.55,Petrol,Automatic,1199,10.8,4,6,Yes,Yes,No,Normal,High,0.52,95.1,12.76,Good,31.6,100.0,Low,6.560838157201193,Medium,39.40180034413899,77,66.27,Recommended
528,Maruti Suzuki,Dzire,2023,4.5,CNG,Automatic,2198,24.2,4,6,Yes,Yes,Yes,Normal,High,0.33,95.9,12.37,Good,36.5,66.9,Low,0.0,Medium,42.77803817308509,77,78.28,Highly Recommended
529,Maruti Suzuki,Baleno,2026,7.66,Petrol,Automatic,998,19.6,4,6,Yes,Yes,Yes,Calm,Low,0.2,86.2,12.58,Poor,31.0,61.0,Low,29.61864466648938,Low,21.03585822980806,65,68.19,Recommended
530,Hyundai,Verna,2020,7.51,CNG,Manual,1197,27.4,4,7,Yes,No,Yes,Aggressive,High,0.35,95.9,12.05,Moderate,35.1,79.1,Low,33.61377048355959,High,56.60700764002274,48,60.71,Recommended
531,Honda,Elevate,2024,14.69,Petrol,Manual,2198,14.9,4,6,Yes,Yes,Yes,Aggressive,Medium,0.2,93.9,12.56,Good,30.2,84.2,Low,7.067411320921993,Low,28.497979386345456,81,69.685,Recommended
532,Kia,Sonet,2022,6.79,CNG,Manual,1498,22.9,4,2,Yes,Yes,Yes,Aggressive,Low,0.0,84.2,12.21,Moderate,26.3,76.6,Low,13.32864887573554,Medium,32.491364989456784,65,67.685,Recommended
533,Hyundai,Creta,2021,13.09,Electric,Automatic,0,282.9,4,2,Yes,Yes,Yes,Normal,Low,0.06,78.4,12.23,Good,33.6,82.1,Low,1.3831330490740035,Low,14.845003203935383,79,86.15875,Highly Recommended
534,Hyundai,Verna,2021,15.34,Petrol,Manual,1997,17.4,3,4,Yes,No,Yes,Normal,Low,0.19,86.6,12.75,Good,33.3,70.4,Low,12.657292579834687,Low,15.314005301141462,58,59.71,Consider
535,Honda,City,2023,10.04,Petrol,Manual,1997,13.9,4,6,Yes,Yes,Yes,Normal,Low,0.08,88.9,12.83,Good,31.7,53.3,Low,7.75598871289049,Low,10.294349559532453,87,72.235,Recommended
536,Toyota,Glanza,2026,11.07,Diesel,Manual,998,24.1,3,2,Yes,No,Yes,Aggressive,High,0.47,95.3,12.5,Good,30.3,50.7,Low,16.54934464144746,Medium,49.17495794289485,41,53.065,Consider
537,Volkswagen,Virtus,2020,15.95,CNG,Manual,1997,19.8,4,7,Yes,Yes,No,Calm,Low,0.2,87.9,12.13,Moderate,31.4,74.4,Low,6.397998906990816,Low,18.699932989288357,80,67.97,Recommended
538,Maruti Suzuki,Brezza,2023,9.33,Electric,Manual,0,407.2,5,6,Yes,Yes,Yes,Normal,Low,0.1,90.1,12.73,Good,32.8,71.1,Low,8.530730017005082,Low,6.708252228387277,96,93.2,Highly Recommended
539,Mahindra,Scorpio,2026,15.73,CNG,Manual,1197,24.6,3,2,Yes,No,No,Normal,Low,0.23,85.1,12.69,Good,29.1,75.2,Low,11.617532951196136,Low,12.60388297995657,55,57.44,Consider
540,Volkswagen,Virtus,2025,7.05,Diesel,Manual,1597,20.2,4,4,Yes,Yes,Yes,Normal,Low,0.22,93.7,12.25,Moderate,33.2,65.8,Low,5.972805529728712,Low,11.308897514501776,77,68.68,Recommended
541,Toyota,Glanza,2024,16.84,Petrol,Manual,1498,23.7,3,2,Yes,No,Yes,Normal,Low,0.0,88.7,12.05,Moderate,31.0,100.0,Low,9.37920666240582,Low,15.539182416580593,48,56.155,Consider
542,Volkswagen,Virtus,2020,11.13,Electric,Automatic,0,341.2,4,2,Yes,No,No,Normal,High,0.35,81.0,12.96,Good,29.4,58.6,Low,9.730377920030877,Medium,41.18109266194886,53,70.64500000000001,Recommended
543,Toyota,Hyryder,2021,15.41,Diesel,Manual,1199,19.3,3,4,Yes,No,Yes,Normal,Low,0.19,71.7,12.25,Good,36.4,60.5,Low,17.179966477235446,Low,18.027727124995174,56,59.095,Consider
544,Honda,City,2023,9.48,Petrol,Automatic,1597,23.5,4,6,Yes,Yes,Yes,Normal,Low,0.24,97.2,12.8,Good,29.4,73.1,Low,13.318825488222057,Low,7.726032537763792,87,78.675,Highly Recommended
545,Renault,Triber,2024,5.82,Petrol,Automatic,1597,20.0,4,6,Yes,Yes,Yes,Normal,High,0.34,87.3,12.89,Good,35.5,84.4,Low,4.909916046221026,Medium,37.788486122198464,78,74.1,Recommended
546,Kia,Sonet,2020,12.34,Diesel,Manual,998,17.3,5,7,Yes,Yes,No,Normal,High,0.44,77.7,13.24,Good,31.6,60.1,Low,19.235043200304624,Medium,42.705710001178474,84,65.39500000000001,Recommended
547,Volkswagen,Taigun,2020,8.57,Diesel,Automatic,1290,18.0,5,4,Yes,Yes,Yes,Risky,Low,0.13,90.0,13.12,Good,30.4,79.0,Low,0.0,Low,26.316125066918932,87,77.85,Highly Recommended
548,Tata,Nexon,2025,14.74,Diesel,Manual,1997,22.6,4,6,Yes,Yes,No,Risky,Low,0.0,83.9,12.51,Good,30.9,100.0,Low,5.5201194289083935,Medium,30.256689276773045,81,64.84,Recommended
549,Mahindra,XUV 3XO,2021,7.25,Diesel,Automatic,2198,21.3,5,6,Yes,Yes,Yes,Calm,Medium,0.38,88.0,12.82,Good,33.7,56.2,Low,13.01966227140683,Low,17.766903042295787,92,80.595,Highly Recommended
550,Tata,Curvv,2022,17.05,Electric,Automatic,0,348.5,4,7,Yes,Yes,No,Risky,High,0.29,80.9,12.95,Good,30.7,46.0,Low,15.52621630038457,High,62.991416711227984,70,78.56875,Highly Recommended
551,Toyota,Hyryder,2020,15.34,Diesel,Automatic,1290,22.8,4,6,Yes,Yes,Yes,Normal,Low,0.21,90.9,12.07,Good,30.9,80.8,Low,26.558819493462035,Low,9.705071737476345,85,77.67,Highly Recommended
552,Toyota,Innova,2020,11.79,Petrol,Automatic,1290,27.1,3,6,Yes,No,Yes,Aggressive,Medium,0.12,86.4,12.42,Moderate,33.7,72.9,Low,9.666009853313138,Medium,33.02474997323916,50,62.565,Recommended
553,Volkswagen,Virtus,2024,11.19,Petrol,Automatic,1997,18.8,5,6,Yes,Yes,Yes,Risky,Medium,0.23,91.9,12.55,Moderate,28.7,86.3,Low,3.3141790291364583,Medium,52.99780489313656,75,72.57,Recommended
554,Kia,Seltos,2020,12.23,CNG,Manual,1290,29.5,4,4,Yes,No,Yes,Aggressive,High,0.35,79.5,12.73,Moderate,27.9,93.3,Low,0.0,Medium,53.398853479273946,48,61.025000000000006,Recommended
555,Toyota,Innova,2023,15.64,CNG,Automatic,1197,25.2,5,2,Yes,Yes,Yes,Normal,Medium,0.31,88.2,12.25,Good,30.6,70.9,Low,3.862773278553675,Low,24.165081829739197,83,81.13,Highly Recommended
556,Kia,Seltos,2020,11.02,Petrol,Automatic,1199,18.5,5,7,Yes,Yes,Yes,Risky,Low,0.09,89.7,13.4,Moderate,33.8,85.8,Low,2.0289132415202533,Medium,44.036646926967435,80,74.775,Recommended
557,Toyota,Glanza,2021,14.22,Electric,Automatic,0,290.1,4,6,Yes,Yes,Yes,Normal,Low,0.18,91.0,12.18,Good,31.4,100.0,Low,0.0,Low,10.720957340197383,88,90.47875,Highly Recommended
558,Volkswagen,Virtus,2020,17.65,Electric,Manual,0,407.3,4,4,Yes,Yes,Yes,Normal,Medium,0.27,80.0,12.66,Good,32.3,67.8,Low,17.216623242766993,Medium,32.60123031591205,74,83.30000000000001,Highly Recommended
559,Renault,Kwid,2026,10.91,Petrol,Manual,1197,17.2,4,4,Yes,Yes,No,Aggressive,High,0.5,91.0,11.97,Good,35.9,88.7,Low,19.86383268797289,Medium,51.93171784646764,67,57.730000000000004,Consider
560,Maruti Suzuki,Dzire,2020,4.77,CNG,Manual,1199,23.9,4,2,Yes,Yes,No,Normal,Low,0.1,88.1,12.15,Good,34.2,66.0,Low,11.90044515481819,Low,14.83493420662373,77,67.235,Recommended
561,Hyundai,Creta,2025,10.55,Diesel,Manual,1197,19.9,5,2,Yes,Yes,No,Normal,Low,0.22,81.8,12.93,Good,32.7,73.1,Low,4.483524227137825,Low,21.501517176413255,84,65.785,Recommended
562,Renault,Kiger,2019,6.56,Petrol,Automatic,1497,23.8,5,6,Yes,Yes,Yes,Normal,Medium,0.19,84.4,12.72,Good,27.1,100.0,Low,0.0,Low,24.191234728690322,92,80.97,Highly Recommended
563,Tata,Punch,2019,8.27,Petrol,Manual,1597,19.3,4,6,Yes,Yes,Yes,Calm,Low,0.12,88.3,12.54,Moderate,25.4,75.2,Low,1.8602676416877264,Low,19.905342808862706,79,69.44500000000001,Recommended
564,Volkswagen,Taigun,2019,7.43,Petrol,Manual,1197,25.8,2,2,Yes,No,Yes,Aggressive,Medium,0.3,96.4,12.52,Moderate,32.1,87.3,Low,6.968649717168751,Medium,40.27665552504154,32,49.269999999999996,Consider
565,Mahindra,Thar,2025,20.17,Petrol,Manual,1497,20.0,5,6,Yes,Yes,Yes,Normal,Low,0.16,99.5,13.42,Good,33.7,79.3,Low,8.834423535301521,Low,14.283256627524057,94,76.30000000000001,Highly Recommended
566,Tata,Harrier,2019,7.06,Petrol,Manual,1199,16.1,4,4,Yes,No,Yes,Calm,Low,0.11,88.2,12.42,Good,34.9,94.7,Low,1.9878380567877383,Low,4.710256090043993,71,65.36500000000001,Recommended
567,Maruti Suzuki,Dzire,2025,12.82,Petrol,Automatic,2198,23.9,3,6,Yes,No,Yes,Normal,Low,0.06,98.0,12.51,Moderate,31.7,78.0,Low,6.405549034423554,Low,17.448694475406118,56,64.785,Recommended
568,Toyota,Innova,2025,13.6,CNG,Manual,2198,25.7,4,4,Yes,Yes,Yes,Calm,Low,0.22,100.4,12.56,Moderate,28.4,84.4,Low,5.283679492695692,Low,15.149843216981001,76,73.055,Recommended
569,Volkswagen,Virtus,2025,13.77,Petrol,Manual,1497,15.6,5,7,Yes,No,Yes,Normal,Low,0.14,66.4,13.59,Good,32.9,94.3,Low,4.322014136557935,Low,15.78763447086724,81,69.79,Recommended
570,Maruti Suzuki,Baleno,2020,11.09,CNG,Manual,1197,22.8,4,7,Yes,Yes,Yes,Calm,Low,0.08,89.6,12.6,Good,36.6,100.0,Low,4.5732619203696725,Low,7.0050616369311705,91,79.37,Highly Recommended
571,Maruti Suzuki,Swift,2021,9.62,Diesel,Automatic,1197,20.6,5,6,Yes,Yes,Yes,Risky,Low,0.07,89.8,12.73,Good,30.7,81.6,Low,1.9416004495119887,Medium,36.135616612238415,87,78.24000000000001,Highly Recommended
572,Volkswagen,Taigun,2023,13.03,Petrol,Manual,1597,18.2,4,4,Yes,Yes,Yes,Normal,High,0.34,99.7,11.88,Good,37.3,84.1,Low,28.576383562622006,Medium,38.17246946192304,70,65.22999999999999,Recommended
573,Renault,Kwid,2020,4.53,Diesel,Manual,1498,21.3,4,2,Yes,Yes,No,Normal,High,0.24,88.9,11.96,Poor,37.5,92.0,Medium,42.157937085843464,High,61.59576763913278,41,46.644999999999996,Consider
574,Kia,Carens,2019,9.22,CNG,Automatic,1199,25.8,4,2,Yes,Yes,No,Normal,Low,0.0,82.8,12.52,Moderate,35.6,74.8,Low,7.23764478675058,Low,11.509615879145345,73,70.72,Recommended
575,Maruti Suzuki,Brezza,2021,6.87,Petrol,Automatic,1290,17.0,4,6,Yes,Yes,Yes,Aggressive,Low,0.22,84.9,12.25,Good,30.5,72.0,Low,10.285552052115815,Low,23.711838261974926,82,75.44999999999999,Highly Recommended
576,Mahindra,Scorpio,2025,11.52,CNG,Manual,1197,25.2,3,4,Yes,No,Yes,Calm,Low,0.14,92.5,13.48,Moderate,29.4,55.0,Low,25.778369651161583,Low,20.87514903479463,48,60.38,Recommended
577,Volkswagen,Virtus,2024,15.87,Petrol,Manual,2198,12.1,4,6,Yes,Yes,Yes,Calm,Medium,0.15,88.7,11.48,Good,31.1,73.5,Low,26.519590960895094,Low,14.01643229650201,83,70.16499999999999,Recommended
578,Volkswagen,Virtus,2023,10.72,Electric,Manual,0,353.4,4,6,Yes,Yes,No,Normal,Low,0.13,82.3,12.33,Good,33.3,95.0,Low,3.4019274731078664,Low,14.184574337363122,87,81.4025,Highly Recommended
579,Skoda,Kushaq,2019,9.43,Petrol,Automatic,1997,19.9,5,6,Yes,Yes,Yes,Calm,Medium,0.09,72.0,12.85,Moderate,34.2,67.8,Low,8.452261712326669,Low,21.315809429350757,85,77.235,Highly Recommended
580,Renault,Triber,2025,12.56,Petrol,Automatic,1498,18.1,4,6,Yes,Yes,Yes,Calm,Medium,0.26,98.0,11.77,Moderate,28.1,60.0,Low,34.89589226568455,Medium,30.43088276787946,70,70.215,Recommended
581,Toyota,Glanza,2024,17.1,Petrol,Manual,1497,21.8,4,6,Yes,No,Yes,Aggressive,Medium,0.18,80.3,12.93,Good,33.3,68.5,Low,11.906438794499046,Low,28.248940295214076,65,63.52,Recommended
582,Volkswagen,Taigun,2023,21.98,Electric,Automatic,0,251.0,4,4,Yes,Yes,No,Normal,Low,0.08,88.6,12.2,Moderate,28.0,91.3,Low,3.2415650615137617,Low,15.741116525596548,76,77.61250000000001,Highly Recommended
583,Renault,Triber,2026,8.27,Petrol,Manual,998,15.9,3,2,Yes,No,Yes,Normal,Medium,0.15,85.6,12.74,Good,31.3,100.0,Low,0.0,Low,26.32167387235593,52,56.785000000000004,Consider
584,Kia,Seltos,2022,9.47,Diesel,Automatic,1290,15.1,4,4,Yes,Yes,Yes,Normal,Low,0.03,87.5,12.27,Moderate,30.4,64.0,Low,6.030376498812935,Low,19.93098330115767,74,71.565,Recommended
585,Tata,Nexon,2022,12.24,Diesel,Manual,1290,25.5,4,4,Yes,Yes,Yes,Normal,Medium,0.31,82.4,12.94,Good,32.4,57.2,Low,11.938662126437507,Low,21.698774478241113,79,70.375,Recommended
586,Honda,Amaze,2021,8.68,Petrol,Automatic,1997,19.6,5,6,Yes,Yes,Yes,Normal,Medium,0.21,76.4,12.02,Poor,32.2,52.8,Medium,58.28056033357583,Medium,32.96296472052101,65,68.19,Recommended
587,Renault,Kwid,2025,7.5,Electric,Automatic,0,303.9,5,4,Yes,Yes,Yes,Aggressive,Low,0.14,91.4,12.1,Moderate,30.7,88.4,Low,0.0,Medium,30.139904360915498,79,86.94625,Highly Recommended
588,Mahindra,Thar,2019,13.97,Petrol,Manual,1197,18.6,5,2,Yes,Yes,Yes,Calm,Low,0.02,94.2,12.82,Good,27.0,69.5,Low,23.165075218165057,Low,2.946890831162582,87,72.94,Recommended
589,Maruti Suzuki,Brezza,2022,5.62,Diesel,Manual,998,25.2,3,6,Yes,No,Yes,Aggressive,Low,0.0,75.5,12.0,Moderate,26.9,61.5,Low,28.879597191780732,Low,24.14927484646172,50,57.28,Consider
590,Volkswagen,Virtus,2020,10.09,Petrol,Manual,2198,20.4,4,4,Yes,Yes,Yes,Normal,Medium,0.16,91.1,11.88,Good,32.9,93.0,Low,25.51322174376506,Low,25.61646933814087,75,67.81,Recommended
591,Toyota,Glanza,2023,16.42,Petrol,Automatic,998,18.8,5,2,Yes,Yes,Yes,Normal,Medium,0.15,90.6,12.48,Good,34.0,69.1,Low,14.760301095951876,Low,23.23146333892392,82,75.72,Highly Recommended
592,Skoda,Kushaq,2021,11.83,CNG,Automatic,998,22.3,4,6,Yes,Yes,Yes,Normal,Low,0.06,95.6,12.99,Good,32.9,70.7,Low,13.600938631526809,Low,12.720275580316825,86,82.045,Highly Recommended
593,Volkswagen,Virtus,2021,16.8,CNG,Automatic,1597,25.3,3,2,Yes,No,No,Normal,High,0.48,96.5,12.75,Good,33.3,89.0,Low,3.3920099673680086,Medium,44.52783491724844,45,58.045,Consider
594,Maruti Suzuki,Baleno,2019,4.5,CNG,Automatic,1597,21.0,4,2,Yes,Yes,Yes,Normal,Low,0.1,79.7,12.34,Moderate,32.5,79.6,Low,8.19849379734906,Low,20.03518492599264,70,74.65,Recommended
595,Skoda,Kushaq,2023,11.5,Diesel,Manual,1497,21.6,4,2,Yes,Yes,Yes,Normal,High,0.24,100.3,12.86,Good,27.7,66.1,Low,23.96172560402527,Medium,53.404965588158404,62,62.14,Recommended
596,Renault,Kiger,2024,11.19,Diesel,Manual,1997,17.7,3,2,Yes,No,Yes,Calm,Low,0.12,80.1,12.2,Good,28.5,70.4,Low,4.953467718018804,Low,10.71070251546797,57,59.30500000000001,Consider
597,Honda,Elevate,2025,8.61,Petrol,Manual,2198,20.5,5,2,Yes,Yes,Yes,Aggressive,Low,0.13,88.6,12.46,Poor,35.1,94.0,Low,16.879054865650716,Medium,34.397097471264985,62,61.975,Recommended
598,Skoda,Slavia,2026,12.33,CNG,Manual,1997,20.7,5,6,Yes,No,Yes,Risky,Medium,0.23,91.0,13.37,Good,25.0,62.2,Low,16.160225341339103,Medium,46.70770360699216,66,67.805,Recommended
599,Volkswagen,Taigun,2022,13.06,Petrol,Manual,1597,17.6,4,6,Yes,Yes,Yes,Aggressive,Medium,0.21,80.8,12.17,Good,37.2,57.8,Low,12.675117483415548,Medium,34.59306824044196,78,68.74000000000001,Recommended
600,Kia,Sonet,2023,13.79,Petrol,Manual,1290,25.3,4,2,Yes,Yes,Yes,Aggressive,Low,0.19,89.4,12.48,Good,32.2,49.6,Low,14.731753279838838,Low,22.547609174083206,74,68.095,Recommended
601,Volkswagen,Virtus,2024,14.14,Petrol,Automatic,1199,22.9,4,2,Yes,Yes,Yes,Normal,High,0.35,83.8,13.23,Good,33.7,85.9,Low,0.0,Medium,35.676878680025624,72,71.83500000000001,Recommended
602,Mahindra,Thar,2024,9.83,Diesel,Automatic,1199,28.0,4,2,Yes,Yes,Yes,Aggressive,Medium,0.24,79.5,12.32,Poor,29.5,78.5,Low,14.68485426346967,Medium,45.53804607232521,51,63.15,Recommended
603,Maruti Suzuki,Dzire,2021,6.44,Petrol,Automatic,998,16.9,5,4,Yes,No,No,Normal,Low,0.14,99.0,12.86,Good,32.9,50.7,Low,23.215596302230747,Low,6.625009918214816,75,66.285,Recommended
604,Honda,City,2022,10.92,Diesel,Manual,1498,21.5,5,4,Yes,Yes,Yes,Normal,Medium,0.31,94.8,12.14,Good,29.5,68.2,Low,6.534662296467353,Low,24.647296510366104,86,72.92500000000001,Recommended
605,Mahindra,Scorpio,2023,17.02,CNG,Manual,1197,23.2,3,7,Yes,No,Yes,Aggressive,Low,0.12,96.9,13.1,Moderate,33.6,81.4,Low,7.6520450042703185,Low,29.71073474811177,53,62.33,Recommended
606,Mahindra,Thar,2026,13.14,Petrol,Automatic,1597,13.0,4,2,Yes,No,Yes,Risky,Low,0.1,91.0,12.49,Good,30.4,73.6,Low,10.980932972383481,Medium,35.037346871505875,55,62.7,Recommended
607,Renault,Kwid,2019,14.11,Petrol,Manual,1497,17.6,5,4,Yes,Yes,Yes,Calm,Medium,0.13,91.0,12.29,Good,28.4,98.1,Low,0.0,Low,12.739641364427868,92,75.03999999999999,Highly Recommended
608,Maruti Suzuki,Swift,2025,9.97,Petrol,Manual,1497,11.3,4,2,Yes,Yes,Yes,Normal,Low,0.01,86.0,12.57,Poor,30.0,99.8,Low,24.804266267575738,Low,20.482361030037854,58,58.795,Consider
609,Volkswagen,Taigun,2019,17.05,Electric,Manual,0,312.6,4,6,Yes,Yes,No,Aggressive,Medium,0.23,89.4,11.74,Good,32.4,91.4,Low,26.039054005685593,Medium,33.792205473577944,76,74.9225,Recommended
610,Hyundai,Exter,2020,8.37,Diesel,Manual,1197,19.9,5,6,Yes,Yes,Yes,Calm,High,0.34,88.3,12.41,Moderate,34.9,100.0,Low,6.404938395863113,Medium,44.14209307514588,78,69.08500000000001,Recommended
611,Volkswagen,Virtus,2021,17.47,Diesel,Manual,998,19.6,5,7,Yes,Yes,No,Normal,Low,0.21,82.4,12.99,Good,37.8,82.8,Low,5.535407151853674,Low,16.49885890846397,95,70.69,Recommended
612,Tata,Nexon,2020,8.03,Petrol,Automatic,1498,18.7,4,4,Yes,Yes,Yes,Normal,Medium,0.16,88.1,12.53,Moderate,32.7,81.9,Low,5.5039504320946415,Medium,36.88418814514727,68,69.405,Recommended
613,Maruti Suzuki,Brezza,2021,5.88,Petrol,Automatic,998,21.4,4,6,Yes,Yes,Yes,Risky,Medium,0.29,89.4,13.2,Moderate,33.3,100.0,Low,0.0,Medium,53.05230269401981,67,69.36,Recommended
614,Mahindra,XUV700,2026,12.96,Diesel,Manual,1498,18.6,4,6,Yes,Yes,Yes,Risky,Medium,0.18,108.0,12.57,Moderate,28.6,97.6,Low,8.089836402381113,Medium,47.434591731698326,68,64.39,Recommended
615,Hyundai,Creta,2023,10.41,Petrol,Manual,1997,19.8,4,2,Yes,Yes,Yes,Normal,Medium,0.28,75.5,11.7,Good,35.8,59.0,Low,34.85229635416448,Low,23.00181954833194,71,65.92,Recommended
616,Renault,Kwid,2019,4.5,Petrol,Automatic,2198,18.5,5,6,Yes,No,Yes,Normal,Medium,0.29,81.5,11.87,Good,32.2,59.4,Low,27.271232191498704,Low,25.529191129351943,72,71.175,Recommended
617,Tata,Nexon,2026,9.0,Petrol,Automatic,1497,19.1,4,6,Yes,No,Yes,Normal,Low,0.15,75.5,12.48,Good,32.6,77.7,Low,11.522508012147867,Low,17.267291720750073,69,69.91499999999999,Recommended
618,Tata,Curvv,2024,18.67,Petrol,Automatic,998,17.2,5,4,Yes,Yes,Yes,Aggressive,Low,0.1,96.7,11.58,Good,30.6,86.6,Low,29.62535226234423,Low,24.464191189996715,83,75.93,Highly Recommended
619,Toyota,Hyryder,2023,14.84,Petrol,Automatic,1197,19.5,4,2,Yes,Yes,Yes,Normal,High,0.13,88.4,12.92,Good,30.8,74.0,Low,11.860947427173262,Medium,30.006120102499967,72,71.32499999999999,Recommended
620,Kia,Carens,2025,15.42,Diesel,Manual,1290,19.3,5,7,Yes,No,No,Calm,Low,0.18,103.9,13.13,Moderate,29.8,100.0,Low,5.107182248368845,Low,11.96737105514158,76,62.095000000000006,Recommended
621,Tata,Punch,2026,10.2,Petrol,Manual,1498,17.6,3,2,Yes,No,No,Normal,Medium,0.18,90.7,13.13,Good,32.2,92.4,Low,0.0,Low,22.53747154174678,53,51.49,Consider
622,Hyundai,Creta,2025,11.14,Petrol,Manual,1197,14.8,5,4,Yes,Yes,Yes,Normal,Medium,0.26,84.6,12.63,Poor,27.7,72.8,Low,33.13301348305008,Medium,37.351999021895246,63,61.57,Recommended
623,Maruti Suzuki,Dzire,2023,9.44,CNG,Automatic,2198,25.2,4,7,Yes,Yes,Yes,Calm,Low,0.14,84.5,12.43,Good,32.3,86.8,Low,3.5604257004454247,Low,0.7664862524427374,93,85.63,Highly Recommended
624,Skoda,Kushaq,2022,14.32,Petrol,Automatic,1197,22.7,2,6,Yes,No,Yes,Normal,Low,0.06,87.1,12.28,Good,35.2,74.3,Low,5.335324920608685,Low,6.686305269818675,58,65.505,Recommended
625,Skoda,Kushaq,2025,11.3,Petrol,Manual,1497,15.1,4,6,Yes,Yes,Yes,Aggressive,Low,0.19,76.4,12.5,Good,29.4,81.9,Low,3.6087426566622005,Low,19.9327874950596,84,71.065,Recommended
626,Mahindra,XUV700,2020,8.38,Petrol,Automatic,1597,18.0,5,6,Yes,Yes,Yes,Risky,Low,0.22,91.0,12.13,Moderate,37.6,74.7,Low,12.107065948456462,Medium,40.672682721235994,78,73.80000000000001,Recommended
627,Tata,Curvv,2026,11.03,Petrol,Manual,1498,12.7,5,6,Yes,Yes,Yes,Normal,Low,0.0,83.6,12.05,Moderate,30.0,70.8,Low,27.958973034711697,Low,14.807339270838511,85,71.155,Recommended
628,Toyota,Urban Cruiser,2025,17.25,CNG,Manual,1497,23.2,3,6,Yes,No,Yes,Normal,Low,0.06,85.1,12.95,Poor,29.7,70.2,Low,27.96705021355711,Low,26.438182062200497,41,56.93,Consider
629,Tata,Altroz,2019,6.66,Diesel,Manual,1498,21.0,4,6,Yes,No,Yes,Normal,Medium,0.16,92.6,12.11,Good,32.9,64.9,Low,13.227786280028324,Low,20.00490283776185,68,64.75,Recommended
630,Honda,Amaze,2020,11.4,Petrol,Manual,998,19.1,3,6,Yes,No,Yes,Calm,Low,0.2,88.7,12.4,Good,27.4,97.1,Low,0.0,Low,10.84613015766208,65,63.115,Recommended
631,Kia,Sonet,2022,16.57,Petrol,Automatic,998,20.2,5,6,Yes,Yes,Yes,Normal,High,0.34,100.9,12.2,Good,35.0,77.8,Low,13.822278092056461,Medium,31.93480837383555,87,78.18,Highly Recommended
632,Mahindra,XUV700,2019,13.55,Petrol,Manual,998,26.7,5,6,Yes,Yes,Yes,Risky,Low,0.09,89.0,13.05,Moderate,35.1,67.9,Low,7.120827712381417,Medium,39.86442029254906,79,70.555,Recommended
633,Mahindra,Scorpio,2024,20.8,Electric,Manual,0,330.0,4,2,Yes,Yes,Yes,Aggressive,Medium,0.37,89.8,12.91,Moderate,32.8,80.8,Low,9.456577795606503,Medium,45.45313018590245,61,74.825,Recommended
634,Renault,Kiger,2025,12.44,Diesel,Manual,1199,18.8,5,6,Yes,Yes,Yes,Normal,Low,0.16,84.9,11.88,Good,31.3,58.9,Medium,35.92026453522826,Low,11.350168247862324,91,74.77000000000001,Recommended
635,Renault,Triber,2019,5.42,Petrol,Manual,1197,19.6,2,6,Yes,No,Yes,Normal,Low,0.02,85.8,12.01,Good,28.5,64.1,Medium,35.236570641359904,Low,7.882501870891009,53,57.790000000000006,Consider
636,Hyundai,i20,2023,12.9,Petrol,Manual,1597,18.2,4,4,Yes,Yes,Yes,Normal,Low,0.21,90.8,13.31,Good,27.4,88.7,Low,0.4958322367663399,Low,13.105231032898544,83,71.08,Recommended
637,Hyundai,i20,2019,7.77,Petrol,Automatic,1199,19.3,5,4,Yes,No,Yes,Normal,Medium,0.28,87.8,12.59,Good,31.5,95.8,Low,0.0,Low,20.48044809529962,74,72.19500000000001,Recommended
638,Toyota,Urban Cruiser,2022,17.35,CNG,Manual,1197,24.9,3,6,Yes,No,Yes,Normal,Low,0.13,89.2,12.02,Good,35.0,74.6,Low,24.55202898781446,Low,11.889679720793087,61,66.185,Recommended
639,Volkswagen,Virtus,2022,13.24,Petrol,Manual,1997,16.6,4,6,Yes,Yes,Yes,Aggressive,Medium,0.36,92.8,11.9,Good,30.1,80.4,Low,29.38971347044526,Medium,32.11321378280123,76,67.69,Recommended
640,Mahindra,Scorpio,2024,11.4,CNG,Manual,1997,22.1,5,4,Yes,Yes,Yes,Calm,High,0.39,106.8,12.75,Good,30.3,57.8,Low,26.838448657015174,Medium,38.51741671346528,78,73.41499999999999,Recommended
641,Volkswagen,Virtus,2019,11.34,Petrol,Manual,998,18.4,4,6,Yes,Yes,Yes,Normal,Low,0.18,90.2,11.96,Moderate,34.3,59.1,Low,29.06024880687533,Low,18.322012180854028,75,67.50999999999999,Recommended
642,Skoda,Kushaq,2025,11.28,Petrol,Automatic,1997,19.6,4,6,Yes,Yes,Yes,Normal,Medium,0.31,92.1,12.47,Poor,30.8,55.9,Medium,35.14960554950837,Medium,37.78399503425662,59,65.49000000000001,Recommended
643,Maruti Suzuki,Baleno,2023,10.23,Electric,Automatic,0,394.6,5,6,Yes,Yes,Yes,Normal,High,0.28,93.6,12.38,Good,30.7,74.4,Low,12.03802292525746,Medium,39.43009817312358,84,92.5975,Highly Recommended
644,Skoda,Kushaq,2025,21.19,Electric,Manual,0,355.1,4,4,Yes,Yes,Yes,Normal,Low,0.15,94.1,12.49,Poor,36.2,73.5,Low,27.208598895838506,Low,20.50355881738873,62,76.21625,Highly Recommended
645,Honda,Amaze,2022,12.09,Diesel,Manual,1997,27.1,5,6,Yes,Yes,Yes,Risky,Medium,0.25,83.4,12.31,Good,34.7,79.0,Low,1.3742140961063685,Medium,45.81763206712937,84,72.86500000000001,Recommended
646,Hyundai,Verna,2024,14.43,Electric,Manual,0,372.9,3,6,Yes,No,Yes,Aggressive,Low,0.1,91.9,12.9,Good,34.9,96.0,Low,9.251923670305956,Low,24.833728675942126,59,75.53375,Highly Recommended
647,Mahindra,XUV700,2025,19.85,Electric,Automatic,0,423.7,5,6,Yes,Yes,No,Normal,Low,0.11,82.3,12.4,Good,36.3,56.4,Low,18.038691507997026,Low,15.395724348236953,92,90.4,Highly Recommended
648,Renault,Kwid,2024,8.11,Electric,Automatic,0,359.5,4,6,Yes,Yes,No,Calm,High,0.36,99.4,12.19,Good,31.1,86.8,Low,5.412060588874023,Medium,42.909591015975025,76,81.68125,Highly Recommended
649,Renault,Triber,2026,10.56,Petrol,Automatic,2198,22.0,5,6,Yes,Yes,Yes,Risky,Low,0.09,81.7,12.4,Good,31.0,74.1,Low,3.692931754437903,Medium,37.791380779617434,86,78.0,Highly Recommended
650,Maruti Suzuki,Baleno,2023,8.92,Petrol,Manual,1197,16.5,4,4,Yes,Yes,Yes,Aggressive,Low,0.1,92.7,12.06,Moderate,31.4,100.0,Low,22.16625813269103,Low,26.898536761336914,69,64.525,Recommended
651,Tata,Curvv,2022,16.2,CNG,Manual,1290,22.0,4,2,Yes,Yes,No,Calm,Low,0.08,84.0,12.96,Good,29.1,74.3,Low,15.750236528171559,Low,6.101932108122105,80,68.3,Recommended
652,Maruti Suzuki,Dzire,2019,4.5,Diesel,Manual,1597,20.4,3,2,Yes,No,Yes,Aggressive,Low,0.02,83.9,12.56,Moderate,31.2,49.7,Low,15.751750397581347,Medium,30.494346586500026,42,52.96,Consider
653,Toyota,Urban Cruiser,2023,14.08,Petrol,Automatic,1997,24.7,4,7,Yes,Yes,Yes,Normal,Low,0.1,104.2,12.37,Good,29.8,95.1,Low,13.801508741545184,Low,10.058087254585558,88,79.305,Highly Recommended
654,Toyota,Hyryder,2021,14.72,Petrol,Manual,1290,25.5,4,2,Yes,Yes,Yes,Risky,Medium,0.1,75.9,12.99,Good,36.9,67.0,Low,20.23674953391268,Medium,42.5397826285381,66,64.525,Recommended
655,Maruti Suzuki,Brezza,2023,5.13,Diesel,Automatic,998,18.3,4,2,Yes,Yes,Yes,Calm,Medium,0.2,85.7,12.08,Poor,35.5,60.9,Medium,57.28911548342615,Medium,31.188220883614097,49,60.795,Recommended
656,Hyundai,i20,2025,11.03,CNG,Manual,998,26.0,5,6,Yes,Yes,No,Normal,Medium,0.38,98.3,12.27,Good,30.5,78.0,Low,15.229924071769767,Medium,31.05200082418604,87,72.05,Recommended
657,Mahindra,XUV700,2021,12.05,Petrol,Automatic,1497,14.0,4,6,Yes,Yes,Yes,Calm,Low,0.16,87.3,12.7,Good,30.9,56.1,Low,7.636002020003211,Low,21.306606366780265,83,75.45,Highly Recommended
658,Kia,Seltos,2025,12.08,Petrol,Automatic,1597,14.4,5,2,Yes,Yes,No,Normal,High,0.32,88.6,12.68,Good,32.6,68.2,Low,8.375127062405923,Medium,33.8654005939175,79,67.71000000000001,Recommended
659,Toyota,Innova,2023,9.21,Diesel,Manual,1497,23.4,4,4,Yes,Yes,No,Calm,Low,0.06,92.8,12.19,Good,30.7,78.0,Low,6.263599130444939,Low,6.305847033782089,85,66.75999999999999,Recommended
660,Mahindra,XUV700,2026,10.05,Petrol,Manual,1197,18.4,5,4,Yes,No,No,Normal,Low,0.13,91.6,12.68,Good,33.8,71.4,Low,7.603664780000756,Low,12.400983409620668,76,61.96,Recommended
661,Renault,Triber,2020,4.5,Petrol,Manual,1997,16.7,4,6,Yes,Yes,Yes,Normal,Low,0.24,89.9,11.98,Moderate,29.9,97.2,Low,29.138602180543796,Low,20.583571339870343,74,66.805,Recommended
662,Skoda,Kushaq,2020,11.46,Petrol,Manual,1997,16.0,4,2,Yes,Yes,Yes,Aggressive,Medium,0.23,86.1,12.23,Good,30.6,76.5,Low,10.291164115019615,Medium,32.978748228838526,71,65.35,Recommended
663,Tata,Curvv,2022,11.18,Electric,Manual,0,391.9,5,4,Yes,Yes,No,Normal,High,0.3,80.8,12.39,Good,30.5,87.1,Low,0.0,Medium,36.457731192099004,83,81.04625,Highly Recommended
664,Maruti Suzuki,Baleno,2019,4.5,Diesel,Manual,1197,18.0,4,6,Yes,Yes,Yes,Normal,Low,0.17,78.9,12.22,Good,29.0,47.9,Low,17.438948062802822,Low,15.690434248692963,84,71.5,Recommended
665,Mahindra,Thar,2023,16.04,Electric,Manual,0,345.2,4,2,Yes,Yes,Yes,Calm,Low,0.16,84.9,12.31,Good,33.3,66.0,Low,6.415826569546997,Low,13.726979242423981,78,83.045,Highly Recommended
666,Volkswagen,Taigun,2023,9.85,Diesel,Manual,2198,21.9,4,6,Yes,Yes,Yes,Risky,Low,0.0,87.3,11.97,Good,26.2,54.9,Medium,41.73016804420094,Medium,34.47621270402624,74,67.58500000000001,Recommended
667,Renault,Kwid,2026,12.5,Electric,Manual,0,331.1,4,2,Yes,Yes,Yes,Normal,Low,0.09,84.6,12.65,Poor,32.4,95.2,Low,24.78801188759391,Low,28.137413498671403,55,72.16624999999999,Recommended
668,Volkswagen,Taigun,2025,14.93,Petrol,Manual,1498,19.4,4,6,Yes,Yes,Yes,Normal,Medium,0.28,81.7,12.59,Moderate,28.7,85.1,Low,0.0,Low,27.888326808362276,76,68.11,Recommended
669,Toyota,Urban Cruiser,2024,11.24,Petrol,Manual,1199,21.0,5,4,Yes,Yes,Yes,Aggressive,Medium,0.14,96.0,12.32,Good,34.1,71.8,Low,16.137097555596757,Medium,36.54226410262451,81,70.6,Recommended
670,Tata,Harrier,2021,8.38,Diesel,Automatic,1597,27.8,5,6,Yes,Yes,Yes,Calm,Low,0.24,86.3,12.45,Good,27.8,78.8,Low,1.9356413566353963,Low,9.622340317766726,96,83.37,Highly Recommended
671,Kia,Sonet,2024,11.04,Diesel,Automatic,998,22.1,5,6,Yes,No,Yes,Aggressive,Medium,0.37,87.6,11.99,Good,30.8,82.3,Low,23.16669724786711,Medium,42.52309326457268,67,69.465,Recommended
672,Skoda,Kushaq,2024,16.9,Diesel,Automatic,1997,21.5,4,2,Yes,Yes,Yes,Normal,Low,0.23,76.5,12.14,Good,28.0,87.0,Low,7.183533472444466,Low,22.65756093280783,75,72.975,Recommended
673,Kia,Sonet,2020,8.92,CNG,Manual,1597,21.6,4,4,Yes,Yes,Yes,Normal,Low,0.16,99.4,12.58,Good,27.5,88.3,Low,4.449563202612937,Low,16.66734790864539,81,74.69,Recommended
674,Kia,Carens,2026,18.46,Electric,Manual,0,234.7,3,6,Yes,No,Yes,Normal,Low,0.1,93.6,12.57,Moderate,33.0,72.5,Low,6.130295294626605,Low,16.931776704438064,56,69.00125,Recommended
675,Kia,Sonet,2026,12.66,Petrol,Manual,1197,17.7,4,4,Yes,Yes,No,Normal,Low,0.18,86.0,12.08,Good,29.2,100.0,Low,16.933975300503345,Low,20.482020858422445,78,62.755,Recommended
676,Kia,Carens,2024,11.76,CNG,Manual,1199,27.0,4,6,Yes,Yes,No,Normal,Low,0.1,89.4,12.54,Moderate,31.3,80.2,Low,6.416380006439354,Low,23.290943799176958,77,67.69999999999999,Recommended
677,Toyota,Innova,2020,9.83,CNG,Automatic,1199,22.0,4,4,Yes,Yes,Yes,Aggressive,Low,0.06,97.3,12.5,Good,32.3,88.0,Low,6.126901469712099,Low,25.80792518070366,78,78.4,Highly Recommended
678,Mahindra,XUV700,2021,13.01,Petrol,Automatic,1498,14.7,4,4,Yes,Yes,Yes,Normal,Medium,0.19,85.6,12.44,Good,35.1,100.0,Low,0.0,Low,19.376464318654662,81,74.655,Recommended
679,Tata,Nexon,2025,11.17,Petrol,Manual,998,22.6,4,6,Yes,Yes,No,Calm,High,0.43,85.6,13.09,Moderate,27.4,93.1,Low,0.0,Medium,40.81689813750407,72,60.79,Recommended
680,Honda,Elevate,2020,11.54,CNG,Manual,1997,22.6,3,6,Yes,No,No,Normal,Low,0.01,82.9,12.51,Good,34.9,81.4,Low,4.195451353857033,Low,9.665672280103815,65,61.64,Recommended
681,Skoda,Kushaq,2025,11.01,Petrol,Manual,1197,20.2,5,6,Yes,No,No,Normal,Low,0.08,84.2,12.57,Good,29.1,57.1,Low,17.760116671989305,Low,12.744947458256652,78,63.13,Recommended
682,Mahindra,XUV 3XO,2023,14.4,Petrol,Automatic,2198,18.1,5,6,Yes,Yes,Yes,Normal,Medium,0.28,84.2,11.86,Good,33.1,76.7,Low,31.61296008803641,Low,24.945772553472736,87,77.86500000000001,Highly Recommended
683,Hyundai,Verna,2021,7.5,Electric,Manual,0,282.1,4,6,Yes,Yes,No,Calm,Medium,0.06,94.0,12.25,Poor,30.2,100.0,Low,25.741836917937334,Low,24.086942402714534,65,68.82875,Recommended
684,Maruti Suzuki,Fronx,2021,9.6,Petrol,Manual,1997,21.1,3,6,Yes,No,Yes,Normal,Medium,0.23,87.3,11.92,Good,31.2,100.0,Low,21.100591730886837,Low,27.744181005258397,56,59.364999999999995,Consider
685,Renault,Triber,2023,6.84,Petrol,Manual,1997,15.3,5,4,Yes,Yes,No,Normal,Medium,0.12,75.3,12.78,Poor,30.8,74.8,Low,30.73285344045376,Low,27.458715807974173,67,57.445,Consider
686,Honda,Elevate,2023,8.48,Diesel,Automatic,1997,14.6,4,2,Yes,No,Yes,Normal,Low,0.1,79.5,12.58,Good,37.6,52.4,Low,17.467397151561908,Low,12.696019956163829,62,66.09,Recommended
687,Renault,Kwid,2026,13.05,Petrol,Manual,998,11.4,5,4,Yes,Yes,Yes,Normal,Low,0.18,95.5,12.2,Good,32.5,45.1,Low,23.87135998966877,Low,10.720559880042405,89,72.76,Recommended
688,Honda,City,2024,17.02,Electric,Manual,0,304.5,4,4,Yes,Yes,Yes,Normal,Medium,0.04,89.7,11.6,Moderate,27.6,53.3,Medium,38.476775870596455,Low,23.91076733975971,68,77.01875,Highly Recommended
689,Tata,Nexon,2026,12.03,Diesel,Manual,1498,23.5,4,6,Yes,Yes,No,Normal,Low,0.04,88.5,13.59,Good,32.0,58.3,Low,20.812005275207568,Low,14.298972173405694,84,66.325,Recommended
690,Renault,Triber,2023,6.94,Diesel,Manual,1997,22.9,4,6,Yes,Yes,Yes,Normal,Low,0.14,89.5,12.66,Good,35.7,84.2,Low,5.644492302372321,Low,17.3918702167529,85,72.685,Recommended
691,Maruti Suzuki,Dzire,2021,11.45,Electric,Manual,0,364.1,5,6,Yes,Yes,No,Calm,Medium,0.2,84.2,12.76,Good,29.4,100.0,Low,5.450670022378622,Low,25.344222128385606,90,83.15375,Highly Recommended
692,Tata,Nexon,2023,10.24,Diesel,Manual,1997,20.5,4,4,Yes,Yes,Yes,Calm,Medium,0.15,85.6,12.16,Good,30.5,75.1,Low,11.644358284387522,Low,19.281783059139354,80,70.075,Recommended
693,Maruti Suzuki,Dzire,2024,14.87,Electric,Manual,0,368.0,4,6,Yes,Yes,No,Normal,Medium,0.06,91.7,12.33,Moderate,33.2,72.8,Low,15.484940955386676,Low,26.019366647346285,75,76.55,Highly Recommended
694,Renault,Kiger,2022,5.36,Petrol,Manual,2198,14.7,4,6,Yes,Yes,Yes,Normal,Low,0.02,72.3,12.71,Good,34.1,100.0,Low,0.0,Low,15.59797178688196,87,72.35499999999999,Recommended
695,Toyota,Urban Cruiser,2026,7.31,Petrol,Manual,1498,25.0,4,2,Yes,No,Yes,Normal,Medium,0.18,95.0,12.84,Good,30.9,93.3,Low,5.568939438021207,Low,23.95228690690909,60,61.75,Recommended
696,Tata,Punch,2021,8.96,Petrol,Automatic,1290,17.6,4,2,Yes,Yes,Yes,Normal,Low,0.28,85.0,12.51,Good,27.1,74.4,Low,6.09333074516416,Low,16.42032031817654,77,73.28999999999999,Recommended
697,Honda,City,2026,18.1,Electric,Automatic,0,366.6,4,6,Yes,Yes,Yes,Normal,Low,0.01,84.7,12.45,Good,32.9,69.5,Low,6.102553649322848,Low,12.65057534142965,87,92.89750000000001,Highly Recommended
698,Renault,Kiger,2020,4.5,Diesel,Manual,1997,19.2,4,6,Yes,No,No,Normal,Low,0.28,86.1,12.55,Good,33.1,96.5,Low,9.543318484772863,Low,12.550937298944481,71,59.83,Consider
699,Skoda,Kushaq,2023,11.79,Diesel,Manual,1597,23.8,5,4,Yes,Yes,No,Normal,Medium,0.19,80.3,12.87,Moderate,30.7,71.1,Low,16.138715416997233,Low,25.367045003921426,79,64.12,Recommended
700,Hyundai,Verna,2025,13.95,Electric,Automatic,0,256.7,4,4,Yes,Yes,No,Normal,High,0.3,84.8,13.37,Good,34.6,62.4,Low,9.715851539080996,Medium,35.27431077647502,74,76.92625000000001,Highly Recommended
701,Skoda,Slavia,2021,10.56,Petrol,Manual,1997,18.4,3,7,Yes,No,No,Normal,Low,0.08,94.5,12.06,Good,29.4,49.9,Medium,39.02507867602602,Low,6.546419746932066,63,56.11,Consider
702,Volkswagen,Taigun,2019,10.73,Diesel,Manual,1597,22.2,3,6,Yes,No,Yes,Normal,Medium,0.26,81.2,12.64,Moderate,35.8,70.3,Low,6.835096209076589,Low,29.60083214926429,52,57.730000000000004,Consider
703,Tata,Nexon,2026,5.82,Petrol,Automatic,1597,18.4,4,4,Yes,Yes,No,Normal,Low,0.15,87.6,12.3,Good,31.7,100.0,Low,0.0,Low,12.903752825359732,83,70.11,Recommended
704,Renault,Kwid,2022,4.5,CNG,Manual,1597,29.0,4,6,Yes,Yes,Yes,Normal,Medium,0.3,78.7,12.18,Good,36.8,66.6,Low,9.221935079444616,Low,26.67829768560402,81,75.80000000000001,Highly Recommended
705,Honda,Elevate,2021,8.55,CNG,Automatic,1197,28.8,4,6,Yes,Yes,Yes,Calm,Low,0.12,88.6,11.82,Good,35.1,79.2,Low,28.31214061493309,Low,3.403784991198358,87,83.47,Highly Recommended
706,Kia,Seltos,2024,9.84,CNG,Manual,1997,25.6,5,4,Yes,Yes,Yes,Normal,Low,0.15,87.9,13.12,Good,31.8,98.7,Low,6.701311268859459,Low,17.807853284615504,89,78.89,Highly Recommended
707,Toyota,Urban Cruiser,2022,14.32,Diesel,Automatic,1497,20.9,4,6,Yes,No,Yes,Calm,Low,0.16,91.5,13.02,Good,31.7,92.9,Low,4.1052612002102205,Low,16.867707166001313,70,70.63499999999999,Recommended
708,Maruti Suzuki,Fronx,2026,4.5,Petrol,Manual,1197,16.6,4,6,Yes,Yes,Yes,Normal,Low,0.09,82.7,12.62,Poor,29.5,53.1,Medium,37.969782260747856,Low,25.927682204478135,62,61.39,Recommended
709,Toyota,Urban Cruiser,2025,20.04,Electric,Automatic,0,497.4,3,6,Yes,No,No,Normal,Medium,0.21,92.9,12.38,Moderate,30.6,75.0,Low,14.41756172030075,Low,26.25303721333668,52,72.4,Recommended
710,Renault,Kiger,2022,4.74,CNG,Manual,1497,21.6,4,6,Yes,Yes,No,Aggressive,High,0.49,71.3,12.98,Good,34.4,63.6,Low,12.397562326866023,Medium,49.55953761383264,73,65.09,Recommended
711,Renault,Triber,2025,7.39,CNG,Manual,1498,29.5,4,6,Yes,Yes,Yes,Calm,Low,0.02,80.9,12.92,Moderate,31.2,69.8,Low,14.151941204250264,Low,6.881907630272158,81,75.875,Highly Recommended
712,Hyundai,Verna,2023,10.66,CNG,Automatic,2198,26.5,5,4,Yes,Yes,Yes,Aggressive,High,0.28,87.2,12.9,Moderate,29.1,90.3,Low,0.0,Medium,54.731118977153535,71,75.925,Highly Recommended
713,Mahindra,Scorpio,2023,15.39,Petrol,Manual,1199,19.2,5,6,Yes,Yes,Yes,Normal,Medium,0.27,85.9,11.86,Good,34.7,83.3,Low,8.622079751160513,Low,27.880248619305867,89,73.93,Recommended
714,Mahindra,XUV 3XO,2021,11.09,CNG,Manual,1197,28.8,4,6,Yes,Yes,Yes,Calm,Medium,0.32,93.1,11.74,Good,32.4,77.5,Low,26.93460086250842,Low,29.021292789819327,78,74.42,Recommended
715,Honda,Amaze,2025,22.32,Electric,Automatic,0,298.3,3,6,Yes,No,Yes,Normal,Low,0.05,97.7,12.66,Moderate,31.8,85.7,Low,10.356138276220015,Low,13.503554662503724,57,76.83625,Highly Recommended
716,Maruti Suzuki,Brezza,2026,14.18,Electric,Manual,0,404.5,4,2,Yes,Yes,Yes,Normal,Medium,0.21,90.7,12.85,Good,29.2,58.5,Low,14.334499557400552,Low,21.86673176315361,74,83.30000000000001,Highly Recommended
717,Kia,Seltos,2019,12.66,Electric,Manual,0,415.0,4,2,Yes,No,Yes,Normal,Low,0.05,84.8,12.42,Poor,33.3,100.0,Low,23.371690369232358,Low,24.697179698249442,42,68.9,Recommended
718,Volkswagen,Taigun,2025,10.45,Diesel,Automatic,1199,18.0,4,6,Yes,Yes,Yes,Aggressive,Low,0.22,87.2,11.7,Good,35.2,81.9,Low,19.243449526032165,Medium,34.87051671673548,77,73.35,Recommended
719,Mahindra,Thar,2019,9.34,Petrol,Manual,1290,21.2,4,4,Yes,Yes,Yes,Normal,Low,0.14,87.2,12.54,Moderate,34.7,100.0,Low,0.8982657585359624,Low,17.773711008114557,76,68.38,Recommended
720,Toyota,Hyryder,2023,14.67,Petrol,Automatic,1497,22.2,3,2,Yes,No,Yes,Calm,High,0.44,87.2,12.29,Moderate,32.9,85.3,Low,6.652061040680589,Medium,41.43695222611292,39,56.879999999999995,Consider
721,Hyundai,Exter,2021,14.94,Electric,Manual,0,288.0,5,4,Yes,No,Yes,Normal,Low,0.0,77.9,12.74,Good,30.3,70.6,Low,2.935930935778403,Low,11.937813721819781,76,80.0,Highly Recommended
722,Mahindra,Scorpio,2023,11.74,Petrol,Manual,2198,12.0,4,6,Yes,Yes,Yes,Calm,Low,0.13,99.5,12.82,Moderate,33.8,78.7,Low,12.430963772613268,Low,18.78545518924409,78,67.9,Recommended
723,Maruti Suzuki,Baleno,2026,7.79,Petrol,Manual,1597,13.0,5,6,Yes,Yes,Yes,Aggressive,Medium,0.19,81.4,11.86,Good,28.0,93.3,Low,17.41059019394984,Medium,35.939568447211514,85,71.2,Recommended
724,Toyota,Innova,2026,16.15,Electric,Manual,0,416.2,5,4,Yes,Yes,Yes,Calm,Low,0.0,75.8,13.09,Moderate,28.3,61.4,Low,15.462373216561074,Low,7.709809254146014,85,88.25,Highly Recommended
725,Renault,Kiger,2019,10.72,Diesel,Automatic,1498,20.0,5,6,Yes,Yes,Yes,Normal,Low,0.15,84.1,12.46,Good,33.0,58.2,Low,17.489850096235287,Low,14.242852806971644,92,80.4,Highly Recommended
726,Tata,Altroz,2020,6.79,Petrol,Manual,1498,21.1,4,2,Yes,Yes,Yes,Aggressive,Low,0.12,81.5,12.83,Moderate,30.4,89.6,Low,5.57661360495949,Low,18.38620956345777,71,66.11500000000001,Recommended
727,Toyota,Urban Cruiser,2026,17.88,Electric,Manual,0,250.5,3,4,Yes,No,No,Calm,High,0.22,86.3,13.38,Good,31.7,90.6,Low,3.3965327890528694,Medium,31.54003291924264,53,62.24375,Recommended
728,Kia,Carens,2024,13.66,Electric,Automatic,0,400.4,4,6,Yes,Yes,Yes,Normal,Low,0.04,91.6,12.21,Good,30.8,76.0,Low,13.907153969049329,Low,12.874046608586747,85,93.25,Highly Recommended
729,Mahindra,XUV 3XO,2020,13.83,Petrol,Manual,2198,24.6,4,4,Yes,No,No,Aggressive,High,0.45,88.2,12.81,Good,32.1,84.0,Low,8.57093777046141,Medium,53.95042289459553,53,52.540000000000006,Consider
730,Skoda,Kushaq,2021,9.53,Petrol,Manual,1497,21.4,3,2,Yes,No,Yes,Normal,Low,0.03,78.5,12.73,Moderate,31.4,73.1,Low,8.798578408866074,Low,16.610870484711405,48,55.81,Consider
731,Mahindra,Thar,2026,10.36,Electric,Manual,0,426.7,5,6,Yes,Yes,Yes,Calm,Low,0.09,82.1,12.85,Good,30.0,86.1,Low,0.3791177929712566,Low,6.484070832991988,98,94.1,Highly Recommended
732,Kia,Seltos,2022,10.39,Petrol,Automatic,2198,17.7,4,2,Yes,Yes,Yes,Normal,Medium,0.36,98.2,12.14,Moderate,32.6,56.6,Low,26.111414768511278,Low,29.32618505699043,64,67.455,Recommended
733,Toyota,Hyryder,2021,14.68,Electric,Manual,0,365.0,4,6,Yes,Yes,Yes,Normal,Low,0.2,86.1,11.86,Moderate,38.0,85.9,Low,25.618958780411468,Low,20.114559041255266,75,82.4375,Highly Recommended
734,Kia,Sonet,2024,13.68,Petrol,Manual,1997,14.7,4,2,Yes,Yes,Yes,Normal,High,0.39,79.0,12.68,Moderate,32.3,66.0,Low,9.255647812149249,Medium,38.16465609335255,63,61.555,Recommended
735,Volkswagen,Taigun,2026,18.72,Diesel,Manual,1997,15.6,3,2,Yes,No,No,Normal,Low,0.12,86.5,11.94,Moderate,31.5,74.5,Medium,37.015254205264185,Low,16.894617588541756,44,47.14,Consider
736,Toyota,Innova,2025,12.93,Petrol,Manual,1498,22.0,5,6,Yes,Yes,Yes,Normal,Low,0.11,97.8,12.82,Good,33.5,47.3,Low,19.26844513184129,Low,13.351284033275551,92,75.69999999999999,Highly Recommended
737,Hyundai,i20,2025,16.65,Electric,Manual,0,323.1,4,6,Yes,Yes,No,Normal,Low,0.18,85.8,12.26,Good,34.0,70.5,Low,4.980394065453538,Low,18.202339107972104,85,79.36625000000001,Highly Recommended
738,Toyota,Hyryder,2025,17.39,CNG,Manual,1498,22.8,4,6,Yes,Yes,Yes,Calm,Low,0.11,80.3,11.81,Good,32.8,65.6,Low,34.34891729851438,Low,16.956744311224348,81,74.87,Recommended
739,Renault,Triber,2025,7.93,Diesel,Automatic,1197,17.6,4,6,Yes,Yes,Yes,Normal,Medium,0.11,87.0,12.35,Good,29.0,85.8,Low,7.946317557208653,Low,16.93741306217405,85,76.89,Highly Recommended
740,Toyota,Innova,2020,19.7,Electric,Manual,0,346.7,4,7,Yes,Yes,No,Calm,Low,0.12,87.6,13.43,Good,34.1,80.0,Low,1.971283820525131,Low,12.909545543735977,89,82.05125000000001,Highly Recommended
741,Tata,Harrier,2021,6.25,CNG,Manual,1997,27.0,4,6,Yes,Yes,Yes,Normal,Medium,0.15,90.0,12.87,Moderate,35.5,66.3,Low,11.11731436625861,Low,26.796051282889618,75,72.8,Recommended
742,Volkswagen,Virtus,2025,7.59,Petrol,Automatic,1497,22.8,5,6,Yes,Yes,Yes,Calm,Medium,0.33,87.2,12.56,Good,32.3,67.9,Low,10.842284879129098,Low,28.84131751905897,88,79.02000000000001,Highly Recommended
743,Hyundai,Creta,2019,9.33,Petrol,Manual,1197,19.9,5,4,Yes,Yes,Yes,Aggressive,Low,0.13,101.6,12.75,Good,31.5,83.2,Low,17.77321794509478,Low,27.219839794336195,84,71.785,Recommended
744,Skoda,Slavia,2020,17.71,Electric,Manual,0,424.0,4,6,Yes,Yes,Yes,Normal,Medium,0.26,84.2,13.2,Good,36.1,82.8,Low,0.0,Medium,30.567518543286454,81,86.45,Highly Recommended
745,Volkswagen,Virtus,2023,19.1,Petrol,Automatic,1498,15.8,4,4,Yes,Yes,Yes,Normal,Low,0.09,88.1,12.3,Good,30.1,69.3,Low,7.691609312272837,Low,8.896556592576982,84,76.17,Highly Recommended
746,Toyota,Innova,2019,11.48,Diesel,Manual,1597,27.5,4,2,Yes,Yes,No,Calm,Low,0.16,93.9,12.77,Moderate,36.0,98.0,Low,14.274019797979577,Low,19.069365125628767,69,60.175,Recommended
747,Mahindra,XUV 3XO,2022,12.08,CNG,Manual,1997,22.1,4,2,Yes,Yes,Yes,Calm,Low,0.18,89.4,12.57,Good,31.0,83.1,Low,6.416353495196277,Low,10.39215664096293,79,73.86500000000001,Recommended
748,Hyundai,Verna,2026,10.48,Petrol,Manual,1199,13.4,3,6,Yes,No,Yes,Aggressive,Low,0.21,92.4,12.76,Good,34.2,98.9,Low,3.5578544577308024,Low,26.8900701451917,59,59.56,Consider
749,Hyundai,i20,2023,8.57,CNG,Manual,2198,24.5,4,2,Yes,Yes,Yes,Aggressive,Medium,0.15,84.5,12.25,Good,36.5,100.0,Low,4.183006002232928,Medium,33.47505518733447,72,71.07499999999999,Recommended
750,Honda,Elevate,2026,7.08,Petrol,Manual,1597,20.3,4,4,Yes,Yes,Yes,Calm,Low,0.07,89.7,12.95,Moderate,30.7,73.8,Low,14.248280312739695,Low,8.032621532287372,77,68.695,Recommended
751,Toyota,Hyryder,2025,18.1,Petrol,Automatic,998,15.2,4,6,Yes,Yes,Yes,Aggressive,Medium,0.3,83.7,13.46,Good,28.0,100.0,Low,2.3702083372319223,Medium,37.3655443322243,79,73.83000000000001,Recommended
752,Honda,Amaze,2019,11.25,Petrol,Automatic,1997,15.6,5,4,Yes,Yes,Yes,Normal,Medium,0.36,80.9,12.65,Poor,30.9,89.5,Low,24.89729799633983,Medium,40.252965965072526,63,66.69,Recommended
753,Toyota,Innova,2026,14.04,CNG,Manual,2198,30.5,3,2,Yes,No,No,Aggressive,Medium,0.19,81.4,13.37,Good,27.7,82.9,Low,12.015858510174201,Medium,34.42573867341399,47,54.725,Consider
754,Volkswagen,Taigun,2025,12.34,Petrol,Manual,1997,13.1,4,2,Yes,Yes,Yes,Aggressive,Low,0.14,91.4,12.61,Good,30.8,74.9,Low,15.309559027125214,Low,29.458360671276452,71,64.91499999999999,Recommended
755,Tata,Curvv,2019,13.8,Diesel,Manual,1997,18.6,4,6,Yes,Yes,Yes,Risky,Low,0.2,87.9,12.39,Moderate,33.7,81.1,Low,2.0040804264495735,Medium,40.6966400124944,71,65.74000000000001,Recommended
756,Volkswagen,Virtus,2020,10.81,Petrol,Automatic,1498,12.9,4,6,Yes,Yes,Yes,Normal,Low,0.14,94.0,12.89,Good,31.4,71.7,Low,14.009710119525995,Low,18.388125499517397,83,75.285,Highly Recommended
757,Hyundai,Verna,2023,17.57,Petrol,Automatic,1498,24.8,4,6,Yes,Yes,Yes,Normal,Medium,0.25,80.4,12.68,Good,36.5,86.3,Low,16.194357878747883,Low,19.907903874029948,83,77.07,Highly Recommended
758,Renault,Kiger,2023,9.51,Electric,Automatic,0,321.6,3,7,Yes,No,Yes,Normal,Medium,0.24,96.2,11.83,Good,33.8,83.1,Low,24.709124426704115,Low,27.53627556866361,58,78.16,Highly Recommended
759,Maruti Suzuki,Baleno,2025,8.57,Petrol,Automatic,1498,17.1,4,2,Yes,Yes,No,Calm,Low,0.07,76.5,12.08,Poor,30.1,92.7,Medium,47.40794233424851,Low,28.24751856110658,52,55.965,Consider
760,Honda,Amaze,2025,10.85,Petrol,Manual,998,23.3,4,6,Yes,Yes,Yes,Aggressive,Low,0.13,83.0,12.02,Good,28.4,90.1,Low,25.88299657630261,Low,21.999227153210995,80,70.495,Recommended
761,Kia,Carens,2022,11.56,CNG,Manual,2198,26.5,3,6,Yes,No,Yes,Aggressive,Medium,0.25,96.8,13.01,Good,28.3,58.2,Low,16.471369935224438,Medium,40.84926853314863,52,62.375,Recommended
762,Tata,Punch,2021,7.55,Petrol,Manual,1997,14.5,4,2,Yes,Yes,Yes,Normal,Medium,0.17,97.7,12.31,Good,29.7,64.4,Low,16.30697025112571,Low,22.48278393698544,74,66.475,Recommended
763,Renault,Kwid,2020,7.0,Diesel,Automatic,1290,20.2,4,6,Yes,Yes,Yes,Normal,Medium,0.22,89.6,12.39,Good,32.8,75.6,Low,7.600449327243397,Low,22.96304263501201,83,76.38,Highly Recommended
764,Toyota,Glanza,2021,14.94,Diesel,Manual,1498,26.4,5,6,Yes,Yes,No,Calm,High,0.4,83.6,12.16,Good,33.8,64.0,Low,12.32922567888732,Medium,34.48537486184265,86,67.66,Recommended
765,Mahindra,Thar,2025,17.09,Petrol,Manual,1497,22.7,4,2,Yes,Yes,No,Normal,Low,0.08,86.4,11.84,Good,32.8,62.3,Low,28.113408549356237,Low,11.661129516595304,76,62.605000000000004,Recommended
766,Renault,Kwid,2019,6.18,Diesel,Automatic,1199,19.6,3,6,Yes,No,No,Calm,High,0.31,94.8,12.96,Poor,30.5,71.1,Low,33.938380326491995,Medium,40.95228375514648,35,48.69,Consider
767,Hyundai,Exter,2019,10.02,CNG,Manual,1597,30.9,3,2,Yes,No,No,Calm,Low,0.08,100.5,13.23,Good,31.6,66.8,Low,15.894357779469154,Low,6.698270602666467,56,58.835,Consider
768,Hyundai,Venue,2023,8.54,Electric,Manual,0,293.4,4,6,Yes,Yes,Yes,Normal,Medium,0.18,83.8,12.81,Good,31.1,69.8,Low,14.614424880187837,Low,21.982882895929183,82,82.9025,Highly Recommended
769,Toyota,Innova,2021,8.97,CNG,Manual,1498,24.8,3,6,Yes,No,No,Normal,Low,0.06,84.9,12.32,Good,27.9,68.6,Low,13.498792367018376,Low,5.767019708421849,65,61.97,Recommended
770,Renault,Kwid,2026,4.5,Petrol,Manual,2198,22.1,4,6,Yes,Yes,Yes,Normal,Medium,0.37,83.1,12.45,Moderate,31.8,86.9,Low,8.48701798744191,Low,29.150781697773823,75,68.065,Recommended
771,Honda,Amaze,2025,12.59,Electric,Manual,0,401.1,5,4,Yes,Yes,Yes,Aggressive,Low,0.14,90.9,12.71,Good,30.0,62.6,Low,19.075725038270043,Medium,30.41640041433445,82,86.9,Highly Recommended
772,Skoda,Slavia,2019,13.99,Petrol,Manual,1997,24.0,3,7,Yes,No,Yes,Risky,Low,0.17,87.5,12.23,Moderate,31.0,81.1,Low,0.0,Medium,38.2796943571399,52,58.0,Consider
773,Honda,Amaze,2021,6.59,Petrol,Automatic,998,29.0,4,4,Yes,Yes,No,Normal,Low,0.15,95.7,12.24,Good,32.4,76.0,Low,10.887625619329993,Low,9.581181989441758,83,71.7,Recommended
774,Renault,Kwid,2019,8.45,CNG,Automatic,2198,27.0,4,4,Yes,Yes,Yes,Risky,Medium,0.28,96.1,12.97,Good,30.9,100.0,Low,2.2244017491379218,Medium,42.181677430112,73,76.9,Highly Recommended
775,Skoda,Slavia,2026,14.13,Petrol,Manual,1197,15.8,3,4,Yes,No,No,Normal,Low,0.19,84.1,12.91,Moderate,33.5,71.2,Low,6.258759280074757,Low,19.159043500878884,51,50.32,Consider
776,Volkswagen,Taigun,2019,6.85,Petrol,Manual,1497,17.1,4,6,Yes,Yes,Yes,Aggressive,Low,0.18,99.2,12.13,Good,32.0,90.9,Low,11.290808590797146,Low,29.4455262893063,80,69.565,Recommended
777,Toyota,Glanza,2023,8.72,Petrol,Automatic,1597,19.6,5,6,Yes,Yes,Yes,Normal,Low,0.17,97.8,11.94,Good,29.8,71.2,Medium,36.04211579099434,Low,11.627723511595365,91,79.89,Highly Recommended
778,Maruti Suzuki,Brezza,2024,4.85,Petrol,Manual,1597,24.1,4,4,Yes,Yes,Yes,Normal,Low,0.12,93.9,13.09,Good,31.9,76.4,Low,7.033598750674306,Low,15.342998119042477,82,71.515,Recommended
779,Mahindra,XUV 3XO,2025,16.4,Diesel,Manual,1197,18.5,4,7,Yes,Yes,Yes,Calm,Medium,0.14,97.3,12.51,Good,30.7,63.0,Low,7.8954255812162835,Low,20.509599521436815,86,72.475,Recommended
780,Skoda,Kushaq,2021,13.9,CNG,Automatic,1597,27.5,4,6,Yes,Yes,No,Normal,Low,0.22,97.8,12.7,Good,30.4,97.9,Low,12.750271193417763,Low,19.850590972028975,83,75.475,Highly Recommended
781,Kia,Carens,2023,11.39,Petrol,Manual,1997,19.8,4,6,Yes,Yes,No,Calm,Medium,0.33,76.5,13.24,Moderate,30.5,92.6,Low,2.5917094453913694,Low,21.334092784952638,78,63.07,Recommended
782,Skoda,Kushaq,2021,9.78,Petrol,Automatic,1498,17.0,4,6,Yes,Yes,Yes,Normal,Medium,0.25,86.3,11.86,Moderate,32.8,65.0,Low,33.54781964110021,Medium,35.91661291474541,68,69.15,Recommended
783,Maruti Suzuki,Fronx,2023,6.99,Petrol,Manual,1498,19.5,5,2,Yes,Yes,No,Normal,Low,0.14,86.3,12.78,Good,26.9,86.5,Low,9.186257384872889,Low,18.56434892151732,84,65.725,Recommended
784,Toyota,Innova,2023,14.03,CNG,Manual,1498,25.3,4,6,Yes,No,Yes,Normal,Low,0.11,85.0,12.25,Good,32.1,85.2,Low,4.404501240505638,Low,12.164168414411659,72,71.195,Recommended
785,Honda,Amaze,2025,8.04,Diesel,Manual,1197,26.7,5,4,Yes,Yes,Yes,Aggressive,Medium,0.2,83.5,12.23,Moderate,31.2,70.6,Low,8.567623736587773,Medium,43.76316729538651,73,67.855,Recommended
786,Renault,Kiger,2026,8.32,Petrol,Manual,1997,18.6,4,6,Yes,Yes,No,Calm,Medium,0.31,86.8,12.8,Good,33.4,77.9,Low,9.676136963695871,Low,17.35486234955222,84,65.59,Recommended
787,Maruti Suzuki,Fronx,2021,11.43,Petrol,Automatic,1997,16.5,4,6,Yes,Yes,No,Calm,Medium,0.05,85.4,12.75,Good,35.1,77.3,Low,14.730980321259894,Low,20.607613757057223,83,69.825,Recommended
788,Hyundai,i20,2026,15.07,Petrol,Manual,998,20.9,5,6,Yes,Yes,Yes,Aggressive,Low,0.03,105.9,12.33,Moderate,32.1,64.5,Low,24.69759599836965,Low,23.04182088245584,82,71.035,Recommended
789,Toyota,Hyryder,2024,18.21,Electric,Automatic,0,342.0,4,2,Yes,Yes,No,Normal,High,0.2,79.8,12.92,Good,31.7,95.5,Low,0.0,Medium,38.52967088852362,71,78.775,Highly Recommended
790,Kia,Seltos,2021,8.02,CNG,Manual,1290,27.5,4,6,Yes,Yes,Yes,Normal,Low,0.17,85.3,12.21,Poor,32.3,75.5,Low,29.149875877812967,Low,26.751187498547964,63,67.475,Recommended
791,Toyota,Glanza,2020,16.42,CNG,Manual,1597,25.0,5,6,Yes,Yes,No,Calm,High,0.33,86.9,12.4,Good,27.0,98.6,Low,0.0,Medium,35.27925963498439,88,72.35,Recommended
792,Kia,Carens,2022,7.59,Petrol,Manual,1997,19.7,4,7,Yes,Yes,Yes,Calm,Medium,0.22,91.8,13.16,Good,31.2,95.6,Low,12.305472680693594,Low,15.427636002764983,87,73.10499999999999,Recommended
793,Mahindra,Thar,2021,13.88,Petrol,Manual,1197,24.4,5,4,Yes,Yes,No,Normal,Low,0.1,93.0,12.42,Good,31.5,90.9,Low,0.0,Low,7.945913503625296,93,70.50999999999999,Recommended
794,Honda,City,2025,11.23,Electric,Automatic,0,431.4,3,7,Yes,No,Yes,Aggressive,Low,0.12,97.0,12.9,Good,30.5,84.8,Low,2.0160795232365647,Low,20.905297802429608,63,83.35,Highly Recommended
795,Hyundai,i20,2021,4.5,Petrol,Manual,1497,16.6,3,4,Yes,No,Yes,Risky,High,0.39,80.9,11.76,Poor,27.8,79.1,Medium,49.23442902203679,High,70.93884018872261,25,44.74,Not Recommended
796,Skoda,Kushaq,2024,15.01,Petrol,Manual,1597,21.6,3,4,Yes,No,Yes,Normal,High,0.34,90.2,12.0,Good,33.3,81.3,Low,28.54907257180735,Medium,37.504125150475076,48,55.84,Consider
797,Kia,Seltos,2025,13.33,Diesel,Manual,1497,23.6,5,2,Yes,Yes,Yes,Normal,Medium,0.26,83.1,13.04,Good,27.9,76.0,Low,4.18720475402244,Low,19.167064584062814,85,72.78999999999999,Recommended
798,Maruti Suzuki,Swift,2026,7.04,CNG,Manual,998,25.0,5,6,Yes,Yes,Yes,Normal,High,0.4,97.3,11.65,Good,32.8,77.6,Low,26.794134839519444,Medium,34.80253328303809,84,76.55000000000001,Highly Recommended
799,Hyundai,Venue,2023,12.92,Diesel,Automatic,2198,20.7,4,2,Yes,Yes,Yes,Risky,Low,0.12,84.5,12.79,Moderate,32.7,86.4,Low,6.12049776011836,Medium,40.43803236366127,63,67.455,Recommended
800,Mahindra,Scorpio,2024,13.75,Petrol,Manual,1997,13.9,3,6,Yes,No,Yes,Normal,Low,0.17,86.8,12.87,Good,31.0,100.0,Low,0.0,Low,18.5379249736788,63,61.435,Recommended
801,Tata,Harrier,2021,13.43,CNG,Manual,1199,22.9,4,4,Yes,Yes,Yes,Normal,Medium,0.1,88.2,11.98,Poor,31.7,93.9,Medium,44.33706843869898,Medium,35.036481544531036,54,62.735,Recommended
802,Maruti Suzuki,Dzire,2021,5.46,Petrol,Automatic,2198,23.3,4,4,Yes,Yes,Yes,Normal,Medium,0.14,97.3,12.3,Good,30.3,75.8,Low,7.569084674038,Low,19.049196905656697,80,75.495,Highly Recommended
803,Maruti Suzuki,Brezza,2020,4.5,Diesel,Automatic,1290,18.1,4,4,Yes,Yes,Yes,Normal,Medium,0.34,79.7,13.18,Poor,31.1,53.0,Low,29.53250543465441,Medium,35.95259447626515,56,63.915,Recommended
804,Toyota,Glanza,2026,12.88,Diesel,Manual,1290,17.0,4,4,Yes,Yes,Yes,Normal,Low,0.03,81.9,11.88,Good,31.0,92.3,Low,23.37457201153782,Low,9.428726576918216,81,70.0,Recommended
805,Volkswagen,Taigun,2021,16.86,Electric,Automatic,0,310.7,5,7,Yes,Yes,No,Aggressive,Medium,0.25,92.9,12.48,Good,29.0,97.0,Low,0.0,Medium,37.983457999133726,89,85.70125,Highly Recommended
806,Toyota,Glanza,2022,14.14,CNG,Manual,998,24.1,5,6,Yes,Yes,Yes,Calm,Low,0.0,96.2,12.09,Moderate,30.3,100.0,Low,23.72310043321176,Low,8.167633798635055,88,78.215,Highly Recommended
807,Kia,Sonet,2019,9.95,Petrol,Automatic,1199,14.2,5,2,Yes,No,Yes,Normal,Low,0.1,96.4,11.72,Good,35.1,100.0,Low,34.629962423358506,Low,12.201422121353215,68,68.73,Recommended
808,Renault,Kwid,2024,10.98,CNG,Automatic,2198,26.4,3,6,Yes,No,Yes,Normal,Low,0.0,85.0,12.38,Good,33.4,80.8,Low,5.435444112347119,Low,6.3394947368925,66,73.66,Recommended
809,Renault,Triber,2024,9.0,Electric,Manual,0,320.8,4,6,Yes,Yes,Yes,Normal,High,0.53,91.9,12.74,Good,34.1,68.2,Low,4.72772237809211,Medium,48.705293568991024,74,80.33000000000001,Highly Recommended
810,Kia,Carens,2020,13.68,Petrol,Manual,1498,20.9,4,2,Yes,Yes,Yes,Aggressive,Low,0.11,86.2,11.75,Good,28.5,40.1,Medium,39.24493179438348,Low,20.17642538643105,71,66.08500000000001,Recommended
811,Hyundai,Creta,2019,8.43,Diesel,Automatic,2198,22.2,4,2,Yes,Yes,No,Aggressive,Medium,0.3,84.9,12.14,Moderate,28.3,61.7,Low,10.07121826208283,Medium,42.80205685252283,62,61.230000000000004,Recommended
812,Skoda,Slavia,2020,8.37,Diesel,Automatic,1497,18.6,3,2,Yes,No,No,Normal,Medium,0.3,87.6,11.71,Good,29.6,73.3,Low,31.442571442233522,Medium,32.39569134896573,45,53.04,Consider
813,Hyundai,Verna,2023,6.55,Diesel,Automatic,1597,21.0,4,6,Yes,Yes,Yes,Normal,Medium,0.23,84.3,12.53,Good,33.2,76.5,Low,9.311881619694578,Low,18.33375271983168,84,76.95,Highly Recommended
814,Mahindra,Scorpio,2022,13.78,Petrol,Automatic,1497,20.8,3,2,Yes,No,Yes,Normal,High,0.54,79.0,11.92,Good,34.3,87.8,Low,24.75889500062923,Medium,37.895467075826396,44,58.92,Consider
815,Tata,Nexon,2019,9.27,Petrol,Manual,2198,18.6,5,6,Yes,Yes,Yes,Calm,Low,0.14,99.6,11.77,Moderate,30.8,94.4,Low,27.36187923584521,Low,8.828295906367048,87,72.94,Recommended
816,Maruti Suzuki,Swift,2019,7.59,Electric,Manual,0,315.5,5,6,Yes,No,No,Calm,Medium,0.19,88.0,12.59,Poor,30.0,95.8,Low,13.708265773203896,Medium,32.56415641325416,57,66.48125,Recommended
817,Kia,Sonet,2024,8.31,Petrol,Automatic,1597,18.3,4,2,Yes,Yes,Yes,Normal,Medium,0.16,92.5,12.45,Poor,35.7,76.2,Medium,35.03993300748295,Medium,39.107353788437564,50,61.245000000000005,Recommended
818,Volkswagen,Taigun,2025,11.82,Petrol,Automatic,1597,11.4,4,7,Yes,Yes,No,Aggressive,High,0.28,70.7,12.44,Good,29.7,83.0,Low,3.822464029011857,Medium,42.86763597278535,78,66.81,Recommended
819,Skoda,Kushaq,2019,10.43,Petrol,Manual,1498,18.4,4,2,Yes,Yes,No,Aggressive,Medium,0.32,97.2,12.38,Good,25.8,75.1,Low,17.771270889649912,Medium,39.98734591942353,67,57.910000000000004,Consider
820,Hyundai,i20,2020,7.9,Diesel,Manual,1290,17.6,4,4,Yes,Yes,Yes,Aggressive,Medium,0.25,88.7,12.0,Good,31.4,100.0,Low,14.694365159360977,Medium,36.325704715466806,73,66.49000000000001,Recommended
821,Tata,Altroz,2026,10.88,Petrol,Manual,1290,20.2,5,4,Yes,Yes,No,Normal,Medium,0.27,90.2,12.71,Good,29.3,56.6,Low,6.936449261788502,Medium,31.450906870917102,84,65.83000000000001,Recommended
822,Maruti Suzuki,Swift,2019,4.5,Petrol,Manual,1197,18.2,5,6,Yes,No,Yes,Risky,Low,0.09,87.5,12.63,Good,33.0,71.7,Low,11.3735139278777,Medium,32.48779631785186,72,66.13,Recommended
823,Hyundai,Creta,2019,9.04,Petrol,Manual,1290,22.1,4,2,Yes,Yes,No,Normal,Medium,0.1,95.7,12.17,Good,37.9,90.0,Low,14.405747944134959,Low,18.847500749835405,75,62.065,Recommended
824,Volkswagen,Virtus,2021,11.12,Petrol,Manual,1197,18.0,3,6,Yes,No,No,Aggressive,Low,0.0,91.8,12.21,Good,32.0,70.0,Low,9.467201915620024,Low,17.59844679976544,61,55.15,Consider
825,Kia,Carens,2026,17.24,Petrol,Automatic,1497,19.0,4,4,Yes,Yes,Yes,Normal,Low,0.0,94.0,12.62,Moderate,30.3,79.2,Low,11.852247297205295,Low,13.940415784386877,75,72.6,Recommended
826,Hyundai,i20,2020,13.0,Petrol,Automatic,1597,23.6,4,4,Yes,Yes,Yes,Risky,Low,0.11,97.9,13.09,Moderate,34.0,70.8,Low,17.58308171501901,Medium,43.424070912426984,64,68.34,Recommended
827,Volkswagen,Taigun,2021,18.04,Electric,Automatic,0,348.6,3,4,Yes,No,Yes,Normal,Medium,0.28,88.2,12.98,Moderate,29.7,78.8,Low,15.426084518506062,Medium,31.59058031214481,46,73.77250000000001,Recommended
828,Mahindra,Thar,2020,15.25,CNG,Manual,2198,27.2,2,6,Yes,No,Yes,Calm,Low,0.1,77.1,11.69,Good,33.2,41.8,Medium,37.4880772929913,Low,11.522206933586123,51,62.03,Recommended
829,Tata,Altroz,2020,4.73,CNG,Manual,1199,23.7,3,2,Yes,No,Yes,Normal,Low,0.2,91.6,12.84,Good,33.5,75.8,Low,7.0626380837360845,Low,21.588403795582504,52,61.955,Recommended
830,Honda,Elevate,2026,13.05,Diesel,Manual,1290,16.7,3,4,Yes,No,Yes,Normal,Low,0.0,78.4,11.85,Good,33.0,79.2,Low,28.428143469237234,Low,9.772886891445026,57,59.155,Consider
831,Skoda,Slavia,2021,8.05,Petrol,Manual,1498,17.5,4,6,Yes,Yes,Yes,Normal,Medium,0.25,91.6,12.97,Good,33.7,52.1,Low,16.965075923558462,Low,22.901360460769432,81,70.075,Recommended
832,Mahindra,XUV700,2025,9.26,Petrol,Automatic,1997,16.0,4,7,Yes,Yes,No,Normal,Low,0.15,88.6,11.46,Good,34.6,86.8,Low,30.71016675912602,Low,9.057410650306837,86,71.1,Recommended
833,Maruti Suzuki,Dzire,2020,6.81,Petrol,Manual,998,22.0,4,4,Yes,Yes,Yes,Normal,Low,0.09,81.5,13.09,Good,31.8,58.8,Low,12.131883226518719,Low,13.514783294523996,81,70.75,Recommended
834,Hyundai,Venue,2022,10.2,CNG,Automatic,1498,24.1,5,6,Yes,Yes,Yes,Calm,Low,0.13,94.4,12.68,Poor,34.6,81.1,Low,30.69655985031888,Low,25.034946705074493,72,76.015,Highly Recommended
835,Mahindra,Thar,2021,12.1,Diesel,Automatic,1290,17.5,5,4,Yes,No,Yes,Aggressive,Medium,0.4,98.6,12.39,Good,33.6,77.7,Low,6.625319332516343,Medium,34.80489512574791,68,69.225,Recommended
836,Kia,Carens,2026,13.18,Petrol,Manual,1197,13.0,5,6,Yes,Yes,No,Aggressive,Low,0.0,89.2,12.33,Moderate,32.2,76.0,Low,8.279548739011805,Low,24.60695751902095,84,64.75,Recommended
837,Hyundai,i20,2023,11.63,Petrol,Automatic,1997,22.0,4,4,Yes,Yes,Yes,Aggressive,Medium,0.18,69.7,12.2,Good,29.7,71.8,Low,13.952750640976092,Medium,33.45081418817394,74,72.6,Recommended
838,Renault,Kiger,2019,4.5,Petrol,Automatic,2198,15.3,4,6,Yes,Yes,Yes,Normal,Low,0.14,100.7,12.69,Good,31.5,77.5,Low,23.358212800890797,Low,17.73443426333953,82,75.195,Highly Recommended
839,Toyota,Glanza,2024,15.18,Petrol,Manual,1497,16.0,4,2,Yes,Yes,Yes,Normal,Medium,0.48,89.4,12.01,Moderate,35.9,58.6,Low,30.727701979235093,Medium,38.02570722387407,60,60.4,Recommended
840,Toyota,Hyryder,2024,14.55,Electric,Manual,0,269.2,5,2,Yes,Yes,Yes,Normal,Low,0.21,82.1,12.2,Good,32.1,72.5,Low,11.3153949535829,Low,22.66067662817236,82,81.995,Highly Recommended
841,Renault,Triber,2023,6.12,CNG,Manual,998,31.9,4,2,Yes,Yes,Yes,Risky,High,0.43,89.2,12.94,Moderate,31.1,89.0,Low,5.639966285449902,High,65.31882279069892,54,64.08500000000001,Recommended
842,Kia,Seltos,2019,11.04,CNG,Manual,1197,27.0,4,4,Yes,Yes,Yes,Normal,Medium,0.27,93.6,12.35,Good,27.5,94.4,Low,7.275327468971711,Low,29.073955723313873,77,73.69999999999999,Recommended
843,Skoda,Slavia,2025,13.43,Petrol,Manual,1597,21.3,5,6,Yes,Yes,Yes,Aggressive,High,0.55,93.3,13.0,Good,32.0,88.5,Low,3.146006221095301,Medium,52.8347684538133,81,70.64500000000001,Recommended
844,Mahindra,XUV700,2021,16.3,Electric,Automatic,0,304.8,4,6,Yes,Yes,Yes,Normal,Medium,0.22,95.7,11.94,Good,31.8,84.2,Low,24.616249548790826,Low,27.96884619816659,79,86.98,Highly Recommended
845,Skoda,Slavia,2021,10.84,Petrol,Manual,2198,19.6,4,4,Yes,Yes,Yes,Aggressive,Low,0.18,88.0,12.67,Good,27.6,74.8,Low,6.943366873211241,Low,20.443819182283796,80,69.94,Recommended
846,Volkswagen,Taigun,2025,13.42,Electric,Manual,0,435.1,4,6,Yes,Yes,Yes,Normal,High,0.42,97.5,12.88,Moderate,28.6,74.4,Low,15.047105336767158,Medium,48.88476365645815,67,80.15,Highly Recommended
847,Maruti Suzuki,Dzire,2025,8.84,Petrol,Manual,1498,18.0,3,4,Yes,No,No,Calm,Medium,0.21,94.6,13.0,Good,37.2,80.2,Low,10.430224830153845,Low,12.729226060046692,59,54.25,Consider
848,Hyundai,Exter,2023,11.03,Petrol,Manual,998,13.9,5,4,Yes,Yes,No,Normal,Medium,0.14,101.0,12.76,Moderate,31.9,65.9,Low,18.81796300903722,Low,27.589553785245883,78,62.185,Recommended
849,Honda,Amaze,2023,7.89,Petrol,Manual,1597,23.4,5,6,Yes,No,Yes,Calm,Low,0.09,97.2,11.58,Good,34.0,65.3,Low,34.54425554411084,Low,10.17457366497281,76,68.71000000000001,Recommended
850,Volkswagen,Virtus,2019,5.84,Petrol,Automatic,1498,13.9,5,7,Yes,No,Yes,Normal,Low,0.27,81.8,13.28,Moderate,32.0,84.0,Low,7.552632494835077,Low,27.828417676252975,70,69.58500000000001,Recommended
851,Tata,Harrier,2024,7.33,Petrol,Automatic,1597,19.4,2,6,Yes,No,Yes,Normal,Low,0.1,88.6,12.39,Moderate,30.8,100.0,Low,0.0,Low,19.278445630498865,48,60.510000000000005,Recommended
852,Kia,Carens,2025,17.25,Electric,Automatic,0,373.1,4,2,Yes,Yes,Yes,Normal,Medium,0.3,83.2,12.07,Good,30.6,84.1,Low,25.91191853068892,Low,20.619375680348675,73,86.84125,Highly Recommended
853,Volkswagen,Virtus,2025,15.03,Petrol,Manual,998,20.0,4,7,Yes,Yes,No,Normal,Medium,0.17,83.1,12.39,Poor,34.8,91.9,Low,24.51677044564207,Medium,33.36913375444937,64,56.8,Consider
854,Hyundai,Exter,2022,4.5,Diesel,Manual,1597,21.8,5,6,Yes,No,Yes,Normal,Medium,0.26,82.6,12.25,Good,31.9,62.2,Low,11.584626154017407,Low,25.242401212220646,74,67.57000000000001,Recommended
855,Maruti Suzuki,Dzire,2024,8.04,Petrol,Automatic,1498,18.1,3,7,Yes,No,No,Normal,Low,0.13,90.9,12.81,Good,28.1,97.1,Low,3.3922295780554457,Low,8.781350595304245,67,62.865,Recommended
856,Maruti Suzuki,Dzire,2022,8.25,Petrol,Automatic,998,14.8,4,6,Yes,Yes,Yes,Calm,Low,0.02,99.5,12.73,Good,31.1,82.0,Low,6.11520046936595,Low,7.9487934228146075,88,77.82,Highly Recommended
857,Volkswagen,Virtus,2025,4.5,Petrol,Automatic,1498,15.9,4,6,Yes,Yes,Yes,Normal,Medium,0.29,91.2,12.63,Good,25.9,100.0,Low,8.548649223566994,Low,25.66854300743716,82,75.285,Highly Recommended
858,Toyota,Hyryder,2025,18.65,Electric,Manual,0,279.4,3,7,Yes,No,Yes,Aggressive,Low,0.09,96.0,12.31,Moderate,29.4,73.8,Low,10.86043951039747,Low,29.78235302253167,53,69.3275,Recommended
859,Honda,City,2023,8.16,Petrol,Automatic,1997,20.4,3,6,Yes,No,Yes,Risky,Low,0.18,88.7,12.69,Poor,31.0,58.0,Medium,42.13514757172112,Medium,50.40062927580338,30,52.56,Consider
860,Maruti Suzuki,Fronx,2026,6.12,Diesel,Manual,1498,11.6,3,6,Yes,No,Yes,Risky,Medium,0.36,96.7,13.29,Moderate,35.7,77.4,Low,4.813367843838112,High,64.12908101792965,40,50.739999999999995,Consider
861,Maruti Suzuki,Brezza,2022,4.5,Diesel,Automatic,2198,19.8,4,6,Yes,Yes,Yes,Normal,Low,0.31,92.9,12.29,Moderate,36.6,89.1,Low,5.155121842098807,Low,14.720726823112727,80,74.97,Recommended
862,Renault,Kiger,2026,9.96,Diesel,Automatic,1997,15.2,3,4,Yes,No,Yes,Normal,Low,0.2,90.5,13.1,Good,32.3,73.7,Low,10.769835713835814,Low,20.791803519157014,56,63.480000000000004,Recommended
863,Mahindra,XUV 3XO,2023,17.47,Electric,Manual,0,370.4,3,6,Yes,No,Yes,Calm,Low,0.01,86.2,12.79,Moderate,28.2,84.2,Low,1.1258150108296077,Low,11.747700340088029,59,75.44,Highly Recommended
864,Tata,Curvv,2026,14.92,Petrol,Manual,998,23.0,4,6,Yes,Yes,Yes,Normal,Medium,0.21,91.3,12.83,Poor,31.3,92.7,Low,22.90500689293331,Low,29.08504802415635,63,62.8,Recommended
865,Volkswagen,Virtus,2024,8.01,Diesel,Manual,998,22.5,3,2,Yes,No,Yes,Calm,Medium,0.31,94.5,12.77,Good,33.2,99.5,Low,2.840054641368785,Low,28.80680417759676,50,56.875,Consider
866,Honda,Amaze,2026,9.44,Petrol,Automatic,998,23.7,5,4,Yes,Yes,Yes,Calm,Medium,0.35,92.7,12.47,Good,33.2,75.0,Low,17.22843617459657,Low,27.565603442398135,84,77.355,Highly Recommended
867,Toyota,Innova,2024,11.9,Petrol,Automatic,1497,11.9,5,2,Yes,No,No,Calm,High,0.45,80.4,12.89,Good,32.7,78.7,Low,4.756521165671197,Medium,38.55849947155605,63,60.135000000000005,Recommended
868,Kia,Carens,2019,14.31,Electric,Manual,0,366.1,4,2,Yes,Yes,Yes,Normal,High,0.4,78.2,12.92,Moderate,29.4,100.0,Low,3.488107612162958,Medium,48.9083828755671,60,75.72874999999999,Highly Recommended
869,Skoda,Kushaq,2021,15.05,Diesel,Automatic,1597,20.8,4,7,Yes,Yes,No,Calm,Low,0.1,92.8,12.49,Good,32.1,78.2,Low,6.142425629957762,Low,13.690353841591254,88,72.72,Recommended
870,Kia,Carens,2020,10.24,Petrol,Automatic,2198,19.0,5,2,Yes,Yes,Yes,Normal,Low,0.11,91.9,12.24,Good,32.0,82.9,Low,8.685151631308775,Low,13.807979520735651,86,77.55000000000001,Highly Recommended
871,Tata,Nexon,2026,12.17,Diesel,Automatic,1498,28.8,5,6,Yes,Yes,Yes,Calm,Medium,0.2,91.2,12.39,Good,31.3,100.0,Low,2.9363813425257397,Low,13.844599880483475,95,83.07,Highly Recommended
872,Volkswagen,Taigun,2025,14.4,Petrol,Automatic,2198,25.5,5,6,Yes,Yes,No,Aggressive,Low,0.15,78.1,12.75,Good,35.2,85.7,Low,14.57069936067802,Low,26.67513504243719,88,73.42500000000001,Recommended
873,Volkswagen,Taigun,2024,15.76,Diesel,Automatic,998,18.2,5,2,Yes,Yes,Yes,Normal,Low,0.02,100.9,11.76,Poor,30.4,97.8,Medium,50.99422443039443,Low,22.888202512916425,61,66.18,Recommended
874,Mahindra,XUV 3XO,2019,11.71,Diesel,Manual,1197,18.7,5,6,Yes,Yes,Yes,Calm,High,0.4,90.0,13.23,Good,31.2,85.9,Low,9.979254201350628,Medium,39.09694176607518,85,72.055,Recommended
875,Skoda,Slavia,2021,12.97,CNG,Manual,1290,24.9,5,2,Yes,Yes,Yes,Aggressive,Low,0.0,92.4,13.0,Good,33.7,75.7,Low,6.883612690449283,Low,17.69854081563694,85,76.985,Highly Recommended
876,Honda,Amaze,2023,13.26,Electric,Automatic,0,243.5,4,6,Yes,No,Yes,Normal,Low,0.11,101.7,12.58,Good,30.8,66.2,Low,17.56521143275676,Low,22.215704019408896,67,79.28125,Highly Recommended
877,Honda,Elevate,2022,4.5,Diesel,Automatic,2198,28.1,5,6,Yes,Yes,Yes,Aggressive,Low,0.14,87.9,12.26,Moderate,26.8,92.1,Low,0.2582666299951937,Medium,30.0312674806508,83,77.565,Highly Recommended
878,Honda,City,2023,9.57,Petrol,Automatic,1199,22.9,4,6,Yes,Yes,Yes,Normal,Medium,0.19,77.8,12.89,Good,30.3,66.6,Low,17.895309625044018,Low,20.232542148426074,82,76.33500000000001,Highly Recommended
879,Hyundai,i20,2023,10.49,Petrol,Manual,1199,20.4,5,6,Yes,Yes,No,Normal,High,0.37,85.0,13.16,Good,31.8,64.1,Low,20.26919844101909,Medium,39.9467365421772,83,65.41,Recommended
880,Kia,Sonet,2025,11.09,CNG,Manual,998,21.1,4,2,Yes,Yes,Yes,Calm,Low,0.07,82.1,12.61,Good,32.1,100.0,Low,0.0,Low,9.819790488945467,81,74.61500000000001,Recommended
881,Renault,Triber,2019,9.51,Electric,Automatic,0,361.1,4,2,Yes,Yes,Yes,Normal,Low,0.13,92.7,12.99,Good,34.3,71.6,Low,22.743621149084223,Low,11.84696172000522,76,87.74125000000001,Highly Recommended
882,Volkswagen,Virtus,2020,14.3,Petrol,Manual,1290,21.2,4,6,Yes,Yes,No,Aggressive,Low,0.21,90.5,13.04,Good,25.8,87.2,Low,3.0116225719275778,Low,29.860044749072706,81,64.63,Recommended
883,Volkswagen,Taigun,2024,13.9,Electric,Manual,0,251.0,3,2,Yes,No,Yes,Normal,Medium,0.22,84.5,12.07,Good,29.9,77.1,Low,20.407341129605474,Low,26.20527031282291,49,66.4625,Recommended
884,Toyota,Urban Cruiser,2024,17.68,Electric,Manual,0,394.0,4,2,Yes,Yes,Yes,Risky,Medium,0.24,86.2,12.07,Moderate,31.0,69.1,Low,26.223311261294768,Medium,53.40630635008818,55,74.525,Recommended
885,Tata,Curvv,2022,12.54,Diesel,Manual,1197,22.0,4,6,Yes,Yes,Yes,Normal,Low,0.06,90.1,12.69,Moderate,29.2,96.8,Low,6.363023047635501,Low,8.250493996106007,82,71.19999999999999,Recommended
886,Volkswagen,Virtus,2020,15.76,Petrol,Manual,998,22.5,3,2,Yes,No,Yes,Normal,Low,0.05,86.1,12.25,Good,34.7,81.3,Low,5.399108443021655,Low,21.630080082041488,53,58.225,Consider
887,Honda,Amaze,2025,12.0,CNG,Manual,1498,27.5,4,6,Yes,Yes,Yes,Normal,Low,0.15,87.5,12.41,Poor,34.6,99.2,Low,22.14297175747935,Medium,30.410656378621677,63,67.475,Recommended
888,Mahindra,XUV700,2021,12.28,CNG,Automatic,1197,21.9,4,6,Yes,Yes,No,Normal,High,0.31,84.1,12.42,Good,29.6,100.0,Low,0.0,Medium,32.563809075621606,81,73.735,Recommended
889,Skoda,Slavia,2026,14.62,CNG,Manual,1597,25.4,2,6,Yes,No,No,Risky,Low,0.1,81.3,12.63,Good,33.5,40.1,Medium,36.75378091912581,Medium,39.52989867217453,42,51.71,Consider
890,Tata,Altroz,2024,10.48,Petrol,Automatic,1197,20.6,4,6,Yes,Yes,Yes,Normal,Low,0.0,82.4,12.51,Good,31.0,97.3,Low,0.2001451302113756,Low,2.6831558891441043,91,80.04,Highly Recommended
891,Maruti Suzuki,Swift,2022,8.92,Diesel,Manual,2198,20.6,4,4,Yes,Yes,Yes,Normal,High,0.44,85.3,13.18,Moderate,32.3,87.1,Low,1.1361979268448437,Medium,37.364983136158315,69,65.14,Recommended
892,Toyota,Urban Cruiser,2025,11.51,Petrol,Automatic,1199,12.2,4,4,Yes,Yes,No,Calm,High,0.29,96.2,12.43,Moderate,31.3,66.3,Low,8.29061448625605,Medium,41.90452386203435,66,61.53,Recommended
893,Hyundai,Verna,2023,4.5,Diesel,Automatic,1290,18.4,4,7,Yes,Yes,Yes,Aggressive,Medium,0.22,99.3,12.85,Moderate,34.1,100.0,Low,18.635080050808696,Medium,41.300302949874755,71,70.71000000000001,Recommended
894,Renault,Kiger,2023,10.98,Diesel,Manual,1290,18.5,2,6,Yes,No,Yes,Normal,Low,0.02,84.5,12.65,Good,32.2,89.0,Low,2.134186496333767,Low,15.836711532207659,55,58.525,Consider
895,Toyota,Urban Cruiser,2019,11.08,CNG,Manual,1290,25.6,4,6,Yes,No,Yes,Calm,Low,0.0,86.8,13.15,Good,28.0,81.3,Low,13.48214582086301,Low,7.3015818043412875,72,71.24,Recommended
896,Toyota,Glanza,2024,14.11,CNG,Automatic,1997,25.6,5,6,Yes,Yes,Yes,Normal,Medium,0.2,85.9,12.81,Good,36.3,66.8,Low,12.692375361485144,Low,22.083676751816206,90,84.34,Highly Recommended
897,Toyota,Glanza,2023,11.36,Diesel,Manual,1199,21.1,3,4,Yes,No,No,Normal,Medium,0.22,88.4,12.34,Poor,29.7,54.7,Low,32.34276662946731,Medium,39.016211469362055,31,42.115,Not Recommended
898,Hyundai,i20,2025,8.26,CNG,Manual,1497,25.8,4,2,Yes,Yes,No,Aggressive,Medium,0.36,88.3,11.73,Good,33.0,78.5,Low,26.227143421894276,Low,28.741523734160857,70,64.37,Recommended
899,Maruti Suzuki,Baleno,2025,4.5,Petrol,Automatic,2198,15.3,4,6,Yes,No,Yes,Aggressive,Low,0.07,79.6,13.13,Good,29.4,61.4,Low,11.771134287889538,Low,23.761740059452606,67,68.445,Recommended
900,Mahindra,Thar,2020,20.04,Diesel,Manual,998,19.4,5,6,Yes,Yes,Yes,Aggressive,High,0.37,80.6,12.84,Poor,34.9,72.3,Low,24.39787448976613,High,63.806725665883135,59,60.46,Recommended
901,Toyota,Hyryder,2021,11.14,Diesel,Automatic,1290,23.0,4,6,Yes,Yes,Yes,Calm,Medium,0.15,87.7,12.49,Moderate,32.6,91.6,Low,8.877559370767433,Low,28.649047490588625,75,73.2,Recommended
902,Mahindra,Thar,2022,12.78,Diesel,Automatic,1597,19.3,4,2,Yes,Yes,No,Calm,Low,0.07,92.0,12.55,Good,31.5,100.0,Low,0.0,Low,11.197495320792093,80,68.89500000000001,Recommended
903,Honda,Amaze,2025,5.33,CNG,Automatic,1290,25.5,4,6,Yes,Yes,Yes,Aggressive,Medium,0.29,85.5,12.25,Good,30.0,71.9,Low,8.637140542725756,Medium,37.2226135731046,78,78.92500000000001,Highly Recommended
904,Tata,Curvv,2026,16.96,CNG,Manual,1597,25.9,5,6,Yes,Yes,Yes,Normal,High,0.57,86.1,12.86,Good,33.3,78.6,Low,0.0,Medium,42.59925312904729,85,77.13499999999999,Highly Recommended
905,Skoda,Slavia,2021,14.08,Electric,Manual,0,399.8,4,2,Yes,Yes,Yes,Aggressive,Low,0.0,85.4,11.69,Good,34.2,92.1,Low,25.21047349614902,Low,24.871700517557194,72,82.3925,Highly Recommended
906,Tata,Nexon,2024,9.13,Petrol,Automatic,1197,22.8,4,2,Yes,No,Yes,Normal,High,0.24,88.7,11.64,Moderate,30.3,59.7,Medium,38.194653313661014,Medium,44.03751134873594,42,58.32,Consider
907,Renault,Triber,2026,6.97,Diesel,Automatic,998,20.1,4,4,Yes,Yes,Yes,Aggressive,Medium,0.14,86.4,12.7,Good,28.5,73.9,Low,6.794876054800627,Medium,33.574054092124726,75,72.765,Recommended
908,Skoda,Slavia,2022,12.2,Diesel,Manual,1498,21.8,5,2,Yes,Yes,No,Normal,High,0.42,96.5,13.13,Good,33.6,79.1,Low,19.80030116503806,Medium,34.8508335024222,77,62.92,Recommended
909,Tata,Harrier,2024,16.99,Petrol,Manual,1597,19.4,4,4,Yes,No,Yes,Normal,Low,0.18,94.5,13.08,Good,32.9,89.3,Low,3.0211489321434613,Low,11.056883792043351,69,64.96000000000001,Recommended
910,Honda,City,2024,14.35,Diesel,Automatic,1497,22.3,3,6,Yes,No,No,Aggressive,Medium,0.24,89.9,12.8,Good,30.1,69.3,Low,18.789027486534287,Medium,38.55649506202313,53,57.195,Consider
911,Renault,Kiger,2022,9.91,CNG,Automatic,1498,23.2,5,2,Yes,Yes,No,Aggressive,Medium,0.22,94.7,12.71,Good,32.7,87.4,Low,0.0,Medium,38.6863367670184,78,72.58,Recommended
912,Renault,Kwid,2025,8.32,Petrol,Manual,998,19.5,5,2,Yes,Yes,Yes,Aggressive,High,0.54,80.4,12.55,Good,31.2,71.2,Low,6.221449995007491,High,58.553368819232475,71,65.875,Recommended
913,Volkswagen,Virtus,2019,9.31,CNG,Manual,2198,24.5,3,4,Yes,No,No,Calm,Low,0.09,86.7,12.35,Good,32.2,85.8,Low,5.3080439938910295,Low,14.876596688076809,59,59.225,Consider
914,Hyundai,Exter,2024,11.43,CNG,Manual,998,26.8,3,2,Yes,No,Yes,Normal,Low,0.01,90.9,13.29,Good,26.6,82.3,Low,5.671806039004827,Low,5.795949860983587,58,65.12,Recommended
915,Toyota,Innova,2019,7.02,Petrol,Manual,1997,16.7,4,6,Yes,Yes,No,Normal,Low,0.19,83.4,12.01,Moderate,30.5,47.2,Medium,35.75215680226514,Low,23.219402220728902,73,60.355000000000004,Recommended
916,Toyota,Glanza,2024,18.05,CNG,Automatic,1497,22.1,4,6,Yes,Yes,Yes,Normal,Low,0.05,90.3,12.59,Good,31.3,73.4,Low,16.658167652634575,Low,14.942587173110363,84,81.11500000000001,Highly Recommended
917,Toyota,Urban Cruiser,2021,9.49,Petrol,Manual,1497,17.2,3,6,Yes,No,No,Calm,Medium,0.01,75.9,12.38,Good,36.7,71.8,Low,9.01676511289792,Low,11.852536970861427,63,55.93,Consider
918,Kia,Sonet,2025,11.96,Petrol,Automatic,1199,19.0,4,6,Yes,Yes,Yes,Normal,Low,0.14,91.5,13.34,Good,33.8,92.5,Low,5.973104654676549,Low,8.772793468623503,88,78.45,Highly Recommended
919,Tata,Harrier,2021,7.47,Petrol,Automatic,1290,17.6,4,4,Yes,Yes,Yes,Normal,Low,0.03,85.0,13.2,Poor,31.9,96.4,Low,27.330081254670297,Low,25.240465491385415,60,65.64,Recommended
920,Volkswagen,Virtus,2025,8.95,Diesel,Manual,2198,22.2,4,6,Yes,Yes,Yes,Calm,Low,0.15,83.7,12.8,Good,34.3,79.0,Low,9.352719080784741,Low,1.8773840915412787,90,74.83,Recommended
921,Hyundai,Exter,2019,5.51,Petrol,Manual,1997,16.8,4,2,Yes,No,Yes,Calm,Low,0.07,95.5,12.91,Good,31.6,71.4,Low,8.410881774152921,Low,4.171270540133849,66,63.22,Recommended
922,Maruti Suzuki,Fronx,2026,13.19,Electric,Manual,0,376.8,3,6,Yes,No,Yes,Risky,Low,0.26,77.3,13.41,Good,33.8,92.8,Low,6.8616640866511585,Medium,40.66783670906415,54,73.43,Recommended
923,Tata,Altroz,2024,5.11,Petrol,Automatic,1290,16.7,4,2,Yes,Yes,Yes,Normal,Low,0.27,104.5,12.65,Good,31.2,81.4,Low,15.23419680607675,Low,15.400248818441456,76,72.70500000000001,Recommended
924,Tata,Punch,2020,9.89,CNG,Automatic,998,22.9,4,6,Yes,Yes,Yes,Risky,High,0.39,87.4,12.57,Good,32.8,90.7,Low,8.209252134231123,High,57.391303658488525,71,75.38499999999999,Highly Recommended
925,Tata,Nexon,2024,10.88,Electric,Manual,0,270.1,4,2,Yes,Yes,Yes,Normal,Low,0.17,79.7,12.46,Poor,32.4,52.3,Medium,37.350912272583095,Low,27.9450595657267,54,69.42875000000001,Recommended
926,Hyundai,Exter,2024,10.07,Petrol,Automatic,998,19.3,3,4,Yes,No,No,Normal,Low,0.26,78.2,12.37,Good,32.4,93.7,Low,3.053275594221347,Low,14.733136586657347,59,59.445,Consider
927,Tata,Altroz,2020,13.95,Electric,Manual,0,191.8,3,6,Yes,No,Yes,Normal,Medium,0.37,78.1,12.01,Good,31.1,82.6,Low,25.52846586815125,Low,25.829695048135967,56,67.3925,Recommended
928,Maruti Suzuki,Fronx,2019,5.84,Petrol,Automatic,998,17.6,5,6,Yes,Yes,Yes,Calm,Medium,0.24,87.8,12.73,Good,35.5,89.6,Low,4.027883035578432,Low,24.38135772213642,91,79.59,Highly Recommended
929,Honda,Amaze,2022,5.35,Petrol,Automatic,1597,18.1,4,4,Yes,Yes,No,Calm,Low,0.1,89.0,12.86,Good,32.9,92.4,Low,6.220824303695263,Low,12.933887423525478,83,70.065,Recommended
930,Honda,Elevate,2020,11.21,Petrol,Manual,1199,21.1,3,4,Yes,No,Yes,Aggressive,Low,0.17,86.3,12.5,Moderate,33.6,88.8,Low,7.053342858016419,Medium,32.99355989656948,46,54.864999999999995,Consider
931,Honda,Amaze,2024,11.12,CNG,Automatic,1997,29.5,4,4,Yes,Yes,Yes,Normal,Low,0.21,99.6,12.49,Good,33.8,65.4,Low,17.460487976072802,Low,22.771148424807752,77,79.07499999999999,Highly Recommended
932,Kia,Seltos,2024,12.36,Diesel,Manual,1497,26.3,5,6,Yes,Yes,No,Normal,High,0.38,94.3,12.16,Good,29.3,79.0,Low,6.2603840741086,Medium,36.0893826603498,86,67.64500000000001,Recommended
933,Skoda,Slavia,2021,12.69,Petrol,Manual,998,15.2,3,2,Yes,No,No,Normal,Low,0.11,105.9,12.16,Moderate,34.0,63.6,Low,12.71871081297034,Low,14.795607428151307,48,48.88,Consider
934,Tata,Harrier,2020,6.38,Petrol,Automatic,1497,18.7,4,6,Yes,Yes,Yes,Aggressive,Low,0.02,86.3,13.17,Good,28.6,67.8,Low,3.2152408329139437,Low,16.21690848477112,86,77.505,Highly Recommended
935,Toyota,Hyryder,2019,10.36,CNG,Manual,1997,25.7,5,6,Yes,No,Yes,Calm,Medium,0.26,69.6,12.61,Good,31.1,76.4,Low,6.499708852340813,Low,22.203276888395663,76,73.055,Recommended
936,Mahindra,Thar,2026,10.27,CNG,Manual,1997,23.6,3,2,Yes,No,Yes,Normal,Low,0.08,84.6,12.04,Good,32.7,64.7,Medium,37.29861400360982,Low,12.684254337154035,51,61.489999999999995,Recommended
937,Volkswagen,Virtus,2025,16.92,Diesel,Manual,1498,21.3,4,6,Yes,Yes,Yes,Risky,Medium,0.23,89.3,12.66,Good,29.7,57.5,Low,15.039422133258727,Medium,42.99610652043876,75,67.945,Recommended
938,Skoda,Slavia,2024,14.97,Petrol,Automatic,1497,20.7,4,4,Yes,Yes,Yes,Normal,Medium,0.27,90.3,13.07,Good,30.5,93.6,Low,3.221081972690671,Low,23.412005037831133,79,74.655,Recommended
939,Toyota,Urban Cruiser,2025,18.03,Petrol,Manual,1497,19.7,5,6,Yes,Yes,Yes,Risky,Medium,0.26,82.9,13.31,Moderate,32.8,57.9,Low,14.244356305820222,Medium,49.914825448527665,74,67.255,Recommended
940,Hyundai,Exter,2022,17.18,Electric,Automatic,0,277.8,5,4,Yes,Yes,Yes,Normal,High,0.33,83.5,12.34,Good,27.7,60.1,Low,7.1365846635341015,Medium,44.20677580274388,79,85.9675,Highly Recommended
941,Maruti Suzuki,Baleno,2026,8.11,Petrol,Manual,1199,19.9,3,4,Yes,No,Yes,Calm,Medium,0.27,94.2,12.26,Good,31.7,95.2,Low,13.950753300290405,Low,16.02533807226701,57,59.635000000000005,Consider
942,Toyota,Innova,2022,11.27,Petrol,Manual,1197,18.5,4,4,Yes,Yes,Yes,Risky,Low,0.16,80.6,12.75,Moderate,31.9,62.9,Low,17.359771281571234,Medium,48.0921817238835,63,62.125,Recommended
943,Toyota,Hyryder,2026,14.75,Diesel,Automatic,1597,22.3,3,4,Yes,No,Yes,Normal,Low,0.15,92.1,12.57,Good,33.0,80.1,Low,4.214202428419879,Low,9.602651351393643,61,66.795,Recommended
944,Skoda,Slavia,2025,16.35,CNG,Automatic,1498,22.6,4,6,Yes,Yes,No,Normal,Medium,0.37,91.4,13.36,Good,34.7,72.6,Low,4.917453583353546,Low,24.60416043679648,83,74.74000000000001,Recommended
945,Honda,Elevate,2026,13.15,CNG,Automatic,998,20.4,4,2,Yes,Yes,Yes,Normal,Low,0.07,78.9,12.24,Good,34.2,83.3,Low,11.852180254977103,Low,18.31680847847749,76,77.26,Highly Recommended
946,Hyundai,i20,2021,12.71,Petrol,Automatic,1597,12.1,3,6,Yes,No,Yes,Aggressive,Medium,0.2,94.0,13.17,Moderate,31.9,74.3,Low,13.682794411024869,Medium,42.49877620013032,46,58.515,Consider
947,Renault,Kiger,2019,4.5,Petrol,Manual,1597,14.5,5,6,Yes,Yes,Yes,Normal,Low,0.29,87.4,11.95,Good,30.1,49.2,Medium,40.37884774023234,Low,12.133528736867486,90,73.675,Recommended
948,Honda,City,2025,12.1,Petrol,Manual,1290,20.3,5,6,Yes,Yes,No,Normal,Medium,0.22,85.5,13.1,Good,28.9,65.6,Low,16.865255423070025,Low,22.73097062294829,90,68.545,Recommended
949,Hyundai,i20,2023,4.5,Petrol,Manual,998,19.8,3,2,Yes,No,Yes,Calm,Low,0.15,78.9,12.64,Good,34.9,88.8,Low,6.485648292960125,Low,2.0503149409183434,59,60.519999999999996,Recommended
950,Renault,Kwid,2025,11.94,Petrol,Automatic,1197,18.8,5,6,Yes,Yes,No,Normal,High,0.38,92.1,13.06,Good,32.4,87.8,Low,0.0,Medium,43.261391191006396,85,71.07,Recommended
951,Honda,Amaze,2023,10.43,CNG,Automatic,1290,23.9,4,6,Yes,Yes,Yes,Normal,Low,0.17,82.6,12.6,Good,28.0,69.0,Low,10.598415853636448,Low,15.485634899654134,85,81.83500000000001,Highly Recommended
952,Skoda,Kushaq,2023,11.22,Petrol,Manual,1497,12.2,3,6,Yes,No,Yes,Aggressive,Low,0.05,89.8,11.91,Good,32.0,89.1,Medium,35.979781423399636,Low,24.811183155821666,55,57.58,Consider
953,Maruti Suzuki,Fronx,2021,5.59,Diesel,Manual,1290,14.2,4,6,Yes,Yes,Yes,Normal,Medium,0.28,89.2,11.77,Poor,31.5,70.1,Medium,48.9125855890354,Medium,35.071414435977665,57,58.78,Consider
954,Honda,Elevate,2023,12.86,Petrol,Automatic,1197,24.7,3,6,Yes,No,Yes,Normal,Low,0.06,99.9,13.11,Good,30.1,76.0,Low,7.99957451999019,Low,10.813682148356582,64,68.505,Recommended
955,Mahindra,Thar,2019,15.96,Petrol,Manual,1290,18.7,5,6,Yes,No,Yes,Normal,Low,0.07,84.5,11.94,Good,30.9,65.1,Low,28.380918666613596,Low,13.548421985851636,76,68.005,Recommended
956,Mahindra,XUV 3XO,2021,12.65,Diesel,Manual,1997,19.9,4,2,Yes,Yes,Yes,Normal,Low,0.04,93.3,13.12,Poor,32.0,88.9,Low,29.26193826542564,Low,23.39577116551762,56,59.185,Consider
957,Mahindra,Thar,2026,12.84,Diesel,Manual,998,16.2,4,2,Yes,Yes,Yes,Calm,Low,0.06,78.0,12.92,Good,35.9,85.3,Low,0.0,Low,8.662437853734371,81,69.88,Recommended
958,Skoda,Slavia,2021,14.38,Petrol,Automatic,1997,15.4,4,2,Yes,Yes,Yes,Calm,Low,0.1,81.5,11.57,Good,30.7,94.7,Low,17.94072180859937,Low,9.811082454255168,78,73.41,Recommended
959,Maruti Suzuki,Brezza,2025,14.84,Petrol,Manual,1197,10.0,3,2,Yes,No,Yes,Normal,Medium,0.15,79.9,12.87,Poor,31.4,77.7,Low,22.17334569903711,Medium,34.284082793345696,31,46.45,Consider
960,Mahindra,Thar,2021,14.08,Petrol,Automatic,1498,23.2,5,6,Yes,Yes,No,Aggressive,Low,0.06,83.1,12.74,Good,30.5,90.5,Low,3.5188566517801614,Low,25.556039261202905,91,74.43,Recommended
961,Volkswagen,Virtus,2025,16.14,Petrol,Manual,1197,18.7,5,6,Yes,Yes,Yes,Aggressive,Low,0.02,90.8,12.82,Good,34.9,83.9,Low,2.1588264683295733,Low,23.777208725895054,91,74.755,Recommended
962,Volkswagen,Virtus,2023,12.09,CNG,Automatic,1597,24.5,5,4,Yes,Yes,No,Normal,Medium,0.3,93.3,11.48,Moderate,31.7,88.2,Low,23.524845932271017,Low,29.073159134185925,76,71.875,Recommended
963,Kia,Seltos,2023,14.93,Electric,Manual,0,423.6,5,7,Yes,Yes,Yes,Aggressive,Low,0.29,91.2,12.87,Good,31.5,68.8,Low,11.274939918677884,Low,29.023733902422816,90,90.5,Highly Recommended
964,Renault,Kwid,2019,14.38,Electric,Automatic,0,282.8,4,6,Yes,Yes,No,Normal,Low,0.17,96.3,11.95,Good,34.3,68.1,Low,24.402104820660863,Low,9.114975923221085,85,82.855,Highly Recommended
965,Tata,Harrier,2019,5.43,CNG,Automatic,1997,21.1,3,2,Yes,No,Yes,Normal,Medium,0.4,80.7,12.23,Moderate,34.9,45.5,Low,19.511684094531496,Medium,30.05142809374442,42,62.065,Recommended
966,Volkswagen,Virtus,2024,12.38,Petrol,Manual,1197,20.2,4,4,Yes,Yes,Yes,Aggressive,Low,0.11,81.5,12.65,Good,35.1,67.8,Low,7.931013728671564,Low,26.2246407901583,78,69.13,Recommended
967,Honda,Amaze,2023,6.74,Petrol,Manual,1199,16.9,4,2,Yes,Yes,Yes,Normal,Medium,0.17,100.7,12.51,Good,28.3,100.0,Low,2.590373117723743,Medium,30.64735295400459,73,66.38499999999999,Recommended
968,Renault,Triber,2021,13.8,Petrol,Manual,1290,19.8,4,2,Yes,Yes,Yes,Normal,High,0.26,90.7,12.82,Moderate,36.7,98.0,Low,5.2697614958558585,Medium,45.52728297611206,61,61.42,Recommended
969,Honda,Amaze,2024,13.62,CNG,Manual,1197,24.9,5,6,Yes,Yes,Yes,Normal,Low,0.04,78.7,12.08,Good,35.2,76.9,Low,30.5665719777839,Low,10.757981689504337,92,80.13499999999999,Highly Recommended
970,Renault,Kwid,2020,10.86,Electric,Automatic,0,302.9,4,6,Yes,Yes,No,Risky,Medium,0.39,89.7,12.71,Good,28.1,76.8,Low,6.503889955065499,Medium,52.6381375228783,73,78.20875000000001,Highly Recommended
971,Hyundai,i20,2022,11.17,CNG,Automatic,1199,28.3,3,2,Yes,No,Yes,Normal,Low,0.06,92.2,12.94,Poor,36.0,52.9,Low,31.58999982526591,Medium,34.91126074493247,29,57.295,Consider
972,Hyundai,Venue,2025,8.25,Electric,Automatic,0,307.5,4,6,Yes,Yes,Yes,Normal,High,0.39,92.1,12.29,Moderate,33.1,58.7,Low,14.967480003851852,Medium,44.11140671731283,68,82.13125,Highly Recommended
973,Mahindra,Scorpio,2024,15.75,Petrol,Manual,1199,19.3,5,6,Yes,Yes,Yes,Normal,Low,0.21,91.6,12.64,Moderate,31.2,84.2,Low,3.2244340289808813,Low,23.641186830485214,85,72.14500000000001,Recommended
974,Kia,Carens,2025,14.95,Petrol,Automatic,1498,19.3,4,4,Yes,Yes,Yes,Normal,Medium,0.09,93.8,12.68,Poor,35.7,73.3,Low,34.2929284070633,Medium,33.064089388705895,56,64.095,Recommended
975,Volkswagen,Virtus,2022,13.21,Electric,Manual,0,395.9,4,2,Yes,Yes,Yes,Normal,Low,0.06,86.3,12.4,Good,32.6,77.3,Low,4.36232010585231,Low,11.79720806660542,79,85.39625000000001,Highly Recommended
976,Maruti Suzuki,Baleno,2019,11.63,Electric,Automatic,0,314.8,4,2,Yes,Yes,Yes,Aggressive,Medium,0.28,97.3,11.64,Good,34.5,100.0,Low,13.004105141476316,Medium,38.861746005115336,68,82.405,Highly Recommended
977,Volkswagen,Taigun,2026,12.37,CNG,Manual,1197,22.8,5,2,Yes,Yes,Yes,Normal,Low,0.23,91.8,12.05,Poor,28.4,64.0,High,60.38651327945114,Low,28.548355653350093,58,64.52000000000001,Recommended
978,Renault,Triber,2024,10.6,Petrol,Automatic,1199,20.2,3,4,Yes,No,Yes,Calm,Medium,0.29,88.4,12.68,Good,34.0,100.0,Low,0.0,Low,22.216835223958114,57,64.68,Recommended
979,Volkswagen,Virtus,2024,13.05,Diesel,Manual,998,18.0,3,6,Yes,No,Yes,Normal,Low,0.15,84.9,12.91,Good,33.6,81.2,Low,9.58324542814266,Low,17.727992207702155,61,61.15,Recommended
980,Kia,Seltos,2025,5.99,Petrol,Automatic,1197,18.6,3,6,Yes,No,Yes,Risky,Medium,0.18,90.8,12.22,Good,31.2,94.4,Low,8.267006512593692,Medium,42.65821272883092,53,62.64,Recommended
981,Mahindra,XUV 3XO,2020,14.91,Electric,Manual,0,280.5,5,2,Yes,Yes,Yes,Calm,Low,0.03,87.0,12.47,Moderate,33.0,67.5,Low,8.673696273218123,Low,11.194629080659835,81,81.96875,Highly Recommended
982,Tata,Altroz,2019,9.36,Petrol,Manual,2198,16.4,5,6,Yes,Yes,No,Normal,Medium,0.01,92.8,12.51,Good,31.4,60.8,Low,12.984866677894132,Low,22.02654914378016,90,67.96000000000001,Recommended
983,Mahindra,XUV700,2023,10.51,Petrol,Manual,1197,22.2,4,6,Yes,No,Yes,Normal,Medium,0.08,96.8,12.95,Good,25.0,74.1,Low,6.100668869973335,Low,25.096427135838162,67,64.48,Recommended
984,Toyota,Hyryder,2024,12.91,Petrol,Manual,2198,25.3,4,2,Yes,Yes,Yes,Normal,Low,0.13,87.7,12.77,Good,34.5,80.1,Low,0.0,Low,15.841544157485295,78,69.89500000000001,Recommended
985,Kia,Sonet,2019,11.07,Petrol,Manual,1597,26.5,5,6,Yes,No,Yes,Calm,Medium,0.26,98.0,13.05,Good,29.9,76.9,Low,7.008564687311521,Low,5.399633763637432,82,71.875,Recommended
986,Mahindra,Scorpio,2020,15.92,Electric,Manual,0,368.9,5,4,Yes,No,Yes,Normal,Medium,0.2,95.8,12.13,Good,32.2,100.0,Low,4.851257318302846,Low,20.20709504229656,73,81.68375,Highly Recommended
987,Toyota,Hyryder,2021,12.16,Electric,Manual,0,379.5,3,2,Yes,No,No,Normal,Medium,0.19,97.0,13.04,Good,32.7,86.9,Low,8.578222907390005,Low,18.379796695142126,53,67.08125,Recommended
988,Tata,Punch,2019,5.21,Petrol,Manual,1497,19.2,4,6,Yes,No,Yes,Normal,Medium,0.24,80.8,12.55,Good,35.7,60.8,Low,6.126993813056357,Low,24.048538320166088,68,64.48,Recommended
989,Honda,Amaze,2026,13.94,Petrol,Manual,1597,14.2,2,6,Yes,No,Yes,Normal,Low,0.24,89.0,11.82,Moderate,36.6,85.1,Low,31.139919952454605,Low,17.85933875321512,44,52.93,Consider
990,Toyota,Urban Cruiser,2026,14.82,Petrol,Manual,1498,22.0,3,2,Yes,No,Yes,Normal,Low,0.16,88.5,12.15,Good,29.6,90.1,Low,6.322734637491072,Low,13.11439026760841,55,59.05,Consider
991,Volkswagen,Virtus,2023,11.6,Petrol,Manual,1199,18.1,5,4,Yes,Yes,Yes,Aggressive,Low,0.14,83.2,12.59,Good,31.9,94.4,Low,4.970920594352106,Low,24.994224174582698,87,72.86500000000001,Recommended
992,Renault,Kiger,2025,7.6,Diesel,Automatic,1290,14.1,4,4,Yes,Yes,Yes,Calm,Low,0.12,87.6,12.7,Good,33.4,67.2,Low,8.05098146550422,Low,11.940960190230996,83,75.465,Highly Recommended
993,Toyota,Hyryder,2022,17.09,Petrol,Manual,998,20.1,5,6,Yes,Yes,Yes,Normal,High,0.34,76.9,12.6,Moderate,33.5,62.0,Low,18.787607528224527,Medium,42.56212059257464,76,68.215,Recommended
994,Toyota,Hyryder,2024,17.14,Diesel,Automatic,998,20.3,5,6,Yes,Yes,Yes,Risky,Medium,0.27,81.4,11.75,Good,32.1,82.9,Low,18.886144766128762,Medium,50.042697288471786,80,75.045,Highly Recommended
995,Honda,Amaze,2026,9.01,Petrol,Automatic,1199,24.4,4,2,Yes,No,Yes,Normal,Medium,0.21,93.4,13.13,Good,35.0,74.8,Low,6.612009906720732,Low,17.974747064798446,62,67.56,Recommended
996,Maruti Suzuki,Brezza,2024,10.91,Electric,Manual,0,444.7,4,6,Yes,Yes,Yes,Aggressive,Low,0.22,97.3,12.5,Moderate,31.7,63.2,Low,16.200185583851027,Medium,30.382375803020157,73,82.85,Highly Recommended
997,Volkswagen,Virtus,2026,6.42,CNG,Manual,1199,23.9,4,6,Yes,Yes,No,Normal,Low,0.28,85.5,12.58,Good,31.4,65.4,Low,10.556826979141762,Low,16.94894191409659,84,70.385,Recommended
998,Tata,Punch,2022,12.47,Petrol,Manual,1597,16.8,5,2,Yes,Yes,No,Normal,Medium,0.07,92.0,12.67,Good,30.2,95.5,Low,2.035096591608439,Low,15.655140243720261,86,66.22,Recommended
999,Mahindra,XUV700,2020,18.2,Diesel,Automatic,2198,26.5,4,4,Yes,Yes,Yes,Aggressive,Low,0.05,86.5,12.25,Good,35.2,54.9,Low,9.046120091847037,Low,27.94648015709742,77,74.625,Recommended
1000,Tata,Altroz,2023,5.75,Petrol,Automatic,1290,18.8,2,7,Yes,No,Yes,Calm,Low,0.22,96.6,12.07,Good,29.5,78.8,Low,34.0006412465381,Low,7.058868274957673,55,63.57,Recommended
1001,Honda,Elevate,2019,11.57,Petrol,Manual,1498,15.9,4,4,Yes,Yes,Yes,Normal,High,0.17,94.3,12.11,Good,33.6,90.1,Low,1.6794850070268539,Medium,39.05056263842391,74,66.685,Recommended
1002,Mahindra,XUV 3XO,2026,18.84,Electric,Manual,0,325.6,4,2,Yes,Yes,No,Aggressive,High,0.38,83.4,12.87,Moderate,30.3,89.7,Low,8.249078900630687,Medium,52.41709518916463,58,67.31,Recommended
1003,Skoda,Kushaq,2023,14.03,CNG,Manual,1498,26.0,3,6,Yes,No,Yes,Normal,Low,0.06,94.4,11.91,Moderate,31.3,59.1,Medium,35.06144494247598,Low,17.085923657379205,52,62.3,Recommended
1004,Skoda,Kushaq,2019,20.07,Electric,Manual,0,361.7,4,6,Yes,Yes,Yes,Normal,Medium,0.32,87.5,12.45,Good,28.9,85.8,Low,10.973087331549458,Low,28.315347688467188,80,84.56375,Highly Recommended
1005,Tata,Curvv,2026,9.72,CNG,Manual,1199,21.7,4,4,Yes,Yes,Yes,Calm,Low,0.12,88.4,11.46,Good,31.0,65.4,Low,30.95106256426941,Low,14.016513518432362,78,73.355,Recommended
1006,Volkswagen,Taigun,2026,18.03,Petrol,Automatic,1997,21.1,4,6,Yes,Yes,Yes,Normal,Medium,0.17,80.0,13.11,Good,31.3,83.3,Low,7.793504451952676,Medium,31.771534232304248,80,75.16499999999999,Highly Recommended
1007,Kia,Seltos,2025,10.75,Petrol,Manual,1597,21.3,4,6,Yes,Yes,Yes,Risky,Low,0.05,90.5,11.63,Good,31.3,85.4,Low,28.04891853450559,Medium,40.329598210765845,74,67.495,Recommended
1008,Toyota,Innova,2024,12.55,CNG,Manual,1290,27.3,5,2,Yes,Yes,No,Aggressive,Low,0.11,84.6,12.86,Moderate,31.2,50.1,Low,20.436880427849307,Medium,33.18716110290193,71,65.045,Recommended
1009,Honda,Elevate,2026,14.0,Petrol,Automatic,998,21.4,4,6,Yes,Yes,No,Normal,Low,0.14,94.3,12.5,Good,30.3,64.2,Low,16.904710710328487,Low,17.964810442597766,83,70.56,Recommended
1010,Honda,City,2021,13.32,Electric,Automatic,0,441.5,3,4,Yes,No,Yes,Calm,Low,0.14,97.4,12.45,Moderate,38.0,80.0,Low,5.698956882991004,Low,18.383049153563555,52,78.4,Highly Recommended
1011,Renault,Kiger,2025,5.22,Petrol,Manual,1498,16.6,4,6,Yes,Yes,Yes,Aggressive,Low,0.14,105.2,13.41,Moderate,35.3,97.6,Low,7.8107399825545105,Medium,32.49917521345723,73,66.34,Recommended
1012,Kia,Carens,2019,10.26,Petrol,Manual,1290,19.1,4,6,Yes,Yes,Yes,Normal,Medium,0.18,89.8,12.18,Good,33.1,95.2,Low,0.0,Low,19.275729341407004,85,72.11500000000001,Recommended
1013,Kia,Carens,2023,10.74,Petrol,Automatic,1997,21.4,3,6,Yes,No,Yes,Normal,Low,0.01,90.2,12.42,Good,33.6,49.1,Low,16.45666569516487,Low,14.61710191086475,61,66.66,Recommended
1014,Kia,Seltos,2020,9.08,CNG,Manual,1197,28.8,4,6,Yes,No,Yes,Normal,Medium,0.29,94.1,12.43,Moderate,31.9,88.7,Low,1.072875780195707,Low,24.986965645075585,62,67.22,Recommended
1015,Tata,Curvv,2023,12.38,Electric,Manual,0,428.7,4,6,Yes,Yes,No,Normal,Low,0.25,93.0,12.34,Good,28.0,98.6,Low,8.465778849134615,Low,23.945336056094565,82,80.9,Highly Recommended
1016,Renault,Kiger,2025,6.67,Diesel,Automatic,1497,20.8,3,6,Yes,No,Yes,Normal,Low,0.06,92.7,13.12,Good,32.9,76.6,Low,18.218118178237074,Low,11.261615977965803,62,67.02000000000001,Recommended
1017,Hyundai,Creta,2022,7.01,Petrol,Automatic,1197,18.0,4,6,Yes,No,Yes,Aggressive,Low,0.21,88.0,11.82,Good,29.5,71.6,Low,29.970959882213332,Low,21.579287806660037,65,67.95,Recommended
1018,Hyundai,i20,2020,6.28,Petrol,Automatic,998,15.9,4,2,Yes,Yes,No,Aggressive,Medium,0.28,91.3,12.52,Good,29.4,90.6,Low,3.7835259507083494,Medium,41.39807589716257,69,63.435,Recommended
1019,Honda,Elevate,2026,13.02,Electric,Manual,0,418.6,5,6,Yes,Yes,Yes,Normal,Low,0.09,73.0,12.35,Good,26.9,78.7,Low,2.0757425566772714,Low,14.396340412373814,95,92.75,Highly Recommended
1020,Skoda,Kushaq,2020,10.66,Diesel,Manual,1197,16.1,5,6,Yes,No,No,Calm,Medium,0.25,93.9,12.38,Good,33.3,77.9,Low,16.643418867000562,Low,20.11493212978567,75,61.165,Recommended
1021,Skoda,Kushaq,2024,12.41,Petrol,Manual,998,15.8,5,6,Yes,Yes,No,Normal,High,0.57,84.8,13.4,Good,27.6,100.0,Low,0.0,Medium,41.12812617072772,86,66.07,Recommended
1022,Skoda,Slavia,2024,16.23,Electric,Manual,0,423.4,4,6,Yes,Yes,No,Calm,Low,0.18,90.8,12.74,Good,30.0,100.0,Low,0.0,Low,11.27615579882328,88,83.6,Highly Recommended
1023,Volkswagen,Virtus,2026,16.06,CNG,Manual,1498,28.0,4,2,Yes,Yes,No,Risky,Low,0.11,89.3,12.27,Moderate,32.8,100.0,Low,5.354111075418805,Medium,42.26353108850563,62,61.1,Recommended
1024,Mahindra,XUV 3XO,2026,20.42,Petrol,Manual,1197,18.4,5,4,Yes,No,Yes,Normal,Medium,0.19,88.8,13.22,Good,32.7,89.6,Low,6.48235081839743,Low,25.221604132266815,71,65.71000000000001,Recommended
1025,Mahindra,XUV700,2021,15.82,Electric,Manual,0,336.6,4,4,Yes,Yes,No,Aggressive,Medium,0.21,91.6,12.5,Moderate,32.3,77.4,Low,1.106662962840173,Medium,40.252093286262365,68,72.2225,Recommended
1026,Maruti Suzuki,Baleno,2024,10.82,Petrol,Automatic,1997,20.9,4,4,Yes,Yes,Yes,Aggressive,Low,0.14,103.3,12.11,Good,32.9,83.4,Low,14.151223872184719,Low,24.543304813001924,77,73.785,Recommended
1027,Hyundai,Verna,2022,8.87,Electric,Automatic,0,329.1,5,2,Yes,Yes,Yes,Risky,Low,0.32,78.7,12.31,Moderate,34.2,63.3,Low,16.662148037883007,Medium,46.718599327077605,67,82.49125000000001,Highly Recommended
1028,Honda,City,2022,12.89,Diesel,Manual,1597,20.9,4,6,Yes,No,Yes,Normal,Medium,0.26,96.2,11.75,Poor,31.9,69.0,Medium,52.69591244119805,Medium,40.34708314816402,40,52.135,Consider
1029,Maruti Suzuki,Dzire,2020,4.5,Petrol,Automatic,1199,14.5,5,6,Yes,Yes,Yes,Aggressive,Low,0.18,86.0,13.03,Good,38.0,70.9,Low,12.130657645947142,Low,21.423417349650123,91,79.125,Highly Recommended
1030,Hyundai,Creta,2026,10.75,CNG,Automatic,1498,29.1,4,6,Yes,Yes,Yes,Normal,High,0.27,82.1,12.4,Good,34.8,90.3,Low,3.1992002566461553,Medium,42.31827895071877,77,79.015,Highly Recommended
1031,Toyota,Innova,2023,18.74,Petrol,Manual,1199,18.1,5,2,Yes,Yes,Yes,Normal,High,0.24,86.8,12.55,Good,32.6,82.0,Low,3.8980605297286033,Medium,44.93385671667143,76,67.915,Recommended
1032,Volkswagen,Virtus,2024,7.81,Petrol,Automatic,1497,25.5,4,6,Yes,Yes,Yes,Normal,High,0.27,78.7,11.65,Moderate,33.5,86.9,Low,20.03912101067379,Medium,46.42380516229673,67,69.975,Recommended
1033,Honda,Elevate,2019,7.5,Petrol,Manual,998,24.7,4,6,Yes,Yes,Yes,Calm,Low,0.18,108.8,12.24,Poor,33.2,66.8,Medium,37.04271916632792,Medium,31.059822431393563,61,62.155,Recommended
1034,Hyundai,Creta,2025,12.34,Diesel,Automatic,2198,22.0,3,6,Yes,No,Yes,Normal,Low,0.21,77.8,11.44,Good,31.7,57.7,Low,26.252237519074832,Low,21.92253351067522,57,64.95,Recommended
1035,Maruti Suzuki,Baleno,2026,14.97,Electric,Manual,0,447.3,3,6,Yes,No,Yes,Calm,Low,0.0,92.9,12.95,Good,31.0,85.8,Low,2.54171454017324,Low,4.828215672611476,67,80.15,Highly Recommended
1036,Renault,Triber,2025,7.08,Petrol,Manual,1197,16.3,5,7,Yes,Yes,No,Calm,Medium,0.23,84.9,12.3,Good,25.0,65.6,Low,11.44458081199404,Low,19.077555675074937,94,69.745,Recommended
1037,Hyundai,Creta,2026,13.41,CNG,Manual,998,23.0,5,4,Yes,Yes,No,Aggressive,High,0.44,80.3,12.52,Moderate,31.4,100.0,Low,0.0,High,58.13738968378734,70,63.95,Recommended
1038,Toyota,Hyryder,2022,14.68,Electric,Automatic,0,282.2,4,6,Yes,Yes,Yes,Normal,High,0.41,79.1,12.46,Poor,31.6,87.7,Low,29.265521614575523,Medium,54.091379119436176,54,74.8825,Recommended
1039,Honda,Amaze,2023,13.47,Petrol,Manual,1498,17.2,4,7,Yes,Yes,Yes,Aggressive,Medium,0.1,83.0,12.3,Moderate,30.7,61.9,Low,15.156725409967969,Medium,36.132105645064584,73,66.43,Recommended
1040,Mahindra,XUV700,2019,19.86,Petrol,Automatic,1197,19.7,3,6,Yes,No,Yes,Normal,Medium,0.25,78.8,12.96,Good,30.1,81.4,Low,14.345115040032894,Low,19.98449459149004,60,65.955,Recommended
1041,Maruti Suzuki,Dzire,2021,10.7,Diesel,Automatic,1290,24.0,5,6,Yes,Yes,Yes,Calm,High,0.35,88.8,12.45,Good,28.4,75.3,Low,18.61884754565155,Medium,38.982395038008896,84,77.4,Highly Recommended
1042,Renault,Kiger,2021,7.5,Electric,Manual,0,375.1,4,2,Yes,Yes,No,Calm,High,0.45,81.5,13.36,Moderate,29.6,78.5,Low,12.317874267690662,Medium,39.604484637430765,62,70.96625,Recommended
1043,Skoda,Kushaq,2023,12.27,Electric,Manual,0,397.8,4,6,Yes,No,Yes,Normal,Low,0.13,90.6,11.7,Good,30.1,86.0,Low,23.861818344603687,Low,12.276675977526054,69,80.9675,Highly Recommended
1044,Renault,Kwid,2019,5.25,Petrol,Automatic,1199,18.1,3,2,Yes,No,No,Aggressive,Low,0.3,87.6,11.87,Good,29.5,69.8,Low,27.425752194083554,Low,24.997977359184166,48,54.315,Consider
1045,Honda,Elevate,2021,6.74,Diesel,Automatic,1497,24.1,4,6,Yes,Yes,Yes,Normal,Low,0.13,84.1,11.74,Good,34.0,90.9,Low,32.27913852726313,Low,13.496348048915445,82,76.515,Highly Recommended
1046,Skoda,Kushaq,2022,10.11,Petrol,Automatic,1197,19.3,4,7,Yes,Yes,Yes,Normal,Low,0.19,90.0,13.15,Good,30.6,77.1,Low,6.274759815442291,Low,15.751891424452678,88,78.495,Highly Recommended
1047,Honda,City,2024,12.58,Diesel,Manual,1290,22.0,5,2,Yes,Yes,Yes,Calm,Low,0.1,94.6,12.42,Good,29.3,57.8,Low,13.313828402634849,Low,2.976897430388175,89,74.35,Recommended
1048,Tata,Harrier,2020,10.11,Diesel,Manual,1497,22.3,5,4,Yes,Yes,No,Calm,Medium,0.32,102.7,11.96,Good,33.4,94.1,Medium,38.19988656624228,Low,24.351561404866622,82,65.245,Recommended
1049,Skoda,Kushaq,2025,15.69,Diesel,Manual,2198,21.0,4,2,Yes,Yes,Yes,Aggressive,Low,0.15,82.0,12.02,Good,33.2,77.1,Low,23.886112850116128,Low,16.49557950225578,75,67.9,Recommended
1050,Mahindra,Thar,2025,11.66,Petrol,Manual,1498,20.6,3,6,Yes,No,Yes,Normal,Low,0.13,85.7,12.1,Good,27.8,95.7,Low,3.8172708802392457,Low,12.929947357011587,64,62.89,Recommended
1051,Maruti Suzuki,Brezza,2025,10.57,Electric,Manual,0,323.9,5,7,Yes,Yes,No,Normal,High,0.35,87.9,12.78,Good,31.8,71.1,Low,15.359675812925543,Medium,33.22663822908778,88,80.74625,Highly Recommended
1052,Tata,Curvv,2026,14.91,Electric,Manual,0,332.8,5,6,Yes,Yes,Yes,Normal,Low,0.02,100.6,13.01,Good,30.0,84.3,Low,9.103744481581893,Low,12.578398194886597,94,89.78,Highly Recommended
1053,Tata,Nexon,2022,16.76,Diesel,Manual,1498,17.0,5,6,Yes,Yes,No,Aggressive,Medium,0.22,97.7,12.68,Moderate,35.3,78.3,Low,17.36378460663613,Medium,45.49038154341892,75,61.3,Recommended
1054,Renault,Triber,2026,4.5,Petrol,Automatic,1197,21.5,4,6,Yes,Yes,Yes,Aggressive,Medium,0.17,97.5,12.94,Good,33.9,60.7,Low,17.10052812990226,Medium,38.57913643782899,76,73.42500000000001,Recommended
1055,Mahindra,XUV700,2026,18.21,Electric,Manual,0,385.6,2,6,Yes,No,Yes,Normal,Medium,0.05,95.2,12.66,Good,32.8,47.1,Low,16.18917005796047,Low,18.19309155821522,52,72.86,Recommended
1056,Kia,Sonet,2024,7.26,CNG,Automatic,998,25.0,3,2,Yes,No,Yes,Normal,High,0.42,88.7,12.36,Good,32.6,79.5,Low,2.2108398609720004,Medium,42.72822329938106,46,64.45,Recommended
1057,Renault,Kwid,2022,4.5,CNG,Manual,998,31.0,3,4,Yes,No,Yes,Risky,Low,0.24,79.3,11.81,Moderate,31.7,74.7,Low,31.653181231522318,Medium,43.34684654917813,39,57.2,Consider
1058,Kia,Carens,2022,7.75,Petrol,Automatic,1997,19.9,4,4,Yes,Yes,Yes,Normal,Medium,0.17,96.7,12.36,Good,31.2,77.8,Low,10.42626326249136,Low,23.3248744345293,78,74.08500000000001,Recommended
1059,Volkswagen,Virtus,2020,13.97,Diesel,Automatic,1498,17.0,4,6,Yes,Yes,Yes,Normal,Low,0.17,95.4,12.3,Poor,34.4,74.1,Low,28.710714853039818,Low,21.747214254459138,65,67.8,Recommended
1060,Tata,Punch,2020,4.5,Diesel,Manual,1197,22.9,4,4,Yes,Yes,Yes,Normal,Low,0.07,97.2,12.51,Good,30.4,71.9,Low,10.22914395819316,Low,14.461376687658003,81,70.885,Recommended
1061,Honda,Amaze,2025,9.79,Diesel,Automatic,1497,23.7,5,2,Yes,Yes,No,Aggressive,Low,0.16,83.6,11.77,Good,34.4,80.4,Low,27.73887624620022,Low,26.685268113986083,78,68.655,Recommended
1062,Tata,Curvv,2023,9.37,Petrol,Manual,1197,21.7,3,7,Yes,No,Yes,Normal,Low,0.25,86.0,12.87,Good,33.4,77.6,Low,5.842340307797484,Low,10.738402677589548,66,63.955,Recommended
1063,Hyundai,Exter,2023,12.34,Petrol,Automatic,998,18.3,4,6,Yes,Yes,Yes,Calm,Medium,0.16,85.9,11.79,Moderate,28.6,94.1,Low,21.60513788482906,Low,20.912745373722903,75,72.495,Recommended
1064,Volkswagen,Virtus,2019,14.38,Petrol,Manual,1199,25.6,3,6,Yes,No,Yes,Calm,Low,0.11,90.9,12.07,Good,29.2,71.8,Low,21.636243362449896,Low,6.5818072341937235,63,63.19,Recommended
1065,Volkswagen,Virtus,2019,10.38,Petrol,Manual,998,11.5,4,4,Yes,Yes,Yes,Calm,Low,0.09,93.5,12.83,Good,31.9,82.1,Low,10.138221977203404,Low,14.41039236316177,81,69.17500000000001,Recommended
1066,Kia,Sonet,2019,4.5,Petrol,Manual,1290,19.5,2,4,Yes,No,Yes,Risky,Low,0.02,93.4,12.5,Good,31.7,83.7,Low,12.95117900020389,Medium,32.58391178359034,44,53.725,Consider
1067,Tata,Harrier,2023,11.88,Petrol,Manual,1997,24.0,5,2,Yes,No,Yes,Normal,Low,0.26,80.4,13.51,Good,30.1,90.7,Low,7.8765213341206275,Low,17.799787644094938,70,66.1,Recommended
1068,Kia,Sonet,2021,13.37,Electric,Automatic,0,304.9,4,2,Yes,Yes,No,Normal,Low,0.21,95.5,12.3,Good,30.8,86.2,Low,6.607643443355495,Low,12.530077344908939,79,80.98375,Highly Recommended
1069,Kia,Seltos,2026,14.35,Petrol,Manual,1290,22.3,4,6,Yes,Yes,Yes,Calm,Low,0.07,81.0,11.78,Good,33.9,71.6,Low,25.14914125928714,Low,4.007264863863037,87,73.495,Recommended
1070,Mahindra,Thar,2026,16.97,Electric,Automatic,0,471.3,5,6,Yes,Yes,Yes,Risky,Medium,0.3,90.3,12.11,Good,33.6,88.8,Low,4.774761862187019,Medium,48.51916367755828,82,91.9,Highly Recommended
1071,Maruti Suzuki,Baleno,2024,10.09,CNG,Manual,2198,25.1,4,6,Yes,Yes,No,Normal,Medium,0.29,87.6,12.87,Moderate,34.1,70.9,Low,12.229497252395207,Medium,32.75155195819346,73,65.61500000000001,Recommended
1072,Kia,Sonet,2026,14.82,Petrol,Manual,1498,21.1,4,2,Yes,Yes,Yes,Calm,Low,0.17,81.9,12.4,Good,29.5,41.4,Low,15.377437302905976,Low,10.44354606926677,78,69.265,Recommended
1073,Honda,Elevate,2024,8.68,Diesel,Manual,1997,22.1,5,6,Yes,Yes,Yes,Aggressive,Medium,0.38,88.4,12.72,Good,31.9,91.4,Low,8.655290847621501,Medium,35.62218726373356,86,73.015,Recommended
1074,Kia,Sonet,2022,12.56,Petrol,Automatic,1197,18.5,5,2,Yes,Yes,No,Calm,Medium,0.32,86.2,12.56,Good,31.0,81.5,Low,2.553787304861081,Low,20.45889225422627,84,70.575,Recommended
1075,Skoda,Slavia,2024,15.81,Electric,Automatic,0,337.9,4,6,Yes,Yes,Yes,Risky,High,0.46,98.3,12.63,Good,36.1,61.2,Low,14.713809291183985,High,58.217197161931516,69,83.72125,Highly Recommended
1076,Renault,Triber,2019,4.5,CNG,Automatic,1497,25.8,3,6,Yes,No,Yes,Normal,Low,0.06,87.5,12.34,Moderate,34.9,100.0,Low,0.0,Low,10.912473869680984,59,70.42,Recommended
1077,Tata,Harrier,2025,12.38,Diesel,Manual,1997,15.9,5,7,Yes,Yes,No,Normal,Low,0.27,90.3,11.71,Moderate,37.5,56.8,Medium,37.754032845952864,Low,10.341963103727249,87,66.535,Recommended
1078,Mahindra,Thar,2025,13.42,Petrol,Manual,1290,12.0,4,6,Yes,Yes,Yes,Risky,Low,0.17,86.6,12.55,Good,30.2,78.8,Low,11.096084656619713,Medium,40.53857469330233,76,67.0,Recommended
1079,Skoda,Slavia,2020,15.7,Electric,Manual,0,311.0,5,6,Yes,Yes,Yes,Normal,Medium,0.24,86.3,12.68,Moderate,31.6,55.9,Low,6.727385214658195,Medium,38.12922653882354,80,82.6625,Highly Recommended
1080,Renault,Kiger,2026,7.98,CNG,Automatic,2198,25.3,4,4,Yes,Yes,No,Aggressive,Low,0.11,86.8,13.17,Good,27.3,86.3,Low,1.6482495256286533,Low,18.890596170826207,81,74.245,Recommended
1081,Honda,Elevate,2019,4.62,CNG,Manual,2198,24.7,4,4,Yes,Yes,Yes,Normal,Low,0.09,76.8,12.61,Good,27.5,62.2,Low,9.544337772617553,Low,18.021533561602933,80,74.705,Recommended
1082,Mahindra,Scorpio,2023,12.16,Petrol,Manual,1197,20.4,4,2,Yes,Yes,Yes,Calm,Medium,0.25,91.6,13.27,Good,36.4,67.9,Low,4.072930635772252,Low,19.43887683715637,77,68.71000000000001,Recommended
1083,Tata,Harrier,2020,13.02,Electric,Manual,0,355.5,4,6,Yes,Yes,Yes,Normal,Low,0.24,80.5,13.31,Good,35.7,88.3,Low,0.0,Low,10.643516675697823,88,87.93125,Highly Recommended
1084,Toyota,Urban Cruiser,2025,13.1,Diesel,Manual,2198,20.5,5,6,Yes,Yes,Yes,Normal,High,0.48,89.1,13.1,Good,33.1,72.0,Low,5.504745058282479,Medium,46.23400231762051,83,71.42500000000001,Recommended
1085,Maruti Suzuki,Brezza,2022,9.28,Petrol,Manual,1199,16.1,4,6,Yes,Yes,Yes,Normal,Low,0.14,86.2,12.08,Poor,33.6,84.7,Medium,48.13884514140453,Low,21.887022266032947,62,61.315,Recommended
1086,Honda,Elevate,2023,10.95,Petrol,Manual,1497,13.3,4,4,Yes,Yes,Yes,Aggressive,Low,0.1,89.9,11.89,Good,35.6,100.0,Low,24.214603726384517,Low,27.40156875981459,75,66.745,Recommended
1087,Renault,Triber,2022,17.75,Electric,Automatic,0,332.8,4,6,Yes,Yes,Yes,Normal,Medium,0.12,69.1,13.08,Good,27.3,84.6,Low,7.483947045345182,Low,24.471569245925465,82,89.38,Highly Recommended
1088,Toyota,Hyryder,2020,14.76,Petrol,Manual,1290,11.6,5,2,Yes,Yes,No,Calm,Low,0.25,90.3,13.1,Good,27.6,100.0,Low,0.0,Low,9.75660438146764,89,66.79,Recommended
1089,Maruti Suzuki,Dzire,2024,8.04,Electric,Manual,0,388.9,3,6,Yes,No,Yes,Normal,Low,0.07,92.9,12.73,Moderate,33.1,76.7,Low,13.174754132850616,Low,25.14108704846152,52,72.98375,Recommended
1090,Hyundai,i20,2024,9.25,CNG,Manual,2198,22.2,3,6,Yes,No,No,Normal,Low,0.16,94.6,12.52,Moderate,33.2,87.0,Low,11.29840510609376,Low,11.350428960438084,57,57.980000000000004,Consider
1091,Renault,Kwid,2019,8.63,CNG,Automatic,2198,22.8,4,6,Yes,Yes,No,Normal,Low,0.27,89.7,12.28,Good,30.2,77.9,Low,10.05043408081134,Low,9.739372242056328,87,76.57,Highly Recommended
1092,Toyota,Glanza,2026,14.32,Diesel,Automatic,1199,17.3,4,6,Yes,Yes,Yes,Aggressive,High,0.49,91.8,12.43,Good,30.2,78.1,Low,9.944735493000033,High,55.06225378040623,71,70.545,Recommended
1093,Honda,Amaze,2022,16.64,Petrol,Manual,1997,14.5,4,4,Yes,Yes,Yes,Calm,Low,0.21,82.7,12.17,Good,33.2,75.3,Low,10.107327253403925,Low,12.55394381380093,82,70.07499999999999,Recommended
1094,Honda,Elevate,2025,10.14,Petrol,Manual,1197,17.2,4,6,Yes,No,Yes,Calm,Medium,0.16,90.5,11.87,Good,34.6,75.6,Low,24.920442002407874,Low,8.957729498098749,70,65.08,Recommended
1095,Skoda,Kushaq,2024,12.12,Petrol,Manual,1498,21.9,4,2,Yes,Yes,Yes,Aggressive,Low,0.08,81.5,11.38,Good,29.3,84.3,Low,23.81566532577285,Low,21.690285398810822,73,67.13499999999999,Recommended
1096,Kia,Seltos,2020,15.36,Petrol,Manual,1197,17.5,5,7,Yes,Yes,Yes,Normal,Medium,0.31,98.8,13.43,Moderate,32.9,74.9,Low,4.036991514989307,Medium,30.243471381760177,85,71.875,Recommended
1097,Toyota,Innova,2019,11.09,Petrol,Manual,1997,15.4,4,2,Yes,Yes,No,Aggressive,Low,0.14,92.5,12.74,Moderate,26.2,84.3,Low,9.182055045121169,Low,27.85908306988014,67,57.46,Consider
1098,Skoda,Slavia,2025,18.08,CNG,Manual,998,22.6,5,4,Yes,Yes,No,Normal,Low,0.21,94.9,11.76,Good,37.1,92.0,Low,18.938094974857197,Low,7.918479846308373,90,72.89,Recommended
1099,Renault,Kiger,2026,8.76,Diesel,Manual,1199,24.4,4,6,Yes,No,No,Normal,High,0.44,82.1,12.51,Good,32.0,76.3,Low,11.335614495810384,Medium,47.91224643475809,59,55.21,Consider
1100,Hyundai,Creta,2020,10.2,Petrol,Automatic,998,18.4,4,6,Yes,Yes,Yes,Normal,Low,0.14,80.6,12.48,Good,30.4,66.1,Low,13.89040835552428,Low,11.896753193798599,86,77.46000000000001,Highly Recommended
1101,Mahindra,XUV700,2021,15.92,Petrol,Manual,1498,18.2,5,6,Yes,Yes,No,Calm,Low,0.13,84.6,11.8,Good,32.9,73.7,Low,34.38410534300883,Low,5.713586716553468,93,69.58,Recommended
1102,Kia,Carens,2026,13.41,Diesel,Manual,1997,24.0,3,7,Yes,No,Yes,Normal,Medium,0.06,90.0,11.51,Good,34.7,100.0,Low,18.805880829255162,Low,15.211536486519819,63,62.95,Recommended
1103,Hyundai,i20,2020,6.53,Diesel,Manual,1497,22.2,3,2,Yes,No,Yes,Aggressive,Medium,0.16,92.5,12.4,Good,34.6,84.3,Low,0.0,Medium,31.738483975544415,50,56.83,Consider
1104,Hyundai,Venue,2019,8.73,Petrol,Manual,1197,13.8,5,2,Yes,Yes,Yes,Risky,Low,0.24,108.4,12.44,Good,29.5,44.8,Low,34.760725257248225,Medium,36.38602475974687,74,66.37,Recommended
1105,Honda,Amaze,2024,8.41,Diesel,Automatic,1197,20.8,3,6,Yes,No,Yes,Normal,Low,0.13,99.1,13.13,Moderate,38.0,74.3,Low,19.035142485795966,Low,16.028013579831494,55,63.870000000000005,Recommended
1106,Toyota,Glanza,2026,21.57,Diesel,Manual,1597,22.4,4,6,Yes,Yes,No,Normal,Low,0.25,98.7,12.57,Good,30.5,73.9,Low,8.094961430182138,Low,13.086652041116007,86,67.06,Recommended
1107,Kia,Seltos,2019,13.02,CNG,Manual,1498,16.9,3,7,Yes,No,Yes,Normal,Low,0.05,93.8,12.18,Moderate,37.1,83.7,Low,12.276512055159877,Low,17.978678871496875,57,63.185,Recommended
1108,Tata,Harrier,2022,4.5,Petrol,Automatic,1497,18.8,5,2,Yes,Yes,Yes,Normal,Medium,0.12,82.4,12.17,Good,29.6,63.9,Low,7.028222912997222,Medium,32.41210887551501,80,74.82,Recommended
1109,Volkswagen,Taigun,2025,9.13,Petrol,Manual,1997,12.8,4,2,Yes,Yes,No,Aggressive,Low,0.06,95.0,12.32,Poor,34.2,41.2,Medium,46.754085333643545,Medium,31.34762082314537,51,49.87,Consider
1110,Kia,Sonet,2026,15.27,Diesel,Manual,2198,22.1,4,6,Yes,Yes,Yes,Calm,Low,0.07,94.9,13.03,Poor,28.0,89.3,Low,32.71289101801452,Low,20.09422618271215,65,63.565,Recommended
1111,Honda,Amaze,2025,8.49,Petrol,Manual,998,21.1,4,6,Yes,No,Yes,Normal,Low,0.23,96.9,11.83,Good,32.2,66.3,Medium,37.436249960369224,Low,20.443403351312014,64,62.965,Recommended
1112,Maruti Suzuki,Dzire,2026,9.01,Petrol,Automatic,1197,19.8,5,6,Yes,Yes,No,Normal,Medium,0.26,98.5,12.49,Good,37.2,85.3,Low,10.250707580245635,Low,19.528115395974492,92,74.37,Recommended
1113,Volkswagen,Taigun,2020,8.76,CNG,Manual,1199,23.2,5,7,Yes,No,Yes,Aggressive,Low,0.09,80.1,12.04,Good,31.3,100.0,Low,22.971267163339064,Low,18.193219274351947,77,73.13,Recommended
1114,Mahindra,Thar,2024,18.19,Petrol,Automatic,1290,12.1,4,4,Yes,Yes,Yes,Calm,Low,0.12,90.6,13.16,Good,30.0,100.0,Low,0.0,Low,11.494267072405787,84,75.61500000000001,Highly Recommended
1115,Tata,Nexon,2020,9.77,Diesel,Manual,1497,19.5,4,2,Yes,Yes,No,Normal,Medium,0.21,91.6,12.8,Good,29.2,68.4,Low,14.784819652326942,Low,23.745610653779927,73,60.775,Recommended
1116,Toyota,Glanza,2019,11.29,Petrol,Manual,998,22.1,5,2,Yes,Yes,Yes,Aggressive,Medium,0.15,85.8,12.55,Good,32.7,67.7,Low,14.76181481887419,Medium,40.23715377420636,76,68.515,Recommended
1117,Hyundai,Verna,2020,9.56,Petrol,Automatic,1290,12.9,5,7,Yes,Yes,No,Normal,Medium,0.18,77.6,11.81,Good,33.3,100.0,Low,19.58453211907002,Low,17.168660756777598,93,73.785,Recommended
1118,Maruti Suzuki,Fronx,2025,9.58,CNG,Automatic,2198,25.4,4,6,Yes,Yes,Yes,Normal,Low,0.08,85.9,13.11,Moderate,31.0,94.9,Low,0.7294414262374442,Low,15.457591872514985,80,79.81,Highly Recommended
1119,Renault,Kiger,2023,10.62,Diesel,Manual,1199,24.3,5,2,Yes,Yes,Yes,Normal,Low,0.25,88.0,12.32,Good,33.1,64.7,Low,9.470467686646337,Low,12.788487584753248,86,73.345,Recommended
1120,Renault,Kiger,2025,9.36,Petrol,Manual,1199,21.1,3,6,Yes,No,Yes,Normal,Medium,0.3,84.8,11.44,Moderate,33.6,76.5,Low,26.12575070542128,Low,20.01778599339461,52,57.565,Consider
1121,Mahindra,XUV 3XO,2026,17.45,CNG,Manual,1498,22.2,5,6,Yes,Yes,Yes,Normal,Low,0.0,76.4,12.65,Good,28.5,83.7,Low,9.824746235953583,Low,14.203433587661596,94,80.63,Highly Recommended
1122,Kia,Carens,2025,13.54,CNG,Manual,1498,25.5,4,6,Yes,Yes,Yes,Normal,Medium,0.23,87.5,11.85,Moderate,30.0,86.6,Low,29.414738857429136,Medium,31.54629367810585,71,70.775,Recommended
1123,Kia,Carens,2023,14.2,Electric,Manual,0,310.1,4,4,Yes,Yes,Yes,Aggressive,Low,0.01,90.1,12.46,Good,28.6,55.0,Low,19.55022192930568,Low,19.63631143380325,78,81.72875,Highly Recommended
1124,Volkswagen,Virtus,2023,12.57,Petrol,Automatic,1199,14.9,3,2,Yes,No,No,Normal,Low,0.21,89.6,12.3,Good,32.3,79.0,Low,8.236672151299116,Low,10.040022584219894,56,57.435,Consider
1125,Maruti Suzuki,Baleno,2019,9.98,Petrol,Manual,1997,10.4,3,4,Yes,No,No,Calm,Low,0.1,94.2,12.14,Good,31.2,69.9,Low,2.9641071280438815,Low,7.901331733966023,62,54.46,Consider
1126,Skoda,Kushaq,2019,14.56,Diesel,Automatic,1290,21.9,4,6,Yes,Yes,Yes,Calm,Low,0.17,84.0,12.45,Good,29.9,70.3,Low,12.774242855352057,Low,7.2054201151637125,88,78.88499999999999,Highly Recommended
1127,Volkswagen,Virtus,2025,7.96,Petrol,Automatic,1199,18.9,4,6,Yes,Yes,Yes,Normal,Low,0.0,85.8,12.6,Good,38.0,82.2,Low,9.380726603969222,Low,14.659852669639605,85,77.08500000000001,Highly Recommended
1128,Skoda,Slavia,2024,11.65,Petrol,Manual,998,20.6,5,2,Yes,Yes,Yes,Normal,Low,0.27,89.1,12.47,Good,31.2,48.3,Low,22.495874291115754,Low,24.170852655788455,80,70.09,Recommended
1129,Renault,Kiger,2019,6.33,CNG,Automatic,1597,25.8,4,6,Yes,Yes,Yes,Normal,Medium,0.1,92.1,12.16,Good,27.9,76.5,Low,9.103815913784416,Low,22.92186838801298,83,81.22,Highly Recommended
1130,Hyundai,Exter,2025,14.07,CNG,Automatic,1290,23.9,4,6,Yes,Yes,Yes,Normal,Low,0.13,91.6,11.81,Good,34.2,76.4,Low,27.531328089339567,Low,20.225305591134,81,80.035,Highly Recommended
1131,Renault,Kiger,2022,7.4,Petrol,Manual,1597,18.9,4,2,Yes,Yes,Yes,Normal,Medium,0.04,88.7,12.26,Good,31.1,72.3,Low,16.071222635412358,Low,17.64308016628234,75,67.58500000000001,Recommended
1132,Maruti Suzuki,Swift,2020,14.99,Electric,Manual,0,362.6,4,6,Yes,Yes,Yes,Risky,Low,0.03,88.8,12.09,Good,32.1,59.3,Low,31.78230942193158,Medium,36.082250806524335,75,82.3475,Highly Recommended
1133,Renault,Triber,2020,15.65,Electric,Manual,0,349.5,4,2,Yes,Yes,Yes,Normal,Medium,0.22,80.8,12.19,Moderate,32.5,96.4,Low,2.065054710754116,Low,27.16887272547893,68,78.70625,Highly Recommended
1134,Toyota,Innova,2020,15.0,Diesel,Manual,1497,20.2,4,6,Yes,Yes,Yes,Aggressive,Medium,0.2,90.1,12.48,Good,32.1,77.5,Low,4.023085487180303,Medium,38.4282036493551,78,69.13,Recommended
1135,Mahindra,Thar,2019,9.15,Diesel,Manual,1498,18.1,4,6,Yes,Yes,Yes,Normal,Low,0.25,93.9,12.52,Good,31.7,78.8,Low,9.151996324566287,Low,16.526134524945963,85,71.965,Recommended
1136,Hyundai,Creta,2025,14.86,Petrol,Manual,1497,17.8,4,4,Yes,Yes,Yes,Normal,Low,0.04,78.6,12.41,Good,29.1,77.5,Low,0.46546638451084643,Low,11.301895193658085,84,71.47,Recommended
1137,Hyundai,Venue,2025,7.86,Petrol,Manual,1997,20.8,3,6,Yes,No,No,Calm,Low,0.1,96.1,12.11,Good,29.3,75.6,Low,13.823633572869475,Low,-1.6181071597468275,67,58.27,Consider
1138,Mahindra,Scorpio,2025,11.24,CNG,Manual,1498,26.9,5,2,Yes,Yes,Yes,Normal,Low,0.22,97.2,12.97,Good,38.0,80.3,Low,11.700282394232298,Low,14.311754619047568,85,77.285,Highly Recommended
1139,Toyota,Urban Cruiser,2019,18.43,Electric,Manual,0,383.2,4,6,Yes,Yes,Yes,Normal,Low,0.18,86.3,12.23,Good,35.0,77.2,Low,17.269580882043066,Low,11.317065980461107,85,87.62,Highly Recommended
1140,Renault,Kiger,2023,8.39,Petrol,Manual,1197,17.5,4,2,Yes,Yes,Yes,Normal,Low,0.14,77.4,12.46,Moderate,33.4,59.5,Low,4.683068085814513,Low,19.787778321843074,70,65.125,Recommended
1141,Mahindra,Scorpio,2020,15.78,Electric,Manual,0,242.3,5,6,Yes,Yes,No,Normal,Low,0.12,87.0,12.33,Good,32.4,82.5,Low,7.387864250516217,Low,17.223950035628476,93,79.93625,Highly Recommended
1142,Renault,Kiger,2022,6.36,Petrol,Manual,1997,16.9,3,6,Yes,No,Yes,Normal,High,0.41,84.5,12.91,Good,26.7,82.7,Low,9.8919238451434,Medium,37.9630439503231,54,57.835,Consider
1143,Toyota,Urban Cruiser,2025,14.16,Diesel,Manual,998,20.3,5,6,Yes,Yes,Yes,Calm,Medium,0.17,88.4,11.58,Good,30.9,81.6,Medium,36.14909110200725,Low,18.619265953636717,88,73.64500000000001,Recommended
1144,Hyundai,Verna,2026,16.27,Diesel,Manual,1997,23.9,4,4,Yes,No,Yes,Normal,Low,0.0,92.2,13.13,Moderate,35.9,53.2,Low,11.49603381611819,Low,14.413095832991448,60,61.585,Recommended
1145,Hyundai,Venue,2024,9.62,Diesel,Automatic,1597,21.8,4,7,Yes,Yes,Yes,Normal,Low,0.21,90.3,12.21,Poor,34.6,43.8,Medium,38.00369887803074,Low,29.136463678977066,63,67.62,Recommended
1146,Mahindra,XUV700,2026,15.16,Petrol,Automatic,1597,16.8,5,4,Yes,Yes,Yes,Normal,Low,0.12,82.4,12.96,Good,33.7,100.0,Low,0.0,Low,10.203970591156601,92,79.92,Highly Recommended
1147,Mahindra,Scorpio,2020,8.61,Petrol,Manual,1290,15.2,4,4,Yes,Yes,No,Normal,High,0.43,78.1,12.61,Good,30.1,100.0,Low,0.62135694225894,Medium,39.729846045944214,74,60.580000000000005,Recommended
1148,Kia,Carens,2020,15.27,Electric,Manual,0,266.6,3,6,Yes,No,Yes,Risky,Low,0.22,95.3,13.02,Good,29.4,83.1,Low,12.141587450896742,Medium,34.2019452596055,55,69.7475,Recommended
1149,Skoda,Kushaq,2025,11.63,Petrol,Manual,1290,19.3,3,6,Yes,No,Yes,Calm,Low,0.0,87.3,13.23,Good,33.1,62.3,Low,9.520993779158212,Low,11.377583284124636,64,62.695,Recommended
1150,Honda,City,2022,9.65,Petrol,Manual,1199,19.9,3,6,Yes,No,Yes,Aggressive,Low,0.21,89.7,12.62,Good,33.7,82.4,Low,5.217074732275012,Medium,33.134656616938116,57,59.635000000000005,Consider
1151,Kia,Seltos,2019,11.31,CNG,Manual,1597,24.1,4,6,Yes,Yes,Yes,Normal,Low,0.21,82.2,12.49,Good,33.9,70.8,Low,14.01241558480522,Low,16.577840570356138,84,76.415,Highly Recommended
1152,Maruti Suzuki,Baleno,2022,4.5,Diesel,Manual,1997,14.6,4,6,Yes,Yes,Yes,Normal,Low,0.01,91.5,12.36,Good,33.3,87.4,Low,10.889014360227273,Low,7.664886655077525,88,72.78999999999999,Recommended
1153,Volkswagen,Virtus,2023,9.52,Diesel,Manual,1199,19.7,4,6,Yes,No,Yes,Normal,Low,0.05,92.0,12.37,Good,32.6,100.0,Low,2.907918507813897,Low,11.292875812279089,73,66.805,Recommended
1154,Maruti Suzuki,Swift,2019,4.5,Petrol,Manual,2198,19.7,4,6,Yes,Yes,Yes,Calm,Medium,0.12,102.2,12.49,Good,32.3,52.1,Low,17.582111725070618,Low,15.30289648144884,84,71.755,Recommended
1155,Honda,City,2025,12.04,Petrol,Automatic,1597,20.5,3,6,Yes,No,Yes,Normal,Low,0.03,85.0,12.68,Moderate,35.5,91.9,Low,3.7566903310212556,Low,7.782708401482552,60,66.075,Recommended
1156,Tata,Altroz,2021,9.72,Petrol,Automatic,1290,13.1,4,6,Yes,Yes,Yes,Calm,High,0.36,98.6,12.1,Good,29.7,100.0,Low,0.0,Medium,39.42634688182157,78,73.065,Recommended
1157,Tata,Nexon,2026,7.63,Petrol,Manual,1497,18.8,4,7,Yes,Yes,Yes,Normal,Low,0.06,87.9,13.04,Good,35.7,95.0,Low,0.6060761286824512,Low,4.917904963227317,92,75.22,Highly Recommended
1158,Kia,Seltos,2023,12.93,Diesel,Manual,1199,22.9,4,7,Yes,Yes,Yes,Risky,Medium,0.26,100.8,11.97,Good,34.8,55.8,Medium,44.43180857209095,Medium,46.114736395355486,71,66.38499999999999,Recommended
1159,Mahindra,Thar,2022,16.16,Electric,Automatic,0,324.5,4,6,Yes,Yes,Yes,Calm,Medium,0.32,89.7,12.29,Good,32.7,76.2,Low,7.908413779929125,Low,22.45011806859239,83,89.51875,Highly Recommended
1160,Kia,Sonet,2022,9.16,Diesel,Manual,998,23.5,3,4,Yes,No,Yes,Normal,Low,0.16,88.0,11.38,Good,35.3,89.8,Low,12.95003009002266,Low,21.708977292010804,55,59.275,Consider
1161,Maruti Suzuki,Dzire,2026,9.14,Petrol,Manual,1290,17.0,4,6,Yes,Yes,Yes,Normal,Low,0.17,104.7,12.36,Good,33.8,73.4,Low,20.67318854415145,Low,1.6103477360493006,88,73.15,Recommended
1162,Toyota,Urban Cruiser,2024,16.42,CNG,Automatic,1290,23.5,4,6,Yes,Yes,No,Calm,Low,0.13,84.5,12.44,Good,33.4,79.6,Low,3.1686770871899923,Low,7.712150943547188,89,77.575,Highly Recommended
1163,Maruti Suzuki,Baleno,2025,12.6,CNG,Manual,1597,21.9,4,6,Yes,Yes,No,Calm,Low,0.09,90.4,11.36,Good,35.0,62.2,Low,30.870566249557903,Low,9.606014080505519,84,70.08500000000001,Recommended
1164,Tata,Nexon,2021,8.29,CNG,Manual,2198,30.6,5,4,Yes,Yes,Yes,Normal,Low,0.17,73.2,11.87,Good,31.7,70.3,Medium,35.78974597227731,Low,9.864882846322702,87,78.74,Highly Recommended
1165,Toyota,Urban Cruiser,2026,12.91,CNG,Automatic,1997,19.8,5,6,Yes,Yes,No,Normal,High,0.48,87.1,11.2,Poor,30.9,73.9,Medium,50.81461736120251,Medium,47.90116834770105,61,64.42,Recommended
1166,Renault,Kwid,2024,11.18,Petrol,Automatic,1197,15.5,4,7,Yes,Yes,Yes,Aggressive,Medium,0.23,89.8,12.83,Good,27.5,94.3,Low,2.593376040380491,Medium,37.33941122888699,81,74.775,Recommended
1167,Maruti Suzuki,Dzire,2024,12.75,Electric,Manual,0,421.4,3,2,Yes,No,Yes,Normal,Low,0.29,101.1,13.46,Moderate,31.1,83.3,Low,15.937924755259711,Low,18.196896376838723,46,70.7,Recommended
1168,Volkswagen,Virtus,2019,14.17,Diesel,Manual,1497,21.3,5,6,Yes,Yes,Yes,Normal,Medium,0.32,74.9,13.29,Good,33.5,79.2,Low,6.978120769447118,Low,24.573928086892543,90,74.695,Recommended
1169,Skoda,Slavia,2020,7.37,Petrol,Manual,1498,14.5,4,6,Yes,Yes,Yes,Aggressive,Low,0.12,97.8,11.88,Good,34.4,77.7,Medium,37.620128423850566,Low,22.110108591702748,79,68.725,Recommended
1170,Maruti Suzuki,Fronx,2025,6.43,Diesel,Manual,1197,23.0,3,6,Yes,No,Yes,Aggressive,Low,0.06,93.8,12.49,Good,32.1,78.3,Low,12.60449274432163,Low,15.753160302297406,62,62.35,Recommended
1171,Honda,City,2022,6.36,Petrol,Automatic,1197,19.0,4,2,Yes,Yes,Yes,Normal,Low,0.0,92.4,12.45,Moderate,35.0,66.7,Low,17.576523389486233,Low,9.983828542688286,72,71.25,Recommended
1172,Hyundai,Venue,2019,8.98,Electric,Manual,0,374.0,3,4,Yes,No,Yes,Normal,Low,0.23,85.0,12.45,Good,32.3,78.0,Low,10.87950622422433,Low,12.055175838310825,59,75.575,Highly Recommended
1173,Toyota,Innova,2023,21.89,Electric,Automatic,0,380.5,5,6,Yes,Yes,Yes,Normal,Low,0.14,86.6,11.7,Good,31.1,56.0,Low,33.68121590623043,Low,15.65736501104783,89,94.31875,Highly Recommended
1174,Volkswagen,Virtus,2021,12.05,Petrol,Automatic,1498,14.0,3,6,Yes,No,Yes,Calm,Medium,0.21,90.3,12.65,Good,30.4,77.1,Low,7.216325510001344,Low,27.442728900197274,58,64.2,Recommended
1175,Mahindra,Thar,2026,19.1,Petrol,Automatic,1498,23.7,5,4,Yes,No,No,Normal,Medium,0.23,87.6,12.82,Good,31.5,63.8,Low,21.314103904831953,Low,18.709554883009876,71,65.505,Recommended
1176,Kia,Seltos,2019,6.19,Diesel,Manual,998,22.6,3,6,Yes,No,No,Calm,High,0.35,86.3,12.52,Good,29.9,74.1,Low,3.3432853761471506,Medium,37.85527063784657,55,53.14,Consider
1177,Tata,Harrier,2021,12.45,Electric,Manual,0,325.5,5,4,Yes,Yes,Yes,Normal,Low,0.1,92.0,12.08,Good,28.9,69.0,Low,29.025172263739613,Low,10.747976748574434,88,86.80625,Highly Recommended
1178,Hyundai,Venue,2026,14.48,Electric,Manual,0,263.9,5,6,Yes,Yes,Yes,Normal,Low,0.07,84.8,12.45,Good,34.4,92.6,Low,3.442891353364243,Low,6.785553104233134,97,88.54625,Highly Recommended
1179,Renault,Kwid,2019,10.36,Electric,Automatic,0,394.3,4,6,Yes,Yes,Yes,Calm,High,0.42,90.5,11.92,Good,32.7,85.7,Low,19.718980776935858,Medium,37.9703705558599,76,88.98625,Highly Recommended
1180,Renault,Triber,2019,6.19,Petrol,Manual,998,23.1,4,6,Yes,Yes,Yes,Aggressive,High,0.3,83.7,12.81,Good,32.0,99.6,Low,0.8919619651182737,Medium,44.683472834810274,76,68.665,Recommended
1181,Renault,Kiger,2023,7.05,Diesel,Manual,1199,23.2,3,6,Yes,No,Yes,Normal,Medium,0.24,91.6,12.46,Moderate,32.3,85.2,Low,5.970918192848845,Low,28.52655541670042,52,57.88,Consider
1182,Honda,Elevate,2024,12.33,Electric,Manual,0,294.8,4,6,Yes,Yes,Yes,Normal,Low,0.11,91.3,12.83,Good,36.2,85.2,Low,2.3094885623364787,Low,7.813633373341753,89,86.105,Highly Recommended
1183,Renault,Kiger,2021,7.23,Petrol,Automatic,998,20.8,4,2,Yes,Yes,Yes,Calm,High,0.4,88.8,12.19,Good,26.9,89.9,Low,0.0,Medium,39.610943927823016,70,70.62,Recommended
1184,Maruti Suzuki,Swift,2023,12.01,Petrol,Manual,1497,18.9,5,6,Yes,Yes,Yes,Normal,Medium,0.19,90.8,12.31,Moderate,34.7,74.1,Low,4.326984211387354,Low,21.971877589553845,86,72.535,Recommended
1185,Toyota,Urban Cruiser,2022,18.33,Electric,Automatic,0,322.4,4,6,Yes,Yes,Yes,Normal,Medium,0.32,99.3,12.46,Moderate,34.7,53.0,Low,22.33805427074045,Medium,30.224345628643178,72,84.49,Highly Recommended
1186,Volkswagen,Virtus,2019,8.74,CNG,Manual,1197,24.1,4,6,Yes,Yes,Yes,Normal,Low,0.13,80.2,13.21,Good,32.3,79.3,Low,9.048267367776273,Low,15.687161959522932,85,76.86500000000001,Highly Recommended
1187,Skoda,Kushaq,2022,15.17,CNG,Manual,2198,24.8,4,6,Yes,Yes,No,Calm,Low,0.13,94.6,12.33,Good,32.7,65.0,Low,17.400010756118668,Low,5.626451923849589,87,71.87,Recommended
1188,Renault,Kiger,2024,10.82,Diesel,Automatic,1597,23.0,4,2,Yes,Yes,Yes,Normal,Low,0.22,79.4,11.95,Poor,31.0,85.3,Medium,50.094287159397226,Low,28.24612993703151,52,62.85,Recommended
1189,Kia,Sonet,2023,9.56,Petrol,Automatic,998,18.9,4,6,Yes,No,Yes,Aggressive,Medium,0.26,100.3,11.99,Good,31.5,100.0,Low,30.75473522078481,Medium,31.68633541395028,61,66.285,Recommended
1190,Tata,Harrier,2024,11.74,Petrol,Manual,1199,16.9,4,2,Yes,Yes,Yes,Aggressive,Medium,0.24,91.9,11.96,Poor,32.9,88.5,Medium,42.28107990116181,Medium,47.407089240992114,46,54.235,Consider
1191,Volkswagen,Taigun,2020,12.24,Diesel,Manual,2198,19.8,4,7,Yes,Yes,Yes,Normal,Low,0.04,84.8,12.8,Good,32.7,73.6,Low,6.773125070345955,Low,7.132677958151901,90,74.47,Recommended
1192,Kia,Sonet,2023,5.54,Petrol,Automatic,1997,20.0,4,6,Yes,Yes,Yes,Normal,Medium,0.16,78.3,12.7,Good,34.6,46.1,Low,16.522300525489033,Low,19.736312609387735,83,76.35,Highly Recommended
1193,Renault,Kwid,2025,10.81,CNG,Manual,1199,24.5,5,4,Yes,Yes,Yes,Normal,High,0.29,82.5,11.52,Good,34.7,75.7,Low,28.02419029260167,Medium,38.91263657542204,78,73.775,Recommended
1194,Honda,Amaze,2019,12.38,Petrol,Automatic,998,23.4,4,6,Yes,Yes,No,Calm,Low,0.05,87.4,12.82,Good,30.7,73.7,Low,15.164126590080485,Low,9.671123250656947,86,72.21000000000001,Recommended
1195,Kia,Sonet,2019,13.15,Petrol,Automatic,998,18.1,5,4,Yes,Yes,Yes,Calm,High,0.37,93.0,12.63,Good,31.6,69.8,Low,3.8746250041882035,Medium,34.30813399850841,83,76.065,Highly Recommended
1196,Skoda,Kushaq,2023,9.43,CNG,Manual,1497,24.6,4,6,Yes,Yes,Yes,Normal,Low,0.07,91.2,13.38,Good,34.4,54.1,Low,18.599392994786875,Low,10.327929000297386,86,77.39,Highly Recommended
1197,Maruti Suzuki,Brezza,2021,7.72,Petrol,Automatic,1497,18.4,4,2,Yes,Yes,Yes,Normal,Low,0.0,91.6,12.09,Good,32.9,98.0,Low,30.711614007251107,Low,6.315126852514339,77,73.41,Recommended
1198,Mahindra,Thar,2019,12.4,Petrol,Manual,1997,21.1,3,6,Yes,No,Yes,Normal,Medium,0.19,88.4,13.51,Good,30.4,88.2,Low,9.070215955663802,Low,24.45920349458398,59,60.715,Recommended
1199,Renault,Kiger,2021,10.44,Electric,Manual,0,318.6,5,6,Yes,Yes,Yes,Normal,Low,0.11,97.7,11.61,Good,34.7,76.7,Medium,35.24454906570895,Low,12.612618146231293,90,87.44749999999999,Highly Recommended
1200,Hyundai,Verna,2021,7.74,Petrol,Manual,1197,19.4,3,7,Yes,No,No,Aggressive,Low,0.03,91.4,12.97,Moderate,35.6,62.9,Low,17.975413690472983,Low,27.626095682630393,53,51.760000000000005,Consider
1201,Tata,Harrier,2022,13.09,Petrol,Manual,1498,19.0,3,6,Yes,No,Yes,Aggressive,High,0.22,90.7,12.99,Good,32.1,86.6,Low,7.235146381470279,Medium,40.72550999133913,54,58.150000000000006,Consider
1202,Volkswagen,Taigun,2024,16.6,Petrol,Automatic,1199,15.1,5,2,Yes,Yes,Yes,Normal,Medium,0.23,96.8,12.26,Good,32.6,95.2,Low,3.2699557049244277,Low,25.597658133005968,83,75.61500000000001,Highly Recommended
1203,Honda,Elevate,2022,9.89,Diesel,Manual,1597,15.5,5,6,Yes,Yes,Yes,Normal,Medium,0.21,101.1,12.21,Good,28.5,92.0,Low,1.5762985745385896,Low,27.951858301924666,90,73.825,Recommended
1204,Hyundai,Creta,2026,9.0,Petrol,Manual,1597,14.8,3,6,Yes,No,No,Normal,Medium,0.19,108.9,12.49,Moderate,30.9,55.4,Low,24.24607039272471,Medium,35.20434665763547,47,48.370000000000005,Consider
1205,Tata,Harrier,2025,9.94,Petrol,Manual,1199,16.5,5,2,Yes,Yes,Yes,Aggressive,Low,0.09,98.1,12.0,Poor,29.8,83.8,Medium,56.13795507232594,Medium,32.157925967273535,57,59.125,Consider
1206,Honda,Elevate,2020,7.25,Petrol,Manual,1498,18.5,5,4,Yes,Yes,Yes,Normal,Low,0.2,88.4,12.83,Moderate,31.9,79.8,Low,5.085924269769087,Low,21.017511341343674,82,70.675,Recommended
1207,Tata,Nexon,2025,16.55,CNG,Manual,1290,24.4,5,2,Yes,Yes,No,Calm,Low,0.12,87.6,11.91,Good,28.8,56.4,Medium,41.05851509203288,Low,15.558422383172317,80,68.66,Recommended
1208,Kia,Sonet,2019,9.68,Petrol,Automatic,998,18.4,3,4,Yes,No,Yes,Normal,Low,0.11,101.4,13.35,Good,28.4,76.3,Low,9.832090850021167,Low,12.558054363251838,59,65.31,Recommended
1209,Renault,Kiger,2024,8.7,Petrol,Manual,1497,17.9,4,6,Yes,Yes,Yes,Normal,Medium,0.14,87.3,12.34,Moderate,36.1,81.0,Low,9.172220611295131,Low,24.300827664605407,76,67.885,Recommended
1210,Honda,Elevate,2026,13.85,Petrol,Automatic,1497,17.6,4,6,Yes,Yes,Yes,Normal,Low,0.07,90.1,12.97,Good,29.5,100.0,Low,3.48078646902601,Low,12.674761811892232,87,77.78999999999999,Highly Recommended
1211,Kia,Carens,2019,7.02,CNG,Manual,998,28.6,4,4,Yes,Yes,Yes,Normal,Low,0.27,93.3,12.52,Good,32.0,67.1,Low,6.331484312306918,Low,16.634941560436715,81,75.74000000000001,Highly Recommended
1212,Hyundai,i20,2019,9.11,CNG,Manual,2198,30.2,5,6,Yes,Yes,Yes,Normal,Low,0.29,82.6,11.5,Good,27.0,63.7,Low,28.411670895749896,Low,15.941127059406202,90,80.03,Highly Recommended
1213,Renault,Kiger,2024,7.82,Petrol,Manual,1997,21.9,5,2,Yes,Yes,Yes,Risky,Medium,0.29,90.3,12.6,Good,33.0,100.0,Low,0.0,Medium,46.34203935433831,76,68.485,Recommended
1214,Tata,Curvv,2020,8.39,Diesel,Automatic,1997,19.4,5,4,Yes,Yes,Yes,Risky,Medium,0.16,88.7,12.37,Good,29.3,74.9,Low,9.871292436375931,Medium,46.56453777400786,78,74.00999999999999,Recommended
1215,Skoda,Slavia,2026,15.95,Electric,Manual,0,397.5,4,6,Yes,Yes,No,Normal,Medium,0.39,83.6,11.97,Moderate,31.1,41.0,Medium,37.388095950043066,Medium,33.174340615219094,69,74.95625,Recommended
1216,Mahindra,XUV700,2026,17.05,Diesel,Manual,1498,19.1,3,6,Yes,No,Yes,Normal,Low,0.07,79.2,12.13,Good,33.8,77.7,Low,6.181550753896669,Low,6.42890445552011,66,63.565,Recommended
1217,Kia,Seltos,2020,10.18,Diesel,Automatic,1597,22.3,4,2,Yes,Yes,Yes,Normal,Low,0.17,78.0,13.15,Good,36.4,77.4,Low,5.158403505081216,Low,16.028424359043854,78,74.445,Recommended
1218,Honda,City,2022,11.28,Petrol,Automatic,1197,24.4,4,6,Yes,Yes,No,Normal,Low,0.19,94.1,11.92,Poor,29.5,75.4,Medium,56.358685225415655,Low,26.12373330322742,59,60.21,Recommended
1219,Honda,Elevate,2025,18.04,Electric,Automatic,0,416.1,4,4,Yes,Yes,Yes,Normal,Low,0.09,89.7,12.59,Good,30.1,100.0,Low,0.0,Low,13.27983706662215,83,92.35,Highly Recommended
1220,Skoda,Kushaq,2023,13.34,Diesel,Automatic,1197,22.6,5,2,Yes,Yes,Yes,Normal,Low,0.14,86.4,12.13,Moderate,38.0,79.4,Low,5.051304176854012,Low,15.38032560103261,80,75.39,Highly Recommended
1221,Renault,Triber,2025,8.45,Petrol,Automatic,1290,17.5,4,6,Yes,Yes,Yes,Calm,Medium,0.33,101.6,12.24,Poor,32.6,92.8,Low,30.608519790240774,Medium,32.22693113515941,61,66.075,Recommended
1222,Tata,Nexon,2019,8.08,Diesel,Automatic,1497,21.8,4,6,Yes,Yes,Yes,Normal,High,0.32,94.4,12.66,Good,37.1,85.1,Low,13.417483438216973,Medium,39.49173131024439,76,73.47,Recommended
1223,Skoda,Slavia,2026,5.41,Diesel,Automatic,2198,21.9,4,6,Yes,Yes,Yes,Calm,Medium,0.26,88.8,12.34,Good,31.9,77.9,Low,14.464079852676825,Low,22.078185641946174,82,76.185,Highly Recommended
1224,Mahindra,Thar,2020,14.0,CNG,Manual,1597,26.8,3,6,Yes,No,Yes,Normal,Low,0.13,84.9,12.9,Good,38.0,73.5,Low,16.96146168487565,Low,19.138522581404537,60,66.02,Recommended
1225,Honda,Amaze,2023,10.88,Petrol,Manual,998,15.9,4,2,Yes,Yes,Yes,Calm,Low,0.2,76.9,12.51,Good,32.2,79.2,Low,6.89479168389294,Low,8.448908338335887,80,69.38499999999999,Recommended
1226,Renault,Kiger,2023,17.62,Electric,Manual,0,315.1,5,6,Yes,Yes,Yes,Normal,Medium,0.33,80.9,12.25,Moderate,34.0,82.8,Low,5.384038389216084,Low,29.594223728228485,83,84.16625,Highly Recommended
1227,Renault,Kwid,2021,14.69,Electric,Manual,0,310.5,5,4,Yes,Yes,Yes,Normal,Low,0.04,84.1,12.67,Poor,33.4,56.0,Low,34.348003080468004,Low,25.51075498937021,67,76.79375,Highly Recommended
1228,Maruti Suzuki,Fronx,2024,8.84,CNG,Automatic,1498,28.9,4,6,Yes,Yes,Yes,Calm,Low,0.06,90.8,12.74,Moderate,32.6,94.9,Low,9.115552173698811,Low,13.232860681959945,80,80.33500000000001,Highly Recommended
1229,Volkswagen,Taigun,2024,16.05,Diesel,Manual,1597,23.1,5,7,Yes,Yes,Yes,Normal,Low,0.03,82.7,13.8,Good,30.2,61.8,Low,5.006514033259737,Low,10.988456584886176,97,78.11500000000001,Highly Recommended
1230,Volkswagen,Taigun,2024,8.22,CNG,Manual,998,33.4,4,6,Yes,Yes,No,Normal,High,0.35,85.3,12.16,Good,35.5,64.7,Low,10.974259706158197,Medium,38.843687577135334,77,68.66,Recommended
1231,Toyota,Hyryder,2025,12.31,Petrol,Automatic,1199,24.8,5,2,Yes,Yes,No,Aggressive,Low,0.12,89.4,12.35,Moderate,34.4,73.9,Low,0.0,Medium,30.454280731267282,75,67.47,Recommended
1232,Renault,Kwid,2023,10.68,Petrol,Manual,1197,17.1,3,4,Yes,No,Yes,Normal,Medium,0.25,86.6,12.66,Moderate,31.0,82.5,Low,9.780916642585037,Low,25.22126920071593,49,55.615,Consider
1233,Kia,Carens,2020,14.99,Electric,Automatic,0,327.0,4,7,Yes,Yes,Yes,Normal,Medium,0.28,85.0,12.94,Good,32.9,76.1,Low,8.587233644295484,Low,24.97214724244389,84,90.0625,Highly Recommended
1234,Mahindra,Thar,2023,18.83,Petrol,Manual,998,17.1,4,4,Yes,Yes,Yes,Normal,Medium,0.22,65.0,12.45,Good,34.0,93.7,Low,7.561228801239668,Low,22.01421247483745,79,69.11500000000001,Recommended
1235,Renault,Triber,2023,12.03,Diesel,Automatic,1597,20.0,3,4,Yes,No,Yes,Normal,Low,0.11,92.0,12.53,Good,31.2,74.9,Low,9.326337905953785,Low,13.822526619708912,59,65.55,Recommended
1236,Mahindra,XUV700,2022,16.07,Electric,Manual,0,327.7,4,4,Yes,Yes,Yes,Normal,Low,0.12,81.0,12.61,Good,31.3,56.2,Low,11.386393911032846,Low,10.734653242165493,83,84.63875,Highly Recommended
1237,Mahindra,Thar,2025,14.47,Petrol,Manual,1997,15.9,4,4,Yes,Yes,Yes,Normal,Low,0.22,83.6,11.71,Good,29.8,90.5,Low,27.92748738387229,Low,10.275703267848087,80,69.38499999999999,Recommended
1238,Toyota,Urban Cruiser,2022,12.87,CNG,Automatic,1497,26.5,3,2,Yes,No,Yes,Normal,Low,0.0,93.7,12.24,Good,32.0,73.8,Low,17.835954455616836,Low,4.789377523451318,57,69.625,Recommended
1239,Renault,Triber,2024,11.72,Electric,Manual,0,326.5,4,6,Yes,No,Yes,Aggressive,Low,0.2,90.5,12.44,Moderate,33.4,79.5,Low,0.0,Low,22.726754734999574,63,75.59375,Highly Recommended
1240,Skoda,Slavia,2022,12.48,Petrol,Manual,1498,15.0,4,7,Yes,Yes,Yes,Normal,Low,0.2,89.6,12.62,Good,36.3,81.8,Low,2.449389754071148,Low,11.536247842914218,90,73.75,Recommended
1241,Renault,Triber,2021,4.5,Petrol,Automatic,1597,20.5,4,6,Yes,Yes,Yes,Calm,Low,0.35,88.3,13.18,Good,35.1,65.9,Low,11.842924342301895,Low,15.147510627340361,85,77.325,Highly Recommended
1242,Kia,Carens,2023,10.25,Petrol,Manual,1199,14.1,4,2,Yes,Yes,Yes,Calm,Medium,0.19,94.5,12.26,Good,28.2,77.6,Low,11.816352323802771,Low,10.89802712621223,78,68.215,Recommended
1243,Hyundai,Verna,2023,10.11,CNG,Manual,998,27.2,4,4,Yes,Yes,No,Calm,Medium,0.31,90.8,12.49,Poor,31.3,64.9,Low,26.60360368517763,Medium,32.65420227719913,58,59.18,Consider
1244,Hyundai,i20,2026,9.91,Petrol,Automatic,1197,16.8,4,6,Yes,Yes,Yes,Normal,Low,0.0,88.6,12.97,Good,31.0,77.1,Low,8.906599740855091,Low,13.078353018493264,86,77.22,Highly Recommended
1245,Toyota,Innova,2021,17.23,CNG,Automatic,1498,34.0,3,2,Yes,No,Yes,Normal,Medium,0.4,87.7,12.72,Good,25.7,77.4,Low,2.141228731301455,Low,29.57342881303868,50,67.6,Recommended
1246,Skoda,Slavia,2019,13.81,Electric,Manual,0,452.7,4,4,Yes,No,Yes,Normal,Medium,0.22,83.5,12.25,Good,33.1,69.7,Low,5.975019638222742,Low,20.3675584055461,65,79.25,Highly Recommended
1247,Renault,Kiger,2020,9.51,CNG,Manual,1290,25.4,5,6,Yes,Yes,Yes,Normal,Low,0.23,88.5,13.27,Moderate,30.7,73.4,Low,5.223862371834889,Low,24.237617927792165,85,77.06,Highly Recommended
1248,Mahindra,Scorpio,2022,12.56,Petrol,Manual,2198,26.7,5,4,Yes,Yes,Yes,Normal,Medium,0.31,87.7,12.28,Good,31.3,95.9,Low,2.74933636601419,Medium,32.507860630634,84,72.805,Recommended
1249,Volkswagen,Taigun,2024,8.81,CNG,Manual,1597,29.6,4,6,Yes,Yes,Yes,Risky,Medium,0.15,88.5,12.38,Moderate,33.2,100.0,Low,1.639104394222516,High,55.37466228177505,66,69.14,Recommended
1250,Volkswagen,Taigun,2024,10.93,CNG,Automatic,1497,26.1,4,7,Yes,Yes,Yes,Calm,Low,0.09,84.6,13.01,Good,32.3,75.0,Low,11.286962096715715,Low,11.971779689050383,88,83.515,Highly Recommended
1251,Mahindra,XUV700,2021,10.4,Petrol,Manual,1997,18.6,3,2,Yes,No,Yes,Calm,Low,0.21,82.4,13.53,Moderate,32.4,100.0,Low,0.8796483929015679,Low,19.955475513669505,48,55.39,Consider
1252,Honda,Elevate,2026,15.14,Petrol,Manual,1498,21.4,4,6,Yes,Yes,Yes,Aggressive,Low,0.13,88.3,12.0,Good,29.5,90.4,Low,16.126890687179127,Low,20.078876119967983,83,71.56,Recommended
1253,Skoda,Slavia,2021,11.9,CNG,Manual,998,21.9,4,2,Yes,Yes,Yes,Normal,Low,0.18,86.8,12.91,Moderate,34.3,84.0,Low,11.10383445219703,Low,20.140381214120982,69,69.33500000000001,Recommended
1254,Honda,City,2022,10.24,Petrol,Automatic,1997,16.2,4,6,Yes,Yes,No,Normal,Low,0.12,87.4,13.24,Good,31.8,90.2,Low,2.574670855353994,Low,14.55735627492347,87,71.58,Recommended
1255,Kia,Carens,2026,11.71,CNG,Manual,1597,25.4,4,4,Yes,Yes,Yes,Risky,High,0.31,83.8,12.74,Good,30.8,64.5,Low,7.358943241138008,High,60.672978074118134,66,68.50999999999999,Recommended
1256,Hyundai,Venue,2020,11.42,Petrol,Automatic,1498,19.0,5,6,Yes,Yes,No,Aggressive,Low,0.14,96.8,12.82,Good,38.0,86.3,Low,5.441690255857441,Low,24.62216157138488,91,73.80000000000001,Recommended
1257,Maruti Suzuki,Brezza,2025,11.45,Petrol,Automatic,998,16.0,5,6,Yes,Yes,Yes,Calm,Low,0.1,72.7,13.19,Poor,27.8,91.3,Low,23.00642696059035,Low,19.203815442737326,75,72.15,Recommended
1258,Maruti Suzuki,Dzire,2021,10.39,Electric,Manual,0,354.4,4,7,Yes,Yes,Yes,Calm,Medium,0.15,93.4,12.61,Moderate,33.0,87.0,Low,8.778584907821296,Low,18.766709884569053,80,84.28999999999999,Highly Recommended
1259,Skoda,Slavia,2022,11.38,Petrol,Manual,1197,23.8,3,6,Yes,No,Yes,Aggressive,Low,0.2,87.2,12.96,Moderate,33.0,82.0,Low,7.9885364494398345,Medium,36.73894888083136,49,56.620000000000005,Consider
1260,Renault,Kwid,2022,6.31,Petrol,Manual,998,17.1,4,6,Yes,Yes,Yes,Normal,Medium,0.23,97.4,11.97,Good,32.9,90.5,Low,28.454527248089654,Low,26.289900715876367,79,69.11500000000001,Recommended
1261,Skoda,Slavia,2021,12.17,Petrol,Automatic,1199,14.4,5,4,Yes,Yes,Yes,Normal,Low,0.16,92.1,12.4,Moderate,34.8,75.5,Low,2.9391986641750805,Low,23.902291284310955,81,74.61,Recommended
1262,Volkswagen,Taigun,2023,20.98,Electric,Manual,0,343.3,3,6,Yes,No,No,Aggressive,Low,0.09,90.6,12.1,Good,29.6,80.8,Low,0.0,Low,23.40631323061916,61,69.32374999999999,Recommended
1263,Honda,Elevate,2021,12.11,Petrol,Manual,2198,19.8,3,4,Yes,No,Yes,Aggressive,High,0.38,81.5,12.0,Moderate,33.8,81.1,Medium,35.16278604043865,Medium,52.87015310705524,35,49.72,Consider
1264,Mahindra,Scorpio,2021,17.56,Petrol,Manual,2198,21.9,4,6,Yes,Yes,Yes,Normal,Low,0.0,92.2,12.73,Moderate,29.6,87.1,Low,4.101440478415135,Low,19.447753555877224,79,69.83500000000001,Recommended
1265,Skoda,Slavia,2020,12.18,Petrol,Manual,1199,20.9,5,6,Yes,Yes,Yes,Calm,Low,0.0,89.7,13.24,Good,32.2,69.1,Low,13.278636401084812,Low,5.219702370647404,96,77.33500000000001,Highly Recommended
1266,Volkswagen,Taigun,2019,11.65,Electric,Manual,0,450.9,4,2,Yes,Yes,Yes,Calm,Low,0.07,83.8,13.34,Moderate,34.9,100.0,Low,8.857126315593929,Low,21.258286199618865,69,81.05,Highly Recommended
1267,Mahindra,XUV 3XO,2023,13.76,Electric,Manual,0,294.7,3,6,Yes,No,Yes,Normal,High,0.45,88.0,12.76,Good,31.5,92.8,Low,4.780739425914694,Medium,39.72639890751141,54,70.35125,Recommended
1268,Honda,Amaze,2019,13.59,Electric,Automatic,0,354.3,4,6,Yes,Yes,Yes,Calm,Medium,0.27,83.2,12.02,Good,34.3,87.1,Low,23.4790256926878,Low,12.642137184332134,84,91.08625,Highly Recommended
1269,Honda,Elevate,2024,11.65,CNG,Manual,2198,25.9,4,6,Yes,Yes,No,Aggressive,High,0.51,84.0,12.69,Good,33.9,93.3,Low,9.434931846220627,Medium,54.43292683876771,72,65.285,Recommended
1270,Maruti Suzuki,Fronx,2025,6.95,Petrol,Automatic,1498,20.7,4,6,Yes,Yes,Yes,Calm,Low,0.23,87.5,12.08,Moderate,32.8,80.4,Low,28.149632953906426,Low,13.459558774654075,77,73.755,Recommended
1271,Honda,Elevate,2019,8.82,CNG,Automatic,2198,28.7,4,2,Yes,Yes,Yes,Normal,High,0.28,84.7,12.66,Moderate,35.2,100.0,Low,2.4272857797723013,Medium,40.94674178126251,63,72.655,Recommended
1272,Hyundai,Verna,2022,11.29,Petrol,Automatic,2198,14.9,3,6,Yes,No,No,Calm,High,0.34,101.8,12.3,Good,33.1,51.3,Low,18.787757357792643,Medium,37.291001060250366,53,56.085,Consider
1273,Mahindra,XUV 3XO,2024,12.13,Electric,Manual,0,422.5,5,6,Yes,Yes,No,Normal,Low,0.12,96.6,12.86,Good,34.0,65.7,Low,19.13708447542636,Low,12.771335809409878,93,85.85,Highly Recommended
1274,Volkswagen,Taigun,2026,17.15,CNG,Manual,1997,23.3,5,2,Yes,Yes,Yes,Normal,High,0.39,96.6,12.99,Good,30.7,100.0,Low,0.11526274164919492,Medium,30.729104900502442,81,74.945,Recommended
1275,Renault,Kwid,2023,14.49,CNG,Automatic,1497,22.7,5,2,Yes,Yes,Yes,Normal,Medium,0.23,90.5,12.54,Moderate,34.4,60.6,Low,4.0301879979453314,Low,27.999221501905893,76,77.605,Highly Recommended
1276,Renault,Kwid,2025,7.89,Electric,Automatic,0,408.4,4,6,Yes,Yes,No,Aggressive,Low,0.16,92.0,12.34,Good,35.6,76.7,Low,10.703319533058886,Low,23.368583478663496,82,85.9,Highly Recommended
1277,Toyota,Urban Cruiser,2020,14.78,Diesel,Manual,998,19.6,4,4,Yes,Yes,Yes,Risky,Low,0.15,94.4,11.72,Good,34.1,60.4,Low,21.618443150162285,Medium,37.34202140921299,72,66.34,Recommended
1278,Honda,City,2021,12.24,CNG,Manual,1199,28.1,5,2,Yes,Yes,Yes,Normal,Medium,0.25,80.4,11.66,Good,34.4,84.7,Low,26.565165036900183,Low,23.971893774134067,80,75.215,Highly Recommended
1279,Tata,Punch,2020,10.73,Electric,Automatic,0,374.0,4,6,Yes,Yes,No,Calm,Low,0.09,72.0,12.4,Good,32.4,80.5,Low,4.292728988172164,Low,6.505089697019903,89,88.075,Highly Recommended
1280,Tata,Punch,2020,6.56,CNG,Manual,1199,18.5,5,6,Yes,Yes,Yes,Calm,Low,0.09,80.9,12.79,Poor,34.1,72.1,Low,29.78042577043575,Low,17.697568515006516,74,71.075,Recommended
1281,Honda,Elevate,2019,8.4,Diesel,Automatic,1290,28.2,5,6,Yes,Yes,Yes,Normal,High,0.45,89.6,12.84,Good,32.2,71.6,Low,6.720940678754506,Medium,42.80216163038706,84,78.03,Highly Recommended
1282,Toyota,Hyryder,2019,16.48,Electric,Manual,0,308.6,3,4,Yes,No,Yes,Normal,Low,0.11,90.6,12.7,Good,27.2,61.1,Low,16.68943361477192,Low,13.045649367852914,58,72.6725,Recommended
1283,Renault,Kwid,2022,8.0,Petrol,Automatic,1290,19.1,4,6,Yes,Yes,Yes,Calm,Low,0.18,92.1,12.32,Good,28.0,77.7,Low,1.5534814774899246,Low,11.631915856129272,88,78.465,Highly Recommended
1284,Tata,Punch,2019,6.55,Petrol,Manual,998,18.3,4,4,Yes,Yes,Yes,Aggressive,Low,0.06,88.0,12.39,Poor,31.9,57.3,Medium,37.438166182247635,Medium,41.34434973346116,53,57.595,Consider
1285,Honda,Amaze,2023,10.79,Diesel,Automatic,998,22.1,3,2,Yes,No,Yes,Normal,Low,0.11,80.1,12.78,Moderate,34.2,66.2,Low,5.56493441482509,Low,15.424396178119093,49,61.365,Recommended
1286,Skoda,Kushaq,2021,8.97,CNG,Manual,1290,23.1,2,7,Yes,No,No,Normal,Medium,0.18,96.5,13.38,Good,36.7,67.6,Low,6.689579667702438,Low,22.38951396610817,54,56.765,Consider
1287,Toyota,Hyryder,2022,14.07,Petrol,Manual,1497,19.8,4,6,Yes,Yes,Yes,Aggressive,Low,0.06,92.8,12.49,Good,36.4,83.7,Low,5.264229581840352,Low,19.865058611655666,84,71.77000000000001,Recommended
1288,Honda,City,2020,5.71,Petrol,Manual,1497,17.2,4,4,Yes,Yes,No,Aggressive,Low,0.12,81.0,12.63,Good,29.0,75.7,Low,8.31589063366485,Low,24.524047612880484,78,62.68,Recommended
1289,Mahindra,Thar,2020,10.63,Diesel,Automatic,2198,17.6,3,6,Yes,No,Yes,Calm,High,0.28,93.5,12.54,Good,31.2,71.3,Low,17.849089479873516,Medium,30.116181964083776,56,63.84,Recommended
1290,Volkswagen,Taigun,2024,16.79,Petrol,Manual,1290,18.4,5,7,Yes,Yes,No,Normal,Low,0.13,75.9,12.88,Poor,29.9,79.2,Medium,39.88209539951163,Low,27.864004313414135,71,59.71,Consider
1291,Honda,Amaze,2023,15.12,CNG,Manual,1197,24.3,3,2,Yes,No,No,Risky,Low,0.09,79.5,12.57,Good,28.7,94.9,Low,0.9570293232340658,Medium,34.5603753515997,49,54.695,Consider
1292,Toyota,Urban Cruiser,2022,11.82,CNG,Automatic,1498,28.2,4,4,Yes,Yes,No,Normal,Medium,0.38,97.3,13.03,Moderate,30.5,50.5,Low,25.799584439271243,Medium,31.90798860148642,67,68.38,Recommended
1293,Volkswagen,Taigun,2024,11.19,Petrol,Manual,1497,18.3,4,6,Yes,Yes,Yes,Calm,Low,0.02,82.9,12.82,Moderate,29.3,95.0,Low,4.775958624704452,Low,13.336551908377114,81,70.195,Recommended
1294,Hyundai,Verna,2021,12.19,Petrol,Manual,1199,20.5,5,6,Yes,No,Yes,Normal,Medium,0.37,77.7,12.13,Good,30.8,80.3,Low,14.042748163426388,Low,29.01851143065369,73,66.92500000000001,Recommended
1295,Honda,Elevate,2024,15.88,Petrol,Manual,2198,19.1,4,6,Yes,Yes,Yes,Aggressive,Medium,0.05,82.2,12.28,Moderate,35.0,100.0,Low,0.0,Medium,37.21762543853133,73,66.715,Recommended
1296,Maruti Suzuki,Fronx,2020,8.72,Electric,Manual,0,351.6,4,6,Yes,Yes,Yes,Normal,Medium,0.28,84.4,12.59,Moderate,27.2,67.3,Low,7.769283235422775,Low,27.1981729347285,75,81.935,Highly Recommended
1297,Tata,Altroz,2023,13.24,Electric,Manual,0,285.0,4,6,Yes,Yes,No,Normal,Low,0.13,85.0,12.22,Good,30.3,65.9,Low,3.838543090352889,Low,12.858352910954583,87,78.8375,Highly Recommended
1298,Mahindra,Scorpio,2023,16.4,CNG,Manual,1997,21.7,5,6,Yes,No,Yes,Normal,Medium,0.15,88.2,12.62,Good,30.8,70.6,Low,12.015852959916863,Low,21.36285227859934,76,72.45500000000001,Recommended
1299,Skoda,Kushaq,2022,9.49,Diesel,Manual,1290,19.7,4,6,Yes,Yes,No,Calm,Low,0.07,92.1,12.3,Poor,36.5,45.1,Medium,39.04063087253802,Low,20.160286481976495,64,56.754999999999995,Consider
1300,Mahindra,XUV700,2020,5.7,Petrol,Automatic,1997,13.9,3,6,Yes,No,No,Aggressive,Low,0.04,94.0,11.59,Poor,34.7,73.0,Medium,44.42778678579693,Medium,36.02345683639625,35,47.835,Consider
1301,Renault,Kiger,2022,4.5,Petrol,Automatic,1497,20.0,5,2,Yes,Yes,No,Aggressive,Low,0.14,89.9,12.57,Good,34.1,72.6,Low,13.611751488012292,Low,29.351048353114216,80,69.0,Recommended
1302,Skoda,Slavia,2019,12.57,CNG,Automatic,1290,26.3,5,2,Yes,Yes,Yes,Calm,Low,0.08,91.3,12.72,Good,29.9,94.6,Low,12.224953283441389,Low,7.716901287581152,87,83.095,Highly Recommended
1303,Mahindra,Scorpio,2021,13.56,Petrol,Manual,1597,21.9,4,6,Yes,Yes,Yes,Aggressive,Medium,0.28,93.1,12.84,Good,29.9,68.0,Low,15.055833823867554,Medium,38.92583767803627,76,68.485,Recommended
1304,Kia,Carens,2020,9.13,Electric,Manual,0,354.5,4,6,Yes,No,Yes,Normal,Low,0.09,79.7,11.8,Poor,32.2,66.9,Medium,49.085635913189286,Low,25.439482278898648,46,68.99375,Recommended
1305,Renault,Kiger,2023,13.65,Electric,Manual,0,378.4,4,6,Yes,Yes,Yes,Aggressive,Medium,0.27,88.3,12.6,Good,31.0,92.9,Low,0.0,Medium,37.314406946993024,79,84.74000000000001,Highly Recommended
1306,Tata,Punch,2024,13.5,Electric,Manual,0,390.7,3,7,Yes,No,Yes,Aggressive,Medium,0.26,74.5,12.05,Good,31.3,100.0,Low,13.607887942091661,Medium,41.45508896453005,54,73.95125,Recommended
1307,Renault,Kiger,2020,7.15,CNG,Manual,1197,23.2,4,6,Yes,Yes,Yes,Calm,Medium,0.28,94.2,12.52,Good,32.7,68.1,Low,17.540704375538056,Low,24.290393437953643,81,74.93,Recommended
1308,Toyota,Hyryder,2026,18.58,Petrol,Manual,2198,13.8,4,6,Yes,Yes,Yes,Normal,Low,0.06,74.4,12.89,Good,31.1,73.5,Low,12.214021961334781,Low,9.279913957299645,87,72.22,Recommended
1309,Skoda,Slavia,2022,12.83,Petrol,Manual,1597,24.1,5,2,Yes,Yes,Yes,Aggressive,Medium,0.28,90.7,12.32,Moderate,30.0,87.3,Low,12.597013995843161,Medium,39.17276863710779,70,66.11500000000001,Recommended
1310,Kia,Carens,2019,13.64,Petrol,Automatic,2198,23.8,4,4,Yes,Yes,Yes,Normal,Low,0.03,87.8,12.78,Moderate,34.9,100.0,Low,2.398321601395846,Low,21.16025090302971,74,72.87,Recommended
1311,Tata,Harrier,2019,9.88,Petrol,Automatic,1597,14.5,4,6,Yes,Yes,Yes,Normal,Low,0.21,92.5,12.49,Good,34.5,87.1,Low,7.712946150566723,Low,10.274936379941552,87,77.32499999999999,Highly Recommended
1312,Toyota,Glanza,2022,12.09,Electric,Manual,0,387.3,4,6,Yes,Yes,Yes,Calm,Low,0.2,93.9,12.76,Moderate,28.7,79.1,Low,13.91285563307229,Low,19.161491523847594,77,84.17375,Highly Recommended
1313,Toyota,Hyryder,2019,11.93,CNG,Manual,998,28.3,4,2,Yes,Yes,Yes,Normal,High,0.28,80.1,12.3,Moderate,31.8,87.3,Low,4.977366591429624,Medium,45.05890941754148,61,66.695,Recommended
1314,Hyundai,i20,2021,11.1,Petrol,Manual,1497,19.3,4,6,Yes,No,Yes,Aggressive,Medium,0.0,91.4,12.93,Moderate,34.3,100.0,Low,0.0,Medium,35.53504754489997,59,60.445,Recommended
1315,Kia,Seltos,2019,13.11,Diesel,Manual,1197,24.6,4,4,Yes,Yes,Yes,Normal,High,0.45,89.4,12.95,Good,32.5,82.7,Low,0.44113626711794574,Medium,40.40407948200257,74,67.99000000000001,Recommended
1316,Honda,Elevate,2022,10.96,Diesel,Automatic,1197,25.2,2,6,Yes,No,Yes,Normal,Low,0.11,82.0,12.47,Moderate,32.8,64.7,Low,6.73115072764327,Low,20.128327389907234,47,60.93000000000001,Recommended
1317,Tata,Curvv,2024,11.15,Electric,Automatic,0,399.0,5,2,Yes,Yes,No,Normal,Low,0.0,92.3,12.55,Good,35.4,75.7,Low,7.007755415251291,Low,14.496224671707868,86,87.6625,Highly Recommended
1318,Renault,Kiger,2023,5.39,Petrol,Manual,1197,21.2,3,6,Yes,No,Yes,Normal,Low,0.22,88.5,13.18,Good,34.5,69.8,Low,11.10845325192785,Low,10.668127989518174,64,62.980000000000004,Recommended
1319,Skoda,Slavia,2025,13.53,Petrol,Automatic,1290,19.8,5,6,Yes,Yes,No,Aggressive,Low,0.09,91.4,12.39,Good,34.0,74.5,Low,2.28823612127575,Low,20.766870938977608,92,74.37,Recommended
1320,Toyota,Urban Cruiser,2024,17.81,Petrol,Automatic,1497,18.5,5,6,Yes,Yes,Yes,Normal,Low,0.24,76.5,12.72,Good,31.9,79.0,Low,13.778869694791837,Low,18.954356908178468,91,79.725,Highly Recommended
1321,Volkswagen,Taigun,2026,11.7,Petrol,Manual,1290,18.1,5,2,Yes,Yes,Yes,Normal,Medium,0.23,86.0,13.46,Good,29.4,76.4,Low,21.94159770002159,Medium,31.51526714616492,78,68.815,Recommended
1322,Toyota,Hyryder,2025,12.14,Petrol,Manual,2198,16.5,4,6,Yes,Yes,Yes,Calm,Low,0.04,80.4,12.78,Moderate,31.2,61.9,Low,8.723105456561107,Low,7.679921716004049,82,70.375,Recommended
1323,Skoda,Slavia,2025,14.14,Diesel,Manual,1497,19.8,4,4,Yes,Yes,No,Normal,Low,0.03,84.9,13.01,Good,34.6,56.9,Low,7.158870628504175,Low,4.624550959895638,85,66.22,Recommended
1324,Volkswagen,Virtus,2025,16.19,Petrol,Automatic,1997,16.1,5,4,Yes,Yes,Yes,Normal,Low,0.15,87.3,12.41,Good,29.9,84.7,Low,5.658342403963759,Low,16.741245929346558,89,78.465,Highly Recommended
1325,Kia,Sonet,2022,7.59,Diesel,Automatic,998,25.7,4,7,Yes,Yes,Yes,Risky,Low,0.03,87.1,13.19,Poor,32.3,37.6,Medium,38.561036822813676,Medium,46.00962385946442,57,65.505,Recommended
1326,Toyota,Urban Cruiser,2025,12.45,CNG,Manual,1997,24.6,5,6,Yes,Yes,Yes,Normal,Medium,0.29,83.2,12.76,Moderate,34.5,74.8,Low,5.543400462141562,Medium,30.82807940758486,82,75.59,Highly Recommended
1327,Volkswagen,Taigun,2020,19.41,CNG,Manual,1498,25.7,5,4,Yes,Yes,Yes,Normal,Low,0.06,87.8,12.36,Good,34.3,84.0,Low,8.358834386571502,Low,12.521184731331687,90,79.35499999999999,Highly Recommended
1328,Skoda,Kushaq,2019,13.41,Petrol,Automatic,2198,11.1,4,4,Yes,Yes,Yes,Aggressive,Low,0.17,84.4,12.35,Good,34.9,91.0,Low,0.729258761190271,Low,27.136465061561466,78,72.765,Recommended
1329,Maruti Suzuki,Dzire,2025,10.48,Diesel,Manual,1997,22.5,4,6,Yes,Yes,Yes,Normal,Low,0.26,94.9,12.21,Good,30.6,82.5,Low,8.88175431744181,Low,16.114534223939682,85,72.625,Recommended
1330,Skoda,Kushaq,2022,10.4,Diesel,Automatic,1290,20.5,5,6,Yes,Yes,Yes,Calm,Low,0.05,90.8,13.22,Moderate,35.9,66.7,Low,0.0,Low,14.975243360999686,89,79.125,Highly Recommended
1331,Tata,Harrier,2025,11.13,Diesel,Manual,2198,20.3,4,6,Yes,Yes,No,Aggressive,Low,0.0,85.7,12.44,Good,26.1,100.0,Low,0.0,Low,17.72735571809935,86,66.745,Recommended
1332,Mahindra,XUV700,2024,12.78,CNG,Automatic,1997,25.5,4,4,Yes,Yes,Yes,Aggressive,Low,0.0,86.3,11.85,Good,31.4,69.2,Low,24.30218859745271,Low,25.747156716128917,75,77.575,Highly Recommended
1333,Maruti Suzuki,Baleno,2025,12.6,Electric,Manual,0,352.2,5,6,Yes,Yes,Yes,Aggressive,Low,0.12,100.0,13.29,Good,30.6,60.1,Low,22.737000660834017,Low,28.838134234203068,86,86.9075,Highly Recommended
1334,Kia,Carens,2026,16.81,Electric,Manual,0,400.0,3,4,Yes,No,No,Normal,Low,0.0,90.9,12.67,Good,35.7,65.8,Low,15.023873859425551,Low,4.533730460765998,61,71.45,Recommended
1335,Tata,Altroz,2024,15.23,CNG,Automatic,1997,23.9,5,2,Yes,Yes,Yes,Calm,High,0.35,85.6,12.45,Moderate,29.2,90.9,Low,5.766288669558685,Medium,47.50637497267452,69,74.63499999999999,Recommended
1336,Hyundai,i20,2026,10.15,CNG,Automatic,1197,25.1,4,2,Yes,Yes,Yes,Normal,Low,0.0,89.9,12.6,Good,30.5,67.0,Low,12.25403151682666,Low,14.507274650991121,77,78.41499999999999,Highly Recommended
1337,Skoda,Kushaq,2024,6.12,Diesel,Manual,1997,22.8,3,4,Yes,No,Yes,Normal,Low,0.13,92.4,11.92,Moderate,29.0,98.6,Low,22.723230462300965,Low,15.039743884131871,50,56.92,Consider
1338,Volkswagen,Virtus,2026,10.59,Diesel,Manual,1498,18.7,3,6,Yes,No,Yes,Calm,Medium,0.19,89.7,12.17,Good,34.7,63.2,Low,16.217334827670193,Low,17.37402455906752,60,60.805,Recommended
1339,Renault,Triber,2026,14.68,Electric,Automatic,0,375.1,4,4,Yes,Yes,Yes,Normal,Low,0.1,97.4,12.76,Good,31.3,81.5,Low,13.895442401531058,Low,9.396931848327927,83,91.41625,Highly Recommended
1340,Renault,Kwid,2026,6.25,Petrol,Automatic,1197,25.1,4,4,Yes,Yes,Yes,Normal,Medium,0.13,95.7,12.84,Good,32.1,76.9,Low,10.024535591264344,Medium,30.715991777243428,76,73.965,Recommended
1341,Tata,Curvv,2024,13.98,Petrol,Manual,1199,14.3,4,2,Yes,Yes,Yes,Risky,Low,0.1,94.0,11.88,Good,34.4,81.2,Low,33.40001905722249,Medium,31.590510247942113,68,63.745000000000005,Recommended
1342,Kia,Sonet,2021,11.69,CNG,Manual,1997,22.4,4,2,Yes,Yes,Yes,Normal,Medium,0.29,95.5,12.74,Good,34.5,79.2,Low,0.0,Low,29.43912486670019,74,71.66,Recommended
1343,Tata,Harrier,2023,11.17,Diesel,Automatic,2198,17.9,4,6,Yes,Yes,Yes,Normal,Low,0.07,95.3,12.53,Moderate,33.7,83.7,Low,5.980671502487446,Low,19.320368216887353,78,73.785,Recommended
1344,Volkswagen,Virtus,2022,6.43,Petrol,Automatic,1597,19.7,4,7,Yes,Yes,Yes,Normal,Medium,0.36,86.2,12.7,Good,33.3,79.6,Low,4.555098444159294,Low,22.580231128731615,85,77.205,Highly Recommended
1345,Kia,Sonet,2025,14.98,Diesel,Manual,1199,18.3,4,6,Yes,Yes,Yes,Normal,Low,0.02,81.7,12.15,Good,30.3,88.8,Low,4.296998695940654,Low,9.365501598784439,88,73.345,Recommended
1346,Mahindra,Thar,2022,6.89,Petrol,Manual,1197,17.3,4,4,Yes,Yes,Yes,Calm,Low,0.05,79.4,12.71,Moderate,33.3,80.0,Low,5.379795309833509,Low,12.843944028874358,77,68.245,Recommended
1347,Tata,Nexon,2025,20.23,Petrol,Manual,1199,14.6,3,6,Yes,No,No,Normal,Low,0.2,85.0,11.58,Good,32.1,70.8,Low,28.16719233779048,Low,15.626326940714467,59,53.74,Consider
1348,Tata,Punch,2022,13.71,Petrol,Manual,1997,19.6,4,4,Yes,Yes,No,Normal,Low,0.04,97.6,12.35,Good,30.2,66.6,Low,22.13015890678934,Low,8.295969941257907,82,64.84,Recommended
1349,Toyota,Glanza,2024,11.41,Petrol,Manual,1199,16.8,5,6,Yes,Yes,Yes,Normal,Medium,0.29,103.1,11.98,Good,30.7,90.4,Low,28.650411389744168,Low,26.048983354897594,87,72.67,Recommended
1350,Honda,City,2023,7.94,CNG,Automatic,1199,24.6,4,2,Yes,Yes,No,Normal,Medium,0.22,84.9,12.39,Moderate,28.1,68.6,Low,11.17004022000034,Low,25.85429421367973,67,67.84,Recommended
1351,Renault,Triber,2022,7.19,Diesel,Automatic,998,17.1,3,6,Yes,No,Yes,Calm,Low,0.31,85.0,12.11,Moderate,36.7,100.0,Low,0.0,Low,16.637963250150797,57,64.215,Recommended
1352,Tata,Punch,2019,13.2,Electric,Manual,0,401.1,5,7,Yes,Yes,Yes,Aggressive,Low,0.19,99.0,12.5,Poor,25.4,94.7,Low,31.452932087950938,Medium,42.2241372191389,68,80.6,Highly Recommended
1353,Hyundai,i20,2019,7.0,Petrol,Automatic,998,20.6,5,6,Yes,Yes,Yes,Normal,Medium,0.33,89.3,12.85,Good,34.6,64.7,Low,13.347683150563412,Low,25.03705638771121,89,79.14000000000001,Highly Recommended
1354,Mahindra,XUV700,2019,11.44,Petrol,Automatic,1199,13.1,5,6,Yes,Yes,Yes,Normal,Medium,0.18,90.8,12.81,Good,30.1,59.9,Low,15.362034426904863,Low,16.678735168873718,92,79.365,Highly Recommended
1355,Honda,Amaze,2024,14.66,Petrol,Automatic,1199,25.4,4,6,Yes,Yes,Yes,Normal,High,0.41,92.4,12.4,Moderate,31.4,78.3,Low,3.9073769983781697,Medium,44.1175330600283,70,71.31,Recommended
1356,Mahindra,XUV 3XO,2025,13.19,Petrol,Automatic,1597,21.0,4,6,Yes,Yes,Yes,Normal,Low,0.18,86.7,11.6,Good,34.8,100.0,Low,30.854115012031116,Low,16.694138190511033,82,76.05,Highly Recommended
1357,Renault,Kiger,2024,4.5,CNG,Manual,1290,28.8,4,6,Yes,No,No,Aggressive,High,0.34,99.9,13.01,Good,36.4,83.2,Low,2.471817342789276,Medium,49.48677886877453,59,59.870000000000005,Consider
1358,Renault,Kiger,2026,4.82,Petrol,Manual,1199,16.1,4,4,Yes,Yes,Yes,Normal,Medium,0.31,80.2,12.13,Moderate,30.4,88.5,Low,12.411612105188237,Low,24.378468450357072,72,65.815,Recommended
1359,Kia,Seltos,2019,8.13,Petrol,Automatic,1290,18.9,5,4,Yes,Yes,Yes,Aggressive,Medium,0.2,91.2,12.89,Moderate,32.7,89.3,Low,11.1888968369073,Medium,35.88301240744564,76,73.035,Recommended
1360,Renault,Kwid,2023,9.38,CNG,Manual,1597,21.0,3,2,Yes,No,Yes,Aggressive,Low,0.1,76.6,12.9,Good,30.2,58.3,Low,10.19629414896552,Low,23.807434251278973,51,61.099999999999994,Recommended
1361,Kia,Carens,2023,6.1,Diesel,Automatic,1597,21.2,3,6,Yes,No,Yes,Normal,Medium,0.23,92.4,12.45,Moderate,31.7,67.1,Low,15.735162374774498,Medium,32.901431325210396,49,61.230000000000004,Recommended
1362,Hyundai,Venue,2021,6.59,Petrol,Automatic,1997,15.4,5,6,Yes,Yes,Yes,Normal,Medium,0.37,98.8,12.54,Moderate,31.9,94.8,Low,4.166953181591453,Medium,37.73881766294767,80,74.31,Recommended
1363,Renault,Kwid,2019,7.03,Petrol,Manual,2198,20.7,5,6,Yes,No,Yes,Risky,Medium,0.39,87.6,11.75,Moderate,30.5,63.7,Low,21.725476768505036,High,58.89858696284902,55,58.855000000000004,Consider
1364,Volkswagen,Virtus,2024,9.87,Petrol,Automatic,1498,17.6,3,2,Yes,No,Yes,Calm,Low,0.0,87.7,11.77,Moderate,28.8,79.2,Low,30.19322148429504,Low,11.47940127294063,46,59.34,Consider
1365,Maruti Suzuki,Brezza,2021,8.96,Petrol,Manual,1197,19.2,4,6,Yes,No,Yes,Aggressive,Medium,0.17,89.0,12.16,Good,29.4,92.2,Low,8.678607986970839,Medium,33.50373825826242,64,62.68,Recommended
1366,Toyota,Hyryder,2026,12.37,Petrol,Manual,1290,19.1,3,6,Yes,No,Yes,Aggressive,Low,0.16,89.0,12.97,Good,32.6,87.6,Low,1.2089125704840766,Low,28.70881302254449,59,60.415,Recommended
1367,Tata,Altroz,2025,8.34,Petrol,Automatic,1290,21.9,4,2,Yes,Yes,Yes,Normal,Low,0.09,96.5,12.07,Good,29.0,73.4,Medium,40.20706894152211,Low,12.334636507203811,74,72.58500000000001,Recommended
1368,Renault,Triber,2021,6.4,CNG,Manual,1498,27.6,5,6,Yes,Yes,Yes,Normal,Medium,0.32,91.1,13.09,Moderate,33.0,64.6,Low,14.178334892444724,Medium,36.308901801019566,79,74.69,Recommended
1369,Honda,Elevate,2020,9.76,CNG,Manual,1597,22.6,5,6,Yes,Yes,Yes,Normal,Low,0.01,90.2,12.69,Good,34.3,74.8,Low,0.30960155681995083,Low,12.045452127215656,96,81.59,Highly Recommended
1370,Renault,Kwid,2024,10.1,Petrol,Manual,2198,17.3,5,4,Yes,Yes,Yes,Normal,Low,0.12,89.1,12.08,Good,31.3,86.2,Low,24.748858651436198,Low,14.74581560169959,87,72.745,Recommended
1371,Tata,Punch,2023,8.37,Diesel,Automatic,998,21.2,4,6,Yes,Yes,Yes,Calm,Medium,0.24,87.4,12.89,Good,33.7,75.1,Low,5.557200976487616,Low,22.460252340096822,83,76.53,Highly Recommended
1372,Toyota,Hyryder,2026,14.89,Petrol,Manual,1497,15.9,3,6,Yes,No,Yes,Risky,High,0.36,93.1,13.57,Good,31.1,67.6,Low,7.8810836540048985,High,60.880702715058966,47,54.535000000000004,Consider
1373,Mahindra,XUV700,2026,16.25,CNG,Manual,1498,24.5,3,2,Yes,No,Yes,Normal,High,0.47,99.1,12.71,Good,30.0,69.4,Low,24.706282717322267,Medium,39.86741797566906,43,58.025000000000006,Consider
1374,Honda,Elevate,2020,9.88,Petrol,Automatic,2198,18.1,4,4,Yes,Yes,Yes,Risky,Medium,0.16,82.4,11.64,Moderate,34.2,62.5,Low,34.57138575601312,High,55.006837717163954,58,64.815,Recommended
1375,Renault,Triber,2023,5.15,CNG,Automatic,1497,31.3,4,6,Yes,Yes,No,Normal,High,0.45,87.5,12.86,Good,28.4,67.0,Low,10.139033054273714,Medium,42.33579528348671,76,72.89500000000001,Recommended
1376,Toyota,Hyryder,2019,14.01,Electric,Manual,0,310.9,5,6,Yes,No,Yes,Calm,Medium,0.34,78.5,12.76,Good,34.1,61.5,Low,16.31234806998241,Low,24.81995467188257,74,79.95875000000001,Highly Recommended
1377,Volkswagen,Taigun,2025,15.33,Electric,Manual,0,288.6,4,4,Yes,Yes,Yes,Normal,Low,0.19,85.8,12.66,Good,32.6,76.2,Low,2.4462211914126435,Low,12.075179169674469,83,83.1725,Highly Recommended
1378,Skoda,Slavia,2023,13.39,Petrol,Automatic,1197,22.5,4,6,Yes,Yes,Yes,Normal,Low,0.32,81.1,12.53,Good,33.6,89.9,Low,7.222956842583514,Low,16.501570906625027,85,77.625,Highly Recommended
1379,Renault,Kiger,2024,6.76,Petrol,Manual,1497,17.7,4,6,Yes,Yes,Yes,Calm,Low,0.0,94.9,12.48,Good,34.3,39.8,Low,19.949524028368955,Low,4.80239042932342,87,72.805,Recommended
1380,Volkswagen,Taigun,2019,11.83,CNG,Manual,1197,25.0,3,6,Yes,No,Yes,Aggressive,Medium,0.24,88.6,12.3,Moderate,36.4,100.0,Low,0.0,Medium,38.00214684395493,50,61.25,Recommended
1381,Renault,Kiger,2025,11.9,Petrol,Manual,1498,26.7,3,6,Yes,No,Yes,Normal,Low,0.24,91.6,13.21,Moderate,34.3,85.9,Low,4.10858132484886,Low,18.97843822665003,56,60.205,Recommended
1382,Honda,Elevate,2026,13.21,Diesel,Automatic,1199,21.6,4,4,Yes,No,No,Normal,Low,0.13,83.0,11.58,Moderate,31.4,99.7,Low,17.470051507156576,Low,24.392465697233003,56,58.44,Consider
1383,Toyota,Hyryder,2024,21.5,Petrol,Automatic,1497,21.9,4,4,Yes,Yes,Yes,Aggressive,Low,0.16,101.4,12.31,Poor,29.3,62.7,Low,34.34860181813341,Medium,32.812372073936,56,64.485,Recommended
1384,Mahindra,XUV 3XO,2019,10.26,Petrol,Manual,998,20.9,5,4,Yes,Yes,Yes,Normal,Low,0.18,87.1,12.55,Good,29.9,45.8,Low,15.50097223616492,Low,14.396662625865543,89,74.185,Recommended
1385,Kia,Carens,2021,8.61,Diesel,Manual,1290,18.1,3,6,Yes,No,No,Normal,Low,0.12,78.2,12.43,Good,34.1,88.3,Low,10.14284033845633,Low,20.171809056844857,60,54.715,Consider
1386,Kia,Seltos,2024,9.37,Petrol,Automatic,1199,20.9,4,6,Yes,No,Yes,Normal,Medium,0.29,95.7,12.59,Good,32.2,55.3,Low,19.706535327973683,Low,27.41361173512164,64,67.935,Recommended
1387,Tata,Nexon,2020,6.09,Petrol,Manual,1497,21.4,4,2,Yes,Yes,Yes,Normal,Medium,0.26,82.2,12.05,Good,34.1,100.0,Low,23.328633111765637,Low,19.363673196095796,74,67.51,Recommended
1388,Maruti Suzuki,Swift,2021,4.5,Diesel,Automatic,2198,23.5,4,2,Yes,No,Yes,Aggressive,Low,0.05,79.9,12.11,Good,31.2,81.3,Low,0.4483160135344475,Low,25.88819833023371,60,66.525,Recommended
1389,Skoda,Kushaq,2026,15.63,Diesel,Manual,1199,19.8,5,2,Yes,Yes,No,Normal,High,0.45,82.6,12.83,Good,30.3,100.0,Low,9.047529070303765,Medium,39.68522837495368,77,62.62,Recommended
1390,Kia,Seltos,2025,13.31,Diesel,Automatic,1597,18.6,5,7,Yes,Yes,Yes,Calm,Medium,0.35,92.2,12.65,Moderate,27.5,70.6,Low,3.753497297865797,Low,27.498744879165272,86,77.49000000000001,Highly Recommended
1391,Kia,Carens,2026,7.91,Petrol,Automatic,998,20.5,3,4,Yes,No,No,Aggressive,Low,0.0,89.1,12.65,Good,35.4,76.3,Low,18.81771177028244,Low,24.132468858134146,54,57.375,Consider
1392,Skoda,Kushaq,2026,16.1,Petrol,Automatic,1197,16.7,2,7,Yes,No,Yes,Normal,Medium,0.3,87.2,13.35,Moderate,29.6,59.1,Low,17.92875528848816,Medium,34.60594422332026,42,57.405,Consider
1393,Tata,Nexon,2019,4.5,CNG,Automatic,1597,23.3,5,6,Yes,Yes,No,Aggressive,Low,0.41,76.1,11.73,Good,31.9,89.9,Low,18.043095550619526,Low,29.416530996855908,87,76.645,Highly Recommended
1394,Kia,Seltos,2022,6.92,Petrol,Manual,1197,24.1,3,7,Yes,No,No,Calm,Low,0.12,85.1,13.16,Good,32.7,45.7,Low,22.566268582005243,Low,4.116560296723957,66,58.315,Consider
1395,Tata,Curvv,2023,9.09,Petrol,Manual,1197,24.1,5,7,Yes,Yes,No,Calm,Medium,0.29,86.2,12.42,Moderate,32.6,86.8,Low,6.630655869054043,Low,25.178007653408525,86,67.315,Recommended
1396,Kia,Seltos,2026,15.75,Diesel,Manual,1199,21.2,4,6,Yes,Yes,Yes,Normal,Medium,0.1,81.7,13.0,Good,34.9,90.4,Low,7.756025551837989,Low,22.331657559186066,83,71.53,Recommended
1397,Tata,Harrier,2024,4.5,Petrol,Manual,1597,17.2,4,6,Yes,Yes,Yes,Normal,High,0.21,78.9,12.9,Good,32.7,67.8,Low,14.84806305130034,Medium,31.388397236576882,79,69.13,Recommended
1398,Kia,Sonet,2026,9.31,Diesel,Automatic,2198,22.3,5,7,Yes,Yes,Yes,Aggressive,Medium,0.27,97.1,12.54,Moderate,30.9,100.0,Low,1.9250267888170798,Medium,32.72985516616941,84,77.14500000000001,Highly Recommended
1399,Toyota,Urban Cruiser,2023,12.61,Petrol,Automatic,1199,20.8,3,6,Yes,No,Yes,Normal,Low,0.19,87.1,12.54,Poor,31.6,89.4,Low,31.096930647676725,Low,23.836471736602817,41,57.57,Consider
1400,Maruti Suzuki,Dzire,2022,6.17,Petrol,Automatic,1497,18.1,4,4,Yes,Yes,Yes,Calm,Medium,0.27,86.4,13.08,Good,31.0,64.4,Low,12.655146030146462,Low,20.57871292882274,79,74.26500000000001,Recommended
1401,Volkswagen,Virtus,2024,13.57,Diesel,Manual,1497,17.8,3,2,Yes,No,Yes,Normal,Medium,0.15,94.5,12.65,Good,31.6,85.1,Low,4.100744510878046,Low,23.207437809691996,52,57.07,Consider
1402,Tata,Nexon,2025,11.25,CNG,Manual,1597,23.5,4,6,Yes,Yes,No,Aggressive,High,0.48,94.3,12.49,Good,38.0,70.8,Low,11.140576159148488,High,55.37332519696647,71,64.475,Recommended
1403,Volkswagen,Taigun,2020,11.91,Petrol,Automatic,1197,16.2,5,4,Yes,Yes,Yes,Calm,Low,0.06,86.2,12.01,Good,29.6,78.7,Low,27.701994907599502,Low,10.830091335750879,88,78.03,Highly Recommended
1404,Hyundai,Creta,2024,16.1,Petrol,Automatic,1498,11.7,5,4,Yes,No,Yes,Normal,Low,0.02,98.9,12.44,Good,29.8,85.4,Low,10.695413301582805,Low,13.918726291995945,75,71.505,Recommended
1405,Tata,Harrier,2019,5.18,CNG,Automatic,1498,24.7,5,7,Yes,Yes,Yes,Aggressive,Low,0.0,86.3,12.86,Moderate,35.6,74.9,Low,7.7799533743824005,Low,24.843633157851393,86,82.405,Highly Recommended
1406,Mahindra,XUV 3XO,2026,13.26,CNG,Automatic,1199,25.1,5,4,Yes,Yes,Yes,Normal,High,0.35,85.9,12.84,Good,33.2,100.0,Low,0.0,Medium,45.12668186555346,80,79.765,Highly Recommended
1407,Tata,Punch,2026,12.7,CNG,Manual,1199,24.2,4,6,Yes,Yes,Yes,Normal,Medium,0.32,94.6,12.51,Moderate,30.6,76.7,Low,3.202425015149272,Low,28.785458753562892,75,72.38,Recommended
1408,Maruti Suzuki,Baleno,2019,9.07,Petrol,Manual,2198,21.9,3,2,Yes,No,Yes,Normal,Low,0.15,84.2,12.69,Good,30.2,80.1,Low,5.031539270276251,Low,15.468657871514118,55,59.035,Consider
1409,Volkswagen,Virtus,2024,9.31,CNG,Manual,1597,22.6,5,2,Yes,Yes,Yes,Normal,High,0.37,96.0,12.2,Good,29.4,63.0,Low,9.146174875562474,Medium,35.456571395475066,78,73.49000000000001,Recommended
1410,Honda,Amaze,2020,8.9,Diesel,Manual,1199,17.6,3,7,Yes,No,Yes,Aggressive,Medium,0.3,87.2,12.32,Good,25.0,78.9,Low,9.535034722469709,Medium,43.49473600950766,54,57.94,Consider
1411,Maruti Suzuki,Baleno,2021,4.5,Petrol,Manual,1290,21.9,4,6,Yes,Yes,Yes,Risky,Low,0.1,95.5,11.95,Good,34.6,92.0,Low,19.624893438377516,Medium,34.17675600224526,77,68.935,Recommended
1412,Honda,Amaze,2019,13.74,Diesel,Manual,1997,20.3,5,4,Yes,Yes,Yes,Calm,Medium,0.3,90.3,12.61,Good,32.3,82.1,Low,0.0,Low,21.787654362027993,88,73.64500000000001,Recommended
1413,Maruti Suzuki,Brezza,2025,6.25,Petrol,Automatic,1290,19.3,3,4,Yes,No,Yes,Normal,Medium,0.28,83.3,12.4,Good,31.3,100.0,Low,1.2443325045652736,Low,19.632411870896654,58,64.995,Recommended
1414,Tata,Harrier,2022,14.11,Electric,Manual,0,289.1,5,4,Yes,Yes,Yes,Calm,Low,0.05,90.1,12.03,Good,27.9,95.0,Low,26.19138542802124,Low,8.239444626120013,89,85.89125000000001,Highly Recommended
1415,Honda,City,2025,12.02,Petrol,Automatic,1290,17.1,4,6,Yes,Yes,No,Normal,Low,0.07,83.3,12.69,Good,33.0,89.7,Low,0.0,Low,9.742910441695297,89,72.61500000000001,Recommended
1416,Renault,Triber,2026,8.78,Diesel,Automatic,1199,22.0,4,4,Yes,No,Yes,Normal,Low,0.09,85.4,12.3,Good,32.7,93.9,Low,13.4490461748262,Low,8.480609917922656,68,69.9,Recommended
1417,Hyundai,Venue,2019,9.78,Petrol,Manual,1199,26.4,4,6,Yes,Yes,Yes,Normal,Medium,0.16,65.2,12.62,Moderate,30.1,66.6,Low,13.691259628484232,Low,25.568376350694212,75,68.71000000000001,Recommended
1418,Honda,Elevate,2025,11.93,Petrol,Automatic,1997,18.5,5,7,Yes,Yes,Yes,Calm,Low,0.07,87.6,11.53,Moderate,31.0,75.1,Low,27.53396159462604,Low,12.609003331490937,87,77.925,Highly Recommended
1419,Honda,Elevate,2024,9.67,Petrol,Manual,2198,14.1,4,2,Yes,Yes,Yes,Risky,Low,0.23,89.3,12.73,Good,34.2,84.2,Low,12.511807425889966,Medium,37.326982765647536,69,64.16499999999999,Recommended
1420,Kia,Seltos,2026,7.35,Petrol,Automatic,1597,21.3,3,6,Yes,No,No,Normal,Low,0.0,91.7,12.8,Good,33.2,75.3,Low,7.442654281162053,Low,5.575352521548052,66,62.894999999999996,Recommended
1421,Mahindra,XUV 3XO,2020,8.58,Petrol,Automatic,1497,13.2,3,2,Yes,No,No,Normal,Medium,0.15,99.1,12.74,Good,37.2,82.0,Low,11.680597030843781,Low,21.739151790507652,52,55.38,Consider
1422,Kia,Carens,2025,12.4,Petrol,Automatic,1199,21.0,4,2,Yes,Yes,Yes,Normal,Medium,0.17,86.7,12.61,Good,32.0,64.4,Low,13.804312791935466,Low,21.148685370288376,75,72.9,Recommended
1423,Mahindra,Scorpio,2025,14.1,Petrol,Manual,2198,24.6,4,6,Yes,Yes,Yes,Normal,Medium,0.22,92.6,13.09,Good,36.4,73.7,Low,15.129133341278056,Low,20.449858891164673,83,72.03999999999999,Recommended
1424,Renault,Kiger,2020,6.89,Petrol,Manual,1497,18.1,4,4,Yes,Yes,Yes,Aggressive,Low,0.16,93.1,12.64,Moderate,35.7,98.4,Low,1.5244942394401408,Low,26.626021752440554,72,66.11500000000001,Recommended
1425,Tata,Nexon,2021,17.16,CNG,Automatic,1290,29.4,4,4,Yes,Yes,Yes,Normal,Medium,0.35,96.1,12.38,Good,35.7,100.0,Low,0.0,Low,21.75526744198529,80,80.41,Highly Recommended
1426,Renault,Kwid,2026,17.75,Electric,Manual,0,272.7,3,6,Yes,No,No,Normal,Low,0.16,89.1,12.63,Good,31.5,72.7,Low,8.311711350225222,Low,14.876037244828296,63,67.57625,Recommended
1427,Mahindra,Scorpio,2026,13.88,CNG,Automatic,1997,23.9,4,6,Yes,Yes,Yes,Normal,Low,0.12,73.5,12.1,Good,34.4,69.0,Low,24.196930358783852,Low,13.655558560806002,84,81.385,Highly Recommended
1428,Hyundai,Exter,2024,11.69,Petrol,Manual,2198,14.2,4,2,Yes,No,Yes,Risky,Low,0.35,93.8,12.75,Moderate,30.8,100.0,Low,4.190427119599233,Medium,46.4572651343412,46,53.83,Consider
1429,Mahindra,Scorpio,2023,13.11,Diesel,Manual,1199,17.1,4,2,Yes,Yes,Yes,Aggressive,Low,0.23,91.3,12.66,Good,29.3,68.3,Low,13.5542735650356,Low,22.993379182087683,74,66.86500000000001,Recommended
1430,Hyundai,Venue,2022,11.58,Petrol,Manual,1290,19.2,3,4,Yes,No,No,Calm,Medium,0.33,92.3,12.59,Good,30.4,85.1,Low,12.250489062124174,Low,24.397686888039107,55,52.629999999999995,Consider
1431,Skoda,Slavia,2024,12.08,Diesel,Automatic,1290,22.7,3,6,Yes,No,Yes,Normal,Medium,0.12,97.0,12.55,Moderate,29.1,66.5,Low,4.123163274606602,Medium,32.871220561909844,51,62.355000000000004,Recommended
1432,Kia,Seltos,2026,13.56,Petrol,Manual,1199,20.2,4,6,Yes,No,No,Risky,Low,0.02,82.9,12.68,Good,26.1,81.0,Low,11.12503816550117,Medium,32.88427271623372,64,56.83,Consider
1433,Honda,Amaze,2021,10.56,Petrol,Automatic,2198,15.6,3,6,Yes,No,Yes,Risky,Low,0.1,104.5,12.96,Poor,30.6,75.4,Medium,42.41972115519571,Medium,42.99341142803047,33,53.19,Consider
1434,Kia,Sonet,2023,8.62,Diesel,Automatic,2198,20.9,4,6,Yes,Yes,Yes,Normal,High,0.29,99.3,12.26,Good,30.8,87.4,Low,6.6523585609801845,Medium,36.11657474182519,78,74.235,Recommended
1435,Hyundai,Verna,2026,7.63,Petrol,Automatic,1290,19.3,5,6,Yes,Yes,Yes,Normal,Low,0.01,85.7,12.24,Good,32.6,84.6,Low,0.0,Low,13.160308451371643,95,81.64500000000001,Highly Recommended
1436,Maruti Suzuki,Baleno,2020,5.41,Diesel,Automatic,1290,19.3,4,6,Yes,Yes,Yes,Normal,Low,0.13,86.5,12.02,Good,31.6,75.2,Low,16.985314096755836,Low,12.091133596519507,85,77.14500000000001,Highly Recommended
1437,Mahindra,XUV 3XO,2024,12.59,Diesel,Automatic,1199,25.2,5,4,Yes,Yes,Yes,Calm,Medium,0.25,81.2,12.68,Good,30.1,69.6,Low,4.140915402658862,Low,17.752186878489624,89,79.83000000000001,Highly Recommended
1438,Mahindra,XUV700,2026,11.69,Petrol,Automatic,1199,18.4,4,6,Yes,Yes,No,Normal,Low,0.19,99.2,12.17,Moderate,33.5,84.9,Low,7.719004101527495,Low,17.148134418338913,79,68.31,Recommended
1439,Mahindra,XUV700,2022,13.19,Petrol,Manual,2198,20.5,4,2,Yes,Yes,No,Normal,High,0.33,90.6,11.91,Good,30.6,64.3,Low,27.101001832221474,Medium,33.72831421361486,68,58.675000000000004,Consider
1440,Mahindra,Scorpio,2023,7.22,Petrol,Manual,1997,15.1,4,6,Yes,No,No,Calm,Medium,0.13,75.5,13.67,Good,34.9,70.0,Low,5.100722263791029,Low,17.686243104306648,70,58.765,Consider
1441,Toyota,Glanza,2025,16.49,Petrol,Automatic,1290,14.0,2,2,Yes,No,Yes,Normal,Medium,0.12,87.9,12.22,Moderate,31.1,81.7,Low,3.57860491384655,Low,24.44502318813634,38,55.2,Consider
1442,Kia,Carens,2020,9.77,Diesel,Manual,998,21.5,4,6,Yes,Yes,Yes,Normal,Low,0.05,74.5,13.26,Poor,29.7,64.5,Low,33.22583605956541,Low,19.459284632827366,65,63.475,Recommended
1443,Mahindra,Thar,2025,10.34,Diesel,Manual,998,24.6,4,6,Yes,Yes,Yes,Aggressive,Low,0.19,87.2,12.0,Good,38.0,74.9,Low,31.008626740211277,Low,22.91525494997223,79,70.24000000000001,Recommended
1444,Maruti Suzuki,Dzire,2025,14.08,Petrol,Manual,1199,19.2,4,6,Yes,Yes,Yes,Normal,Medium,0.09,79.7,11.58,Moderate,30.9,92.7,Low,21.445010802651225,Low,24.15765236467215,74,67.18,Recommended
1445,Kia,Sonet,2024,9.93,Petrol,Manual,1197,21.9,4,6,Yes,Yes,Yes,Calm,Medium,0.13,101.0,12.76,Good,30.9,54.5,Low,25.235406830224647,Low,17.51286919010327,82,71.185,Recommended
1446,Skoda,Kushaq,2022,14.36,Petrol,Automatic,1290,22.0,4,6,Yes,Yes,Yes,Normal,High,0.49,79.7,12.52,Moderate,31.6,73.2,Low,13.325685067255144,Medium,46.942451676207945,68,69.9,Recommended
1447,Toyota,Innova,2021,12.8,Petrol,Manual,2198,20.7,4,6,Yes,Yes,Yes,Aggressive,High,0.29,91.5,12.93,Good,37.4,68.4,Low,7.470320833524339,Medium,52.06886180563669,73,66.955,Recommended
1448,Maruti Suzuki,Dzire,2026,17.07,CNG,Manual,1290,27.8,5,6,Yes,Yes,Yes,Risky,Low,0.08,74.8,11.78,Poor,33.1,62.4,High,60.94692681065945,Medium,42.16007361155187,61,66.62,Recommended
1449,Volkswagen,Virtus,2019,16.15,Electric,Manual,0,391.7,5,4,Yes,Yes,Yes,Normal,Low,0.09,90.5,12.28,Moderate,36.0,58.6,Low,14.727667841492602,Low,12.343491342929651,83,87.03875,Highly Recommended
1450,Mahindra,XUV 3XO,2024,18.07,CNG,Manual,1997,25.2,5,6,Yes,Yes,No,Normal,Low,0.0,82.3,11.99,Good,33.3,89.2,Low,32.82705324217665,Low,9.909502224174473,92,74.18,Recommended
1451,Toyota,Urban Cruiser,2019,14.72,Diesel,Manual,998,23.8,5,6,Yes,Yes,Yes,Normal,High,0.28,83.7,11.99,Good,32.9,51.5,Low,33.70458928378854,Medium,44.900755383681044,79,70.12,Recommended
1452,Toyota,Glanza,2023,13.31,Petrol,Manual,1199,16.2,4,2,Yes,Yes,No,Normal,Low,0.1,76.8,12.86,Good,34.6,95.0,Low,4.880612490003375,Low,13.062343364584436,79,62.980000000000004,Recommended
1453,Mahindra,Thar,2020,11.41,CNG,Automatic,2198,26.6,4,6,Yes,Yes,Yes,Calm,Low,0.13,75.2,12.16,Good,32.0,94.3,Low,4.3807935973898235,Low,6.5540081275733915,89,84.04,Highly Recommended
1454,Renault,Kiger,2022,8.1,Petrol,Manual,1197,11.6,4,6,Yes,Yes,Yes,Normal,Medium,0.07,80.3,12.46,Good,31.2,79.6,Low,3.4153348142425934,Low,21.169080490373304,84,70.54,Recommended
1455,Maruti Suzuki,Swift,2020,5.04,Petrol,Automatic,1997,22.1,3,4,Yes,No,No,Normal,Low,0.27,90.0,12.09,Good,33.0,64.1,Medium,43.328096512063055,Low,17.111771216953578,53,57.165000000000006,Consider
1456,Hyundai,Creta,2022,13.36,Diesel,Manual,1497,13.8,5,6,Yes,Yes,No,Normal,Low,0.16,89.0,12.47,Poor,31.1,74.6,Low,26.148798992434017,Low,17.52504629242525,75,60.82,Recommended
1457,Honda,Elevate,2026,10.41,CNG,Manual,1290,23.5,4,2,Yes,Yes,No,Normal,Medium,0.34,83.4,12.56,Good,32.1,100.0,Low,13.906522351841291,Low,25.314885870541605,73,65.375,Recommended
1458,Tata,Harrier,2026,18.87,Petrol,Manual,1290,17.9,4,2,Yes,No,Yes,Normal,Low,0.17,98.4,12.81,Moderate,30.5,83.9,Low,0.0,Low,17.94404816458972,57,59.335,Consider
1459,Renault,Kwid,2021,9.4,Electric,Automatic,0,326.4,4,2,Yes,Yes,Yes,Calm,Low,0.1,108.0,12.16,Moderate,29.6,89.6,Low,16.11501996733215,Low,8.953047530592755,72,84.64,Highly Recommended
1460,Toyota,Glanza,2026,15.61,Petrol,Automatic,1290,18.9,5,4,Yes,Yes,Yes,Calm,High,0.4,81.1,13.2,Good,31.1,97.4,Low,2.1467109775336475,Medium,35.05419987281584,83,76.185,Highly Recommended
1461,Maruti Suzuki,Swift,2020,9.57,Petrol,Automatic,1197,19.9,5,7,Yes,Yes,Yes,Normal,Medium,0.19,96.2,11.95,Good,32.0,100.0,Low,28.989638438140766,Low,27.25553707988319,88,78.58500000000001,Highly Recommended
1462,Maruti Suzuki,Swift,2025,7.91,Petrol,Automatic,2198,10.0,4,6,Yes,Yes,No,Aggressive,Low,0.11,77.3,13.3,Moderate,26.8,74.9,Low,13.261991932436324,Low,28.90431229605917,74,64.80000000000001,Recommended
1463,Mahindra,XUV 3XO,2022,12.18,CNG,Automatic,1497,24.8,5,4,Yes,No,No,Normal,Low,0.12,89.8,12.71,Good,35.9,78.9,Low,0.8725924279798525,Low,5.963274260641071,79,73.27000000000001,Recommended
1464,Kia,Sonet,2019,11.3,Petrol,Manual,1290,20.5,5,6,Yes,Yes,No,Normal,Low,0.22,84.8,11.88,Moderate,30.4,100.0,Low,25.37298882706626,Low,14.31642082050187,85,66.325,Recommended
1465,Maruti Suzuki,Fronx,2026,8.73,Petrol,Manual,1290,18.7,2,2,Yes,No,Yes,Normal,Medium,0.32,83.9,12.59,Good,29.1,84.6,Low,2.3999364837409516,Low,22.067875343847145,45,54.055,Consider
1466,Volkswagen,Virtus,2024,18.52,Electric,Automatic,0,384.1,4,6,Yes,Yes,No,Normal,Low,0.18,90.2,12.79,Good,34.4,77.9,Low,13.25935085760432,Low,17.47301328186304,84,86.20375000000001,Highly Recommended
1467,Tata,Punch,2020,10.62,Petrol,Manual,1997,19.7,4,6,Yes,Yes,No,Calm,Medium,0.17,90.1,11.99,Good,28.6,63.7,Low,27.526581811850658,Low,19.19399246570534,81,64.405,Recommended
1468,Toyota,Hyryder,2024,15.68,Petrol,Manual,1197,17.9,5,4,Yes,Yes,No,Calm,Low,0.06,88.7,12.19,Good,32.2,67.2,Low,14.735699760925925,Low,2.926450557866592,93,69.535,Recommended
1469,Kia,Sonet,2019,4.5,Diesel,Manual,1997,19.5,4,2,Yes,Yes,Yes,Normal,Medium,0.12,106.1,11.88,Moderate,29.9,67.5,Low,34.12583776691677,Low,24.240031356323705,64,62.725,Recommended
1470,Kia,Sonet,2020,11.83,Petrol,Manual,1199,19.4,5,2,Yes,Yes,Yes,Normal,Medium,0.17,92.9,11.8,Good,31.7,99.5,Low,24.30642210585127,Low,24.516457850886336,80,69.91,Recommended
1471,Tata,Harrier,2026,9.96,Petrol,Automatic,1997,18.3,4,6,Yes,Yes,No,Normal,Low,0.03,90.9,12.28,Good,30.3,93.8,Low,7.400578552595276,Low,6.40244491086498,89,72.795,Recommended
1472,Mahindra,Thar,2025,16.76,Petrol,Automatic,2198,14.4,3,7,Yes,No,No,Aggressive,Low,0.06,96.0,12.11,Good,28.4,88.4,Low,10.889325632485914,Low,27.194218229806413,60,59.16,Consider
1473,Maruti Suzuki,Brezza,2021,5.46,Petrol,Manual,1199,18.9,4,4,Yes,Yes,Yes,Normal,Low,0.02,100.7,12.32,Good,31.2,76.8,Low,15.643798847636406,Low,8.539232785366407,83,71.185,Recommended
1474,Renault,Kiger,2023,11.1,CNG,Automatic,1498,24.5,5,7,Yes,Yes,Yes,Calm,Low,0.21,88.0,12.77,Good,32.9,78.1,Low,8.8816703253434,Low,18.35711961662674,94,85.975,Highly Recommended
1475,Maruti Suzuki,Brezza,2024,9.79,Electric,Manual,0,265.7,3,4,Yes,No,No,Normal,Low,0.11,80.1,13.19,Poor,34.8,44.2,Medium,38.81883393213297,Low,19.409500667836177,37,55.61375,Consider
1476,Honda,Amaze,2026,11.59,Electric,Automatic,0,376.8,4,2,Yes,No,No,Aggressive,Medium,0.2,80.7,12.57,Good,33.4,70.8,Low,9.832142445799548,Medium,35.68671453649345,55,72.88,Recommended
1477,Maruti Suzuki,Dzire,2026,5.57,CNG,Manual,1997,24.7,5,6,Yes,No,Yes,Aggressive,High,0.48,87.0,12.25,Good,31.1,65.0,Low,12.156147350589062,High,58.237259072564804,63,67.055,Recommended
1478,Volkswagen,Taigun,2022,10.64,Diesel,Automatic,1290,21.8,4,6,Yes,Yes,Yes,Normal,Medium,0.24,83.8,12.82,Moderate,31.3,79.5,Low,13.922160252816315,Low,29.147188154905024,74,72.57000000000001,Recommended
1479,Mahindra,Scorpio,2020,11.59,Electric,Manual,0,262.3,4,6,Yes,Yes,Yes,Normal,Medium,0.26,80.2,11.71,Good,28.6,57.0,Medium,42.898681746922975,Low,15.131992106163413,80,80.83625,Highly Recommended
1480,Hyundai,Creta,2021,10.48,Petrol,Manual,1498,25.2,4,6,Yes,Yes,Yes,Normal,High,0.41,74.7,13.15,Good,33.5,42.6,Low,14.88930453150317,Medium,46.16187668080953,74,68.08000000000001,Recommended
1481,Tata,Altroz,2020,10.84,Petrol,Manual,998,18.5,4,6,Yes,Yes,Yes,Normal,Low,0.09,88.2,12.37,Good,30.7,100.0,Low,0.0,Low,15.480323124174436,87,72.925,Recommended
1482,Renault,Triber,2022,5.31,Petrol,Manual,1197,19.8,5,6,Yes,Yes,Yes,Aggressive,Low,0.16,94.8,12.97,Good,34.1,87.2,Low,10.700466580090708,Low,16.832153151424578,93,75.82,Highly Recommended
1483,Honda,Amaze,2024,8.85,Petrol,Manual,1197,19.0,4,6,Yes,No,Yes,Normal,Medium,0.32,88.3,13.01,Good,32.0,63.1,Low,17.560731241495958,Low,27.16501863602117,65,63.1,Recommended
1484,Renault,Kiger,2025,9.42,Petrol,Manual,1197,23.1,4,7,Yes,Yes,No,Normal,High,0.49,98.6,12.93,Good,30.2,55.3,Low,14.912357268192928,Medium,33.6607257296248,80,64.465,Recommended
1485,Toyota,Urban Cruiser,2026,17.81,Electric,Manual,0,312.1,4,6,Yes,Yes,No,Normal,Low,0.17,79.5,12.58,Moderate,26.9,95.5,Low,0.0,Low,19.24360086182732,79,76.25375,Highly Recommended
1486,Mahindra,Scorpio,2026,18.6,CNG,Automatic,1197,22.5,4,4,Yes,Yes,Yes,Normal,Low,0.12,86.4,12.77,Good,35.6,92.8,Low,0.0,Low,17.861191064648445,82,80.275,Highly Recommended
1487,Skoda,Kushaq,2020,7.16,Petrol,Manual,1997,19.1,5,6,Yes,Yes,Yes,Aggressive,Low,0.04,76.7,13.13,Good,34.0,90.9,Low,8.335042878828393,Low,20.288546126619885,92,75.265,Highly Recommended
1488,Mahindra,XUV700,2019,10.35,Diesel,Manual,1199,17.6,5,4,Yes,Yes,No,Normal,Medium,0.34,86.2,12.55,Moderate,28.6,62.2,Low,11.597260192017341,Medium,30.240128386619116,78,62.74,Recommended
1489,Maruti Suzuki,Dzire,2023,8.55,Petrol,Manual,1997,20.7,4,2,Yes,Yes,No,Aggressive,Medium,0.16,82.7,12.29,Good,27.4,80.1,Low,8.049706511256296,Medium,32.45656580067216,71,60.055,Recommended
1490,Skoda,Kushaq,2022,13.68,Diesel,Automatic,1497,16.2,3,6,Yes,No,Yes,Calm,Low,0.18,91.9,12.27,Good,31.2,80.6,Low,8.082283298030106,Low,7.580365561695585,65,67.68,Recommended
1491,Tata,Altroz,2021,4.5,Petrol,Automatic,1497,21.8,3,6,Yes,No,Yes,Normal,Medium,0.16,99.9,12.67,Moderate,32.6,86.7,Low,5.20147403466142,Low,26.527886470217183,53,63.120000000000005,Recommended
1492,Kia,Seltos,2020,11.25,Petrol,Manual,1290,17.9,4,6,Yes,Yes,Yes,Normal,Low,0.21,74.1,12.64,Good,33.0,75.8,Low,1.078194457627502,Low,15.550559147266794,86,72.385,Recommended
1493,Kia,Sonet,2022,11.48,Petrol,Automatic,1197,23.1,5,6,Yes,Yes,No,Normal,Low,0.03,87.8,12.14,Poor,29.8,67.6,Low,34.24541554511858,Low,27.343167808035055,70,64.965,Recommended
1494,Mahindra,XUV700,2025,20.59,Diesel,Manual,1197,26.1,5,2,Yes,Yes,Yes,Normal,Medium,0.28,87.6,13.18,Good,33.9,83.6,Low,8.445811324392524,Low,27.050676667605853,81,71.36500000000001,Recommended
1495,Skoda,Slavia,2022,15.81,Diesel,Automatic,1199,20.6,3,6,Yes,No,No,Calm,Medium,0.3,86.1,13.07,Good,31.1,79.6,Low,11.193308001477973,Low,25.574507060824452,58,59.19,Consider
1496,Kia,Carens,2022,6.98,Petrol,Automatic,1597,20.6,5,6,Yes,Yes,Yes,Normal,Low,0.14,72.6,13.04,Good,32.4,81.4,Low,9.025301901596457,Low,18.641771213698988,92,80.49000000000001,Highly Recommended
1497,Hyundai,Verna,2020,9.3,Petrol,Automatic,1597,12.8,5,6,Yes,Yes,No,Normal,Low,0.22,94.1,13.17,Moderate,30.3,73.0,Low,6.784836724301314,Low,14.114179567794878,88,71.52000000000001,Recommended
1498,Tata,Curvv,2020,4.5,Petrol,Automatic,1497,17.3,4,2,Yes,Yes,No,Normal,Medium,0.24,95.2,12.44,Good,33.2,75.3,Low,8.121372582003026,Low,17.840858306734667,77,67.245,Recommended
1499,Renault,Kwid,2020,4.5,CNG,Automatic,1497,27.8,3,2,Yes,No,Yes,Normal,High,0.28,92.8,12.13,Moderate,37.9,79.8,Low,7.892408097295069,Medium,42.22828912034612,39,61.72,Recommended
1500,Skoda,Slavia,2022,13.0,Electric,Automatic,0,334.5,5,2,Yes,Yes,Yes,Calm,Low,0.16,76.5,13.25,Moderate,26.4,54.0,Low,21.73842710624567,Low,7.866401768303629,80,88.54375,Highly Recommended
1501,Honda,Amaze,2024,13.34,Petrol,Manual,998,20.8,4,6,Yes,Yes,Yes,Normal,Medium,0.24,91.2,11.32,Good,30.7,88.1,Low,20.05094531565092,Medium,33.9920150172028,77,68.77,Recommended
1502,Renault,Triber,2020,4.5,CNG,Manual,1290,28.0,4,6,Yes,Yes,Yes,Aggressive,Medium,0.13,84.7,12.48,Good,27.5,63.5,Low,12.662456735934708,Medium,30.15725315825359,80,75.2,Highly Recommended
1503,Tata,Nexon,2025,10.73,Petrol,Automatic,2198,18.5,4,4,Yes,Yes,No,Normal,Medium,0.18,93.5,12.55,Good,27.2,72.7,Low,15.625187280783583,Low,19.465160071463913,79,68.325,Recommended
1504,Honda,Amaze,2025,18.62,Electric,Manual,0,331.3,4,2,Yes,Yes,Yes,Normal,Low,0.13,91.9,13.58,Good,28.9,80.9,Low,9.395834181942387,Low,16.086437317569036,77,82.07374999999999,Highly Recommended
1505,Renault,Kwid,2026,7.65,CNG,Manual,998,24.7,3,6,Yes,No,Yes,Normal,Medium,0.18,95.2,12.96,Moderate,35.6,89.4,Low,13.272794817693228,Low,27.427451148048135,51,61.655,Recommended
1506,Honda,Elevate,2026,8.64,CNG,Manual,1498,23.7,3,4,Yes,No,No,Calm,Low,0.08,91.8,12.05,Good,34.7,100.0,Low,27.179584292901886,Low,1.0146755223433512,61,60.004999999999995,Recommended
1507,Maruti Suzuki,Swift,2019,7.13,Diesel,Manual,1199,20.0,4,6,Yes,Yes,Yes,Risky,Low,0.13,99.0,11.27,Moderate,28.2,57.5,Medium,44.30367547721376,Medium,38.472457628228184,66,63.7,Recommended
1508,Skoda,Kushaq,2020,12.9,Petrol,Manual,1290,24.5,5,6,Yes,Yes,Yes,Risky,Low,0.0,81.0,11.45,Good,33.2,79.2,Low,26.666430767194335,Medium,38.43036698714615,83,72.025,Recommended
1509,Honda,Amaze,2021,15.02,Electric,Automatic,0,328.6,4,6,Yes,Yes,Yes,Calm,Low,0.18,85.1,12.89,Good,32.9,81.8,Low,0.0,Low,-2.5897439789777277,93,94.1725,Highly Recommended
1510,Tata,Harrier,2026,8.43,Petrol,Automatic,1290,20.3,4,2,Yes,Yes,Yes,Calm,Low,0.12,93.5,12.16,Good,33.4,78.0,Low,17.10618202280565,Low,3.222673726731947,80,75.045,Highly Recommended
1511,Hyundai,Exter,2025,14.6,Petrol,Manual,1199,30.6,4,6,Yes,Yes,No,Normal,Low,0.05,75.6,12.0,Good,35.1,47.9,Medium,42.30364799160289,Low,3.0722683055738615,85,67.84,Recommended
1512,Mahindra,XUV700,2019,14.11,Petrol,Manual,1290,18.0,3,6,Yes,No,No,Risky,Low,0.13,96.8,11.91,Moderate,29.1,100.0,Low,26.122370863867843,Medium,44.458005442794004,44,47.5,Consider
1513,Skoda,Kushaq,2023,13.64,Petrol,Manual,2198,17.9,5,6,Yes,Yes,No,Aggressive,High,0.38,94.9,12.62,Good,28.2,92.4,Low,6.942195001872619,High,61.622640307755404,77,62.335,Recommended
1514,Toyota,Hyryder,2019,12.86,Diesel,Manual,1199,23.0,4,6,Yes,Yes,Yes,Normal,Low,0.15,96.1,12.4,Good,31.3,65.6,Low,4.461319742393977,Low,12.573273491309715,87,73.6,Recommended
1515,Honda,Amaze,2021,10.42,CNG,Manual,1498,23.3,5,6,Yes,No,Yes,Normal,Low,0.23,92.4,13.3,Moderate,36.6,82.5,Low,0.48602182980916364,Low,17.0759984791189,73,71.345,Recommended
1516,Tata,Harrier,2026,16.31,CNG,Automatic,998,26.4,3,6,Yes,No,Yes,Normal,Medium,0.27,79.9,12.08,Moderate,34.4,64.9,Medium,38.622470728325496,Low,27.274719482239735,48,65.56,Recommended
1517,Tata,Harrier,2025,11.16,Diesel,Manual,2198,24.4,3,6,Yes,No,No,Normal,Medium,0.12,85.8,12.04,Moderate,29.3,92.6,Low,23.653083466573776,Medium,30.416399766437547,49,50.71,Consider
1518,Hyundai,Venue,2019,9.79,Electric,Automatic,0,269.3,4,2,Yes,Yes,No,Risky,Low,0.23,87.9,12.48,Good,33.4,64.5,Low,11.964431264572852,Medium,39.352916393384774,68,74.69875,Recommended
1519,Renault,Kwid,2026,10.78,Electric,Automatic,0,357.0,5,6,Yes,No,Yes,Normal,Low,0.16,77.9,12.97,Good,27.6,87.6,Low,8.641574240405168,Low,12.348687279811475,79,88.9375,Highly Recommended
1520,Maruti Suzuki,Baleno,2020,11.39,Diesel,Manual,998,19.8,4,6,Yes,Yes,Yes,Calm,Low,0.0,92.7,12.76,Good,30.9,76.9,Low,13.531413237008584,Low,3.4727533536011417,89,74.02000000000001,Recommended
1521,Honda,Elevate,2026,11.98,Petrol,Manual,1497,15.8,3,7,Yes,No,Yes,Normal,Low,0.08,92.3,12.45,Good,28.2,76.5,Low,9.518427678834447,Low,10.945079979010835,66,63.07,Recommended
1522,Volkswagen,Taigun,2019,10.33,Electric,Manual,0,403.6,4,6,Yes,Yes,Yes,Calm,Low,0.11,81.7,12.39,Good,33.0,89.8,Low,9.668359325222816,Low,7.566171308486961,88,89.6,Highly Recommended
1523,Tata,Harrier,2019,10.41,Petrol,Automatic,1997,17.5,4,6,Yes,Yes,Yes,Normal,Medium,0.15,91.2,12.87,Good,33.0,93.1,Low,0.0,Low,24.133644734521642,84,76.42500000000001,Highly Recommended
1524,Honda,Amaze,2019,8.56,Diesel,Manual,1199,27.1,5,6,Yes,Yes,Yes,Normal,Medium,0.19,85.0,11.72,Moderate,32.2,65.8,Low,22.795944364976148,Low,28.62514198391934,81,71.515,Recommended
1525,Mahindra,Thar,2019,11.91,Petrol,Manual,1597,22.0,5,6,Yes,Yes,No,Aggressive,High,0.29,84.6,12.58,Good,29.0,100.0,Low,0.0,Medium,48.66225207454347,83,65.65,Recommended
1526,Renault,Triber,2023,5.09,Petrol,Manual,1199,17.1,4,6,Yes,Yes,Yes,Normal,Medium,0.21,83.2,13.02,Moderate,33.1,88.6,Low,6.735763474355768,Low,24.24497324134932,77,68.215,Recommended
1527,Honda,Amaze,2024,10.81,CNG,Manual,1497,19.9,5,4,Yes,Yes,No,Calm,Low,0.04,95.1,12.39,Moderate,33.9,82.7,Low,12.615217380381713,Low,11.8572367464782,84,69.785,Recommended
1528,Renault,Kiger,2026,9.69,Petrol,Manual,2198,12.6,4,7,Yes,Yes,Yes,Aggressive,High,0.52,94.0,12.27,Good,26.3,62.6,Low,8.43391726189657,Medium,54.79445367567075,74,66.19,Recommended
1529,Volkswagen,Taigun,2022,10.24,Electric,Manual,0,345.1,4,6,Yes,Yes,Yes,Normal,Medium,0.3,86.3,13.47,Good,30.3,80.1,Low,9.286874235843198,Low,22.664389197900714,83,85.29125,Highly Recommended
1530,Hyundai,Verna,2023,9.32,Petrol,Manual,1197,18.5,4,4,Yes,Yes,Yes,Normal,Low,0.0,94.6,12.51,Good,36.0,78.6,Low,3.114255855397264,Low,16.286883655413845,82,70.675,Recommended
1531,Renault,Kiger,2022,6.13,Petrol,Automatic,1199,20.1,5,4,Yes,Yes,Yes,Calm,Low,0.06,83.4,12.24,Good,31.5,74.5,Low,9.573199923179573,Low,3.9252114426350384,93,80.86500000000001,Highly Recommended
1532,Kia,Carens,2024,13.86,CNG,Automatic,1997,23.9,4,6,Yes,No,Yes,Normal,Medium,0.12,69.3,12.21,Poor,30.2,58.5,Low,30.002496687328637,Low,29.14036136395702,47,64.735,Recommended
1533,Honda,City,2019,9.57,Petrol,Manual,1498,17.9,4,6,Yes,Yes,Yes,Normal,Low,0.13,93.3,11.55,Good,33.7,81.7,Low,22.42309505299356,Low,3.128950517964471,88,73.285,Recommended
1534,Skoda,Slavia,2023,14.73,Petrol,Manual,2198,10.2,4,6,Yes,Yes,Yes,Normal,High,0.45,85.9,12.7,Moderate,34.2,65.7,Low,0.0,Medium,45.052547957908224,70,64.03,Recommended
1535,Hyundai,Creta,2021,7.93,Petrol,Manual,1498,19.3,3,6,Yes,No,Yes,Normal,Low,0.01,88.0,12.33,Good,28.3,65.0,Low,22.110087340111377,Low,8.802117667854581,63,62.245000000000005,Recommended
1536,Honda,Elevate,2022,8.59,Petrol,Automatic,1199,20.3,4,6,Yes,No,Yes,Normal,Medium,0.16,89.1,12.73,Moderate,34.1,82.5,Low,5.36013163041946,Low,27.61971355408883,61,66.495,Recommended
1537,Maruti Suzuki,Brezza,2026,11.33,Petrol,Automatic,1597,25.7,3,6,Yes,No,No,Normal,Low,0.12,86.7,12.83,Moderate,27.5,61.8,Low,9.336051639815045,Low,20.35578054374155,54,58.155,Consider
1538,Maruti Suzuki,Fronx,2022,4.5,Petrol,Manual,1497,21.0,5,2,Yes,Yes,Yes,Aggressive,High,0.37,82.8,13.38,Good,27.7,92.9,Low,0.0,Medium,52.14038673665336,74,67.45,Recommended
1539,Skoda,Kushaq,2025,17.5,CNG,Manual,2198,24.5,4,4,Yes,Yes,Yes,Normal,Low,0.05,96.6,12.58,Good,32.6,80.9,Low,19.32544251261603,Low,12.525182822512807,81,75.125,Highly Recommended
1540,Maruti Suzuki,Brezza,2025,7.51,Electric,Automatic,0,310.7,4,4,Yes,Yes,Yes,Normal,Low,0.12,83.9,11.94,Good,34.1,77.1,Low,29.18148621249601,Low,11.339435955972064,80,87.65125,Highly Recommended
1541,Hyundai,i20,2026,15.08,Electric,Automatic,0,368.5,5,6,Yes,Yes,Yes,Aggressive,Low,0.07,81.6,12.73,Good,35.9,89.8,Low,0.0,Low,14.94180206643082,95,96.56875,Highly Recommended
1542,Kia,Carens,2024,10.78,CNG,Manual,1199,27.3,3,4,Yes,No,Yes,Normal,Low,0.2,88.3,12.55,Good,30.3,66.5,Low,9.333929876143046,Low,14.093785609878449,59,65.645,Recommended
1543,Kia,Carens,2023,13.91,Petrol,Automatic,1597,22.0,4,2,Yes,Yes,Yes,Normal,Low,0.17,99.6,12.84,Good,35.2,76.1,Low,13.331415043013905,Low,13.8275217096945,77,73.94999999999999,Recommended
1544,Kia,Sonet,2021,15.84,Diesel,Automatic,2198,25.2,4,2,Yes,Yes,No,Risky,Low,0.22,98.5,12.67,Good,32.0,73.5,Low,8.372657014579996,Medium,35.444433747255644,70,65.28,Recommended
1545,Renault,Triber,2025,4.5,Diesel,Manual,998,19.8,4,6,Yes,No,Yes,Aggressive,High,0.37,97.3,12.69,Moderate,32.2,76.8,Low,10.01567449550626,High,55.33833389672117,50,56.47,Consider
1546,Toyota,Glanza,2026,17.35,Diesel,Automatic,2198,24.8,3,6,Yes,No,No,Normal,Medium,0.16,85.9,12.37,Good,32.0,100.0,Low,0.0,Low,26.74870766928423,60,60.72,Recommended
1547,Renault,Kwid,2025,10.84,Petrol,Manual,2198,21.9,3,6,Yes,No,Yes,Aggressive,Low,0.02,89.2,12.68,Good,32.1,90.4,Low,8.352877597096526,Low,19.748656130936904,61,61.735,Recommended
1548,Skoda,Slavia,2024,15.37,Diesel,Manual,998,20.1,4,2,Yes,Yes,No,Calm,Low,0.08,87.7,12.71,Moderate,35.7,79.2,Low,3.6900707508518695,Low,12.019853073936671,73,60.865,Recommended
1549,Skoda,Kushaq,2025,12.52,Diesel,Manual,1290,21.5,4,6,Yes,Yes,Yes,Normal,Low,0.0,83.4,12.91,Good,33.1,58.7,Low,14.343875636866446,Low,17.157701928361586,84,72.025,Recommended
1550,Renault,Triber,2024,4.5,CNG,Manual,1199,27.6,3,6,Yes,No,Yes,Normal,Medium,0.25,86.7,12.53,Moderate,32.7,77.7,Low,9.440402146504436,Low,29.86788830875354,51,62.09,Recommended
1551,Tata,Nexon,2025,9.22,Petrol,Manual,1997,16.6,5,6,Yes,Yes,No,Normal,Low,0.15,87.7,12.31,Good,31.5,68.7,Low,15.107555837902773,Low,16.385743197974477,92,68.89,Recommended
1552,Volkswagen,Virtus,2026,12.04,CNG,Manual,1498,22.2,3,4,Yes,No,No,Normal,Medium,0.2,94.3,12.78,Good,37.4,100.0,Low,5.808355582521879,Low,21.160599240364924,57,57.980000000000004,Consider
1553,Skoda,Slavia,2024,20.04,Electric,Manual,0,340.7,3,6,Yes,No,Yes,Normal,Low,0.06,99.3,12.24,Good,32.6,88.2,Low,9.720439582602541,Low,11.803813582367916,63,76.12625,Highly Recommended
1554,Tata,Curvv,2019,8.05,Electric,Automatic,0,420.0,4,6,Yes,Yes,Yes,Calm,Medium,0.22,84.8,12.34,Good,34.3,76.7,Low,14.951562063046707,Low,18.93489136002222,83,92.35,Highly Recommended
1555,Tata,Harrier,2024,12.82,Electric,Manual,0,351.8,4,4,Yes,Yes,Yes,Calm,Medium,0.24,94.2,12.93,Good,32.2,92.4,Low,10.342426848685939,Low,24.813737907170374,78,83.2925,Highly Recommended
1556,Mahindra,XUV700,2021,12.32,Petrol,Manual,1290,23.2,3,4,Yes,No,Yes,Aggressive,Medium,0.26,85.7,12.15,Moderate,32.5,66.7,Low,11.63013595153,Medium,41.80562554709286,43,53.83,Consider
1557,Volkswagen,Taigun,2023,16.25,Electric,Manual,0,386.1,4,2,Yes,Yes,Yes,Calm,Medium,0.19,86.8,12.32,Good,34.2,75.0,Low,24.302960695315193,Low,16.989049629828752,74,82.77875,Highly Recommended
1558,Maruti Suzuki,Baleno,2025,12.96,CNG,Automatic,998,26.3,4,2,Yes,Yes,Yes,Normal,Medium,0.21,85.9,12.84,Good,31.3,100.0,Low,5.089943579369567,Medium,32.97920283243696,72,76.345,Highly Recommended
1559,Renault,Triber,2019,5.46,Diesel,Automatic,1997,30.0,4,4,Yes,Yes,No,Normal,Low,0.0,87.1,11.67,Good,31.3,69.0,Low,28.348918671046846,Low,13.88467307742941,79,70.05000000000001,Recommended
1560,Mahindra,XUV700,2026,15.09,Diesel,Manual,998,23.7,3,6,Yes,No,Yes,Normal,Medium,0.18,90.1,11.97,Good,31.7,84.0,Low,22.469721143190704,Low,23.9693599257288,57,60.205,Recommended
1561,Toyota,Hyryder,2022,12.3,Diesel,Automatic,1497,16.6,4,6,Yes,Yes,Yes,Normal,High,0.42,86.8,12.68,Poor,29.6,71.5,Low,30.935059961176062,Medium,54.70628266264333,53,62.34,Recommended
1562,Renault,Kiger,2019,7.45,CNG,Manual,2198,26.3,4,6,Yes,Yes,Yes,Normal,Low,0.22,88.1,12.61,Good,25.4,90.2,Low,9.842485308672101,Low,11.645533037399403,86,77.64500000000001,Highly Recommended
1563,Mahindra,Scorpio,2023,15.11,Petrol,Manual,2198,20.4,4,4,Yes,No,Yes,Normal,Low,0.0,92.0,11.38,Good,33.1,66.1,Low,26.695169305045322,Low,8.367321111854011,66,63.76,Recommended
1564,Volkswagen,Taigun,2022,11.82,Petrol,Manual,1497,19.8,4,2,Yes,Yes,Yes,Normal,Low,0.13,82.1,12.12,Good,28.4,73.3,Low,11.665868258149427,Low,17.284580011072258,76,68.17,Recommended
1565,Maruti Suzuki,Swift,2023,7.96,Petrol,Manual,2198,18.9,5,6,Yes,No,Yes,Normal,Medium,0.18,93.0,12.89,Moderate,30.3,68.1,Low,22.447320220552662,Low,24.272028062231673,67,63.985,Recommended
1566,Renault,Triber,2023,4.5,Petrol,Manual,1997,20.5,5,6,Yes,Yes,Yes,Aggressive,Low,0.08,88.7,11.87,Good,34.9,81.3,Medium,38.10834769803944,Low,24.6788396614838,86,72.775,Recommended
1567,Kia,Seltos,2026,10.0,Diesel,Automatic,1290,21.0,5,4,Yes,Yes,No,Normal,Medium,0.22,89.5,12.5,Good,32.3,85.5,Low,2.06390352113497,Low,17.563790382437404,90,73.65,Recommended
1568,Mahindra,XUV700,2026,21.38,Electric,Manual,0,435.7,5,6,Yes,Yes,Yes,Normal,High,0.3,92.7,11.93,Good,27.7,59.8,Low,29.006880916367226,Medium,39.00852800423121,82,86.9,Highly Recommended
1569,Maruti Suzuki,Brezza,2023,8.33,Petrol,Manual,1199,21.4,5,4,Yes,Yes,Yes,Normal,Low,0.22,84.2,12.03,Good,32.0,74.8,Low,32.559876971550146,Low,17.66185649077684,85,72.46000000000001,Recommended
1570,Kia,Seltos,2019,7.19,Diesel,Manual,2198,21.1,5,6,Yes,Yes,No,Calm,Medium,0.31,80.3,12.33,Moderate,29.3,80.4,Low,3.2406335277203047,Low,20.58287198259699,86,66.86500000000001,Recommended
1571,Hyundai,Exter,2025,10.68,Diesel,Automatic,1290,19.5,4,2,Yes,Yes,Yes,Calm,Low,0.0,88.0,12.9,Poor,32.5,91.4,Low,23.706541472636225,Low,22.814497539072505,57,64.575,Recommended
1572,Toyota,Innova,2024,10.41,Diesel,Automatic,1290,21.0,5,6,Yes,Yes,Yes,Normal,Medium,0.24,76.5,12.51,Moderate,28.2,80.4,Low,8.749178952311466,Medium,30.825860171336302,82,76.05,Highly Recommended
1573,Skoda,Kushaq,2022,10.4,CNG,Manual,1597,20.7,5,2,Yes,Yes,Yes,Normal,Low,0.18,93.6,12.35,Good,32.3,81.7,Low,1.467354002815446,Low,15.553778396893609,86,76.805,Highly Recommended
1574,Tata,Altroz,2021,9.07,Petrol,Automatic,2198,18.8,3,4,Yes,No,Yes,Calm,Medium,0.23,83.8,11.89,Moderate,32.8,89.9,Low,19.083897777269186,Low,25.621054392272562,47,59.97,Consider
1575,Honda,City,2024,14.3,Petrol,Manual,1997,19.9,4,6,Yes,Yes,No,Normal,Medium,0.14,97.4,12.53,Moderate,32.9,86.8,Low,3.0119736652118556,Low,25.927164254924325,76,62.185,Recommended
1576,Kia,Seltos,2019,11.27,CNG,Manual,1498,21.0,5,4,Yes,Yes,Yes,Calm,Medium,0.22,99.4,11.33,Moderate,33.4,56.4,Medium,42.56244428811582,Low,28.405679584390388,74,71.45,Recommended
1577,Skoda,Slavia,2025,11.43,Diesel,Manual,2198,20.9,4,4,Yes,Yes,No,Normal,Medium,0.16,81.0,13.04,Moderate,27.5,86.7,Low,8.949667357453418,Low,22.353259472204023,73,60.985,Recommended
1578,Kia,Sonet,2024,8.94,Petrol,Automatic,1290,13.9,5,6,Yes,No,Yes,Normal,Low,0.17,87.7,13.36,Good,31.2,80.1,Low,6.462407715542926,Low,8.78225465065864,81,74.535,Recommended
1579,Kia,Carens,2026,18.55,CNG,Automatic,2198,28.7,4,6,Yes,Yes,Yes,Normal,Medium,0.28,90.5,12.05,Moderate,30.4,85.9,Low,21.36566903571873,Medium,31.67526411583967,72,76.705,Highly Recommended
1580,Skoda,Kushaq,2021,16.96,Petrol,Manual,1199,18.6,5,6,Yes,Yes,No,Normal,High,0.34,98.1,13.34,Good,29.4,72.6,Low,11.545413740659434,Medium,44.944353151513496,83,65.14,Recommended
1581,Volkswagen,Taigun,2023,13.16,Diesel,Manual,1197,20.5,4,6,Yes,Yes,Yes,Normal,Low,0.11,87.0,12.2,Moderate,33.8,73.4,Low,7.738922408504304,Low,12.997246949516448,80,70.075,Recommended
1582,Kia,Sonet,2024,17.67,Petrol,Manual,1497,17.7,3,6,Yes,No,Yes,Aggressive,Low,0.07,82.1,12.01,Moderate,34.5,100.0,Low,29.325801349096956,Medium,30.148347712777472,48,55.255,Consider
1583,Mahindra,XUV700,2021,14.39,CNG,Manual,1199,30.8,5,2,Yes,Yes,Yes,Normal,High,0.43,98.7,13.49,Good,27.2,85.2,Low,13.239797907468752,Medium,39.659256009561375,76,73.82,Recommended
1584,Tata,Curvv,2021,16.32,Electric,Manual,0,280.1,3,6,Yes,No,Yes,Aggressive,Medium,0.21,86.0,12.16,Good,34.5,82.0,Low,3.0917377924010623,Medium,31.667007882933504,57,71.15375,Recommended
1585,Volkswagen,Taigun,2020,12.47,Diesel,Manual,1199,18.7,5,2,Yes,Yes,Yes,Normal,Low,0.21,91.0,13.08,Poor,30.0,82.1,Low,29.232555943344238,Medium,35.801353800020166,60,60.805,Recommended
1586,Volkswagen,Taigun,2020,11.51,Petrol,Automatic,1197,22.1,5,6,Yes,No,Yes,Calm,Medium,0.26,95.0,11.7,Good,34.7,100.0,Low,24.652637163315696,Low,24.794048854481087,73,72.16499999999999,Recommended
1587,Volkswagen,Taigun,2024,13.64,Petrol,Manual,1997,21.5,5,6,Yes,Yes,Yes,Calm,Low,0.15,93.3,12.99,Poor,28.2,63.4,Low,29.131958886523858,Low,27.267315714715593,71,66.175,Recommended
1588,Kia,Seltos,2019,13.79,Petrol,Manual,1597,15.4,4,7,Yes,Yes,Yes,Normal,Medium,0.24,92.4,11.59,Good,34.6,59.6,Medium,35.26650417098049,Low,18.521826475711407,82,70.21000000000001,Recommended
1589,Honda,Amaze,2025,14.37,Diesel,Manual,1199,19.6,4,6,Yes,Yes,Yes,Aggressive,Low,0.2,80.5,11.73,Good,32.3,76.4,Low,27.50418992027671,Low,20.49454194793778,81,70.39,Recommended
1590,Maruti Suzuki,Dzire,2021,10.44,Petrol,Manual,1597,17.1,4,6,Yes,Yes,No,Normal,Low,0.19,76.4,12.8,Poor,35.5,92.3,Low,29.454412340012055,Low,27.75346364644563,63,55.915000000000006,Consider
1591,Mahindra,XUV700,2026,10.9,Diesel,Manual,1498,22.6,4,6,Yes,Yes,Yes,Normal,Low,0.18,87.3,11.97,Good,35.3,62.7,Low,25.63341281061399,Low,15.194970093061725,83,71.74000000000001,Recommended
1592,Honda,City,2022,13.61,CNG,Manual,998,30.0,4,4,Yes,Yes,Yes,Normal,High,0.38,85.9,12.3,Good,30.6,78.6,Low,13.907845457830629,Medium,35.352588724248804,74,72.80000000000001,Recommended
1593,Maruti Suzuki,Baleno,2026,8.81,Petrol,Manual,1497,19.8,4,6,Yes,Yes,Yes,Risky,Low,0.18,95.0,13.04,Good,31.3,78.0,Low,3.984116125021867,Medium,33.86941819825061,80,69.97,Recommended
1594,Mahindra,XUV700,2021,9.03,Petrol,Automatic,998,21.7,4,6,Yes,Yes,Yes,Calm,Low,0.12,82.8,12.57,Good,31.9,96.3,Low,0.0,Low,5.616918469652209,90,79.755,Highly Recommended
1595,Volkswagen,Virtus,2019,14.15,Diesel,Manual,1997,24.6,5,6,Yes,Yes,No,Aggressive,Low,0.31,77.6,12.72,Good,30.1,70.5,Low,12.236775204607163,Low,24.543895707638807,90,69.19,Recommended
1596,Volkswagen,Taigun,2022,13.58,Petrol,Manual,1197,18.5,5,2,Yes,Yes,Yes,Normal,Medium,0.22,80.6,12.32,Poor,30.0,76.7,Low,16.035992487269667,Low,28.1900848136087,65,63.025,Recommended
1597,Skoda,Slavia,2024,15.62,CNG,Automatic,1498,23.3,5,2,Yes,Yes,Yes,Calm,Low,0.07,91.2,12.5,Good,30.7,92.1,Low,7.395021452053902,Low,7.971283604655817,88,83.095,Highly Recommended
1598,Hyundai,Creta,2026,12.45,Diesel,Manual,1997,22.8,5,6,Yes,Yes,No,Calm,Medium,0.27,84.4,12.84,Good,32.3,75.3,Low,5.7609203735229935,Low,29.404300572333632,89,68.47,Recommended
1599,Hyundai,Venue,2020,9.69,Diesel,Automatic,1997,24.1,4,4,Yes,No,Yes,Normal,Low,0.09,97.9,12.65,Good,29.4,80.7,Low,9.412379334118542,Low,12.754546914598981,67,69.765,Recommended
1600,Hyundai,Verna,2021,11.19,Petrol,Manual,1290,23.0,4,7,Yes,Yes,Yes,Normal,Medium,0.33,72.1,12.55,Good,31.6,72.8,Low,14.322416258596954,Low,25.8152322152001,83,71.80000000000001,Recommended
1601,Tata,Altroz,2022,8.42,Petrol,Manual,1290,21.0,4,6,Yes,Yes,Yes,Normal,Medium,0.32,85.5,13.01,Good,29.2,80.9,Low,0.745402201950828,Low,27.828582531174607,82,71.05,Recommended
1602,Maruti Suzuki,Dzire,2023,4.5,CNG,Automatic,1498,21.4,4,7,Yes,Yes,Yes,Normal,High,0.28,89.0,12.52,Good,30.8,78.8,Low,14.039563593340915,Medium,38.93311576188598,78,78.31,Highly Recommended
1603,Tata,Harrier,2022,14.54,Petrol,Automatic,1497,22.9,3,6,Yes,No,No,Normal,Medium,0.17,86.5,11.7,Good,31.9,54.7,Medium,36.878703788757264,Low,16.84225697575049,58,59.535,Consider
1604,Honda,Elevate,2020,7.84,Petrol,Manual,1290,22.5,4,4,Yes,Yes,Yes,Risky,Medium,0.25,85.5,12.69,Moderate,29.3,96.3,Low,3.9658024388755573,Medium,44.55352186618206,66,64.075,Recommended
1605,Skoda,Kushaq,2025,10.79,CNG,Manual,1597,24.0,5,7,Yes,Yes,No,Aggressive,Low,0.31,83.5,13.31,Good,31.2,87.6,Low,3.7827076862262143,Low,26.861724926521735,92,74.0,Recommended
1606,Renault,Kiger,2020,4.5,CNG,Manual,2198,27.2,4,7,Yes,Yes,Yes,Normal,Low,0.08,87.5,12.59,Poor,28.9,77.8,Low,32.83570359200086,Low,21.923840215081277,66,68.78,Recommended
1607,Honda,Elevate,2020,12.44,Petrol,Manual,1597,15.1,5,7,Yes,Yes,No,Risky,Medium,0.15,94.1,13.04,Good,32.2,96.2,Low,0.0,Medium,42.324693554727595,87,66.41499999999999,Recommended
1608,Tata,Altroz,2021,8.19,Petrol,Manual,2198,26.2,3,6,Yes,No,Yes,Aggressive,Medium,0.34,95.0,11.91,Good,30.3,70.2,Low,29.538465035252,Medium,34.55214052064238,52,58.33,Consider
1609,Toyota,Hyryder,2020,13.06,Diesel,Automatic,1497,21.6,2,4,Yes,No,Yes,Normal,Low,0.09,78.6,13.03,Good,32.7,77.9,Low,5.3871464060922065,Low,7.346868434754296,54,63.54,Recommended
1610,Maruti Suzuki,Brezza,2022,12.65,CNG,Automatic,998,17.6,3,6,Yes,No,Yes,Aggressive,Low,0.1,84.7,12.57,Good,31.7,74.6,Low,8.788428916982122,Low,24.37270428651475,59,69.19,Recommended
1611,Tata,Curvv,2025,14.26,Electric,Manual,0,484.5,4,4,Yes,Yes,Yes,Calm,Low,0.16,92.5,12.65,Good,29.5,85.3,Low,6.461765163520435,Low,9.699582119532494,84,87.80000000000001,Highly Recommended
1612,Skoda,Slavia,2022,16.49,Electric,Manual,0,342.9,4,6,Yes,Yes,No,Calm,Low,0.17,77.2,12.52,Poor,32.3,30.7,Medium,45.24072037310824,Low,24.247935283364566,62,69.75874999999999,Recommended
1613,Tata,Nexon,2020,12.27,Petrol,Manual,1497,18.1,4,6,Yes,Yes,Yes,Normal,Low,0.03,96.7,12.5,Good,29.7,80.9,Low,9.020437137397979,Low,5.286048782891407,89,73.76500000000001,Recommended
1614,Kia,Carens,2023,13.96,Diesel,Manual,1597,17.9,3,2,Yes,No,Yes,Aggressive,Low,0.1,80.9,12.5,Good,34.9,76.6,Low,12.396619479341021,Low,23.17816083134417,51,56.635,Consider
1615,Mahindra,Thar,2021,13.24,Petrol,Manual,1290,17.2,4,2,Yes,Yes,Yes,Normal,Low,0.0,91.3,12.69,Good,34.3,75.0,Low,10.806747189278951,Low,8.600325024754568,79,69.13,Recommended
1616,Skoda,Kushaq,2025,14.07,Petrol,Automatic,1997,21.6,5,6,Yes,Yes,No,Normal,Low,0.12,81.4,12.3,Good,34.5,100.0,Low,9.675330352347437,Low,9.000022485709174,95,75.99000000000001,Highly Recommended
1617,Honda,Amaze,2023,7.84,Petrol,Automatic,1199,22.1,5,6,Yes,Yes,No,Normal,High,0.33,89.3,12.6,Good,29.5,69.9,Low,10.11008464634643,Medium,36.525523219558394,86,72.015,Recommended
1618,Renault,Triber,2022,11.84,Petrol,Manual,1997,21.9,4,2,Yes,Yes,Yes,Normal,Low,0.07,92.6,12.33,Moderate,32.4,90.8,Low,14.159706028989397,Low,13.44885951812303,71,66.235,Recommended
1619,Renault,Kiger,2024,8.33,CNG,Manual,2198,27.3,4,6,Yes,Yes,Yes,Normal,Low,0.07,82.9,12.45,Good,33.3,66.3,Low,15.133805333506995,Low,7.511516304693451,87,78.245,Highly Recommended
1620,Mahindra,XUV700,2024,11.31,Diesel,Manual,1597,25.1,4,6,Yes,Yes,Yes,Normal,Low,0.23,93.5,12.12,Moderate,30.1,73.1,Low,19.346133236664052,Low,14.801676358543496,78,69.86500000000001,Recommended
1621,Volkswagen,Virtus,2019,10.65,Petrol,Manual,1199,17.1,4,2,Yes,Yes,No,Normal,Medium,0.12,99.7,12.68,Moderate,32.0,85.6,Low,15.769229706406566,Low,28.031277667793226,66,57.265,Consider
1622,Honda,Elevate,2020,11.91,Petrol,Automatic,1497,19.1,4,6,Yes,Yes,No,Calm,Low,0.05,101.0,12.76,Good,33.6,92.9,Low,9.830587461971728,Low,2.976774638624452,89,72.915,Recommended
1623,Tata,Nexon,2023,10.48,Diesel,Automatic,2198,21.0,4,7,Yes,Yes,Yes,Normal,Medium,0.2,93.7,12.1,Moderate,28.9,65.7,Low,14.50062114740079,Medium,30.557855474023704,75,72.9,Recommended
1624,Honda,Amaze,2022,6.35,Petrol,Manual,998,23.2,5,7,Yes,Yes,No,Calm,Medium,0.2,90.2,13.45,Good,38.0,97.0,Low,1.4076765954039492,Low,20.166149016344484,95,71.22999999999999,Recommended
1625,Renault,Kiger,2022,6.29,Petrol,Manual,1498,23.6,3,2,Yes,No,Yes,Normal,Medium,0.16,94.9,12.51,Good,29.7,20.0,Low,26.56335742914269,Low,24.346308405439206,48,56.14,Consider
1626,Kia,Seltos,2026,11.41,Petrol,Manual,1199,11.3,3,4,Yes,No,No,Normal,Low,0.07,82.5,12.92,Moderate,34.5,45.1,Low,21.87866743109658,Low,14.464828443658273,51,49.644999999999996,Consider
1627,Skoda,Kushaq,2025,17.53,Electric,Automatic,0,294.0,3,6,Yes,No,Yes,Calm,Low,0.05,84.3,12.21,Good,29.6,45.6,Low,13.826438691447828,Low,6.804151937451726,65,80.275,Highly Recommended
1628,Hyundai,Exter,2022,5.24,Petrol,Automatic,998,20.4,4,6,Yes,Yes,Yes,Calm,Low,0.19,83.2,12.1,Good,29.1,77.3,Low,8.429756230894835,Low,9.524792919390897,87,78.21000000000001,Highly Recommended
1629,Mahindra,Scorpio,2023,14.13,Petrol,Automatic,1497,23.8,3,6,Yes,No,Yes,Aggressive,Low,0.19,82.9,11.87,Good,33.5,64.2,Low,22.86082476756866,Low,25.377077791453722,57,65.22,Recommended
1630,Hyundai,Verna,2024,15.73,CNG,Manual,1199,25.3,4,2,Yes,Yes,Yes,Normal,Medium,0.1,79.3,11.96,Good,27.7,89.8,Low,25.561786848021182,Low,21.587252346938044,73,71.64500000000001,Recommended
1631,Kia,Seltos,2026,8.77,Diesel,Automatic,1197,16.1,5,6,Yes,Yes,No,Normal,Medium,0.14,87.7,13.12,Good,30.8,44.5,Low,13.590047062118197,Low,26.554403602281337,89,72.465,Recommended
1632,Honda,Amaze,2020,6.19,Petrol,Automatic,2198,26.3,3,6,Yes,No,No,Normal,Low,0.17,94.0,11.97,Good,31.1,87.1,Low,25.207672319937895,Low,17.089960684178678,59,60.495000000000005,Recommended
1633,Mahindra,XUV 3XO,2024,17.93,Petrol,Automatic,2198,16.2,4,7,Yes,Yes,Yes,Normal,Medium,0.26,82.3,12.08,Good,31.4,74.6,Low,25.35385188628704,Low,25.52015973776534,81,74.88,Recommended
1634,Skoda,Slavia,2019,14.51,Petrol,Automatic,1290,14.4,4,6,Yes,Yes,No,Normal,High,0.42,86.0,12.69,Good,34.0,80.8,Low,6.537373113910579,Medium,40.55571238074354,77,66.81,Recommended
1635,Skoda,Kushaq,2020,12.77,Petrol,Automatic,1197,18.5,3,6,Yes,No,Yes,Risky,Medium,0.17,94.9,13.2,Good,32.0,73.3,Low,14.117192059182582,Medium,45.7849666374663,51,61.724999999999994,Recommended
1636,Skoda,Kushaq,2020,8.92,CNG,Automatic,1997,25.8,4,4,Yes,Yes,Yes,Normal,Low,0.0,80.3,12.8,Poor,29.7,71.0,Low,26.22178337021051,Low,24.54835604230911,60,70.87,Recommended
1637,Tata,Nexon,2022,9.73,Petrol,Manual,1199,23.7,5,6,Yes,Yes,Yes,Normal,Low,0.22,82.4,11.66,Good,33.2,76.4,Low,27.449963774247802,Low,6.015232492258676,94,76.855,Highly Recommended
1638,Skoda,Slavia,2022,4.5,Diesel,Manual,1290,22.5,4,4,Yes,Yes,No,Aggressive,Low,0.16,90.0,13.33,Poor,31.1,100.0,Low,19.226987016673533,Medium,39.926551433797435,56,53.575,Consider
1639,Maruti Suzuki,Baleno,2021,4.5,Diesel,Manual,998,21.5,5,6,Yes,Yes,Yes,Risky,Low,0.15,81.4,13.56,Good,32.8,93.0,Low,0.0,Medium,31.568167635190182,89,74.275,Recommended
1640,Hyundai,i20,2025,11.09,Diesel,Manual,1199,22.4,3,2,Yes,No,Yes,Risky,Low,0.2,95.2,12.56,Good,34.2,55.5,Low,13.41710472526497,Medium,35.882973087912326,46,55.06,Consider
1641,Renault,Triber,2025,8.38,Petrol,Manual,1597,22.7,4,6,Yes,Yes,Yes,Normal,Medium,0.1,81.5,12.02,Good,32.6,69.4,Medium,35.190588335604716,Low,22.478627457785002,79,69.95500000000001,Recommended
1642,Maruti Suzuki,Dzire,2026,5.03,Petrol,Manual,1597,19.9,4,6,Yes,No,Yes,Normal,Medium,0.11,87.9,13.31,Good,28.0,67.4,Low,8.796693468780157,Medium,30.22021433408374,65,63.235,Recommended
1643,Maruti Suzuki,Brezza,2023,4.5,Petrol,Manual,1497,16.9,4,4,Yes,Yes,Yes,Aggressive,Low,0.03,87.6,12.1,Good,33.0,88.3,Low,8.450375179003014,Low,20.689300787177736,79,69.08500000000001,Recommended
1644,Honda,Elevate,2025,9.31,Petrol,Manual,1199,27.1,5,6,Yes,Yes,Yes,Normal,Low,0.27,95.1,12.55,Good,33.9,58.2,Low,7.573250449330967,Low,18.37355232354857,92,76.465,Highly Recommended
1645,Hyundai,i20,2022,8.44,CNG,Manual,1498,26.2,4,6,Yes,No,Yes,Calm,Medium,0.19,92.3,12.8,Good,31.9,70.1,Low,11.683589879790025,Low,24.5358675528118,67,69.08,Recommended
1646,Honda,Amaze,2021,10.09,Petrol,Manual,1597,19.5,3,6,Yes,No,Yes,Aggressive,Low,0.0,89.1,11.82,Good,31.0,50.7,Medium,41.96615278123,Low,10.934451228947616,59,60.475,Recommended
1647,Toyota,Urban Cruiser,2023,11.8,Petrol,Manual,1197,22.8,5,4,Yes,Yes,Yes,Normal,Low,0.09,74.2,12.46,Moderate,30.7,56.0,Low,17.594285673790903,Low,13.6858948578226,83,71.77000000000001,Recommended
1648,Toyota,Hyryder,2022,13.07,Electric,Manual,0,413.2,4,4,Yes,Yes,Yes,Normal,Medium,0.16,84.5,12.68,Moderate,29.5,99.9,Low,0.0,Low,22.720524051445942,74,83.30000000000001,Highly Recommended
1649,Mahindra,Scorpio,2022,10.1,Diesel,Manual,1199,21.7,5,6,Yes,Yes,No,Aggressive,Low,0.1,90.0,12.29,Moderate,37.5,69.9,Low,12.009963568130118,Low,21.938610204097415,85,66.505,Recommended
1650,Tata,Nexon,2024,15.59,Diesel,Automatic,1597,21.3,4,6,Yes,Yes,No,Normal,Low,0.24,85.0,12.16,Good,33.1,51.9,Low,14.42945106538457,Low,6.111800103130069,88,72.795,Recommended
1651,Hyundai,Exter,2019,9.59,Electric,Manual,0,319.7,5,2,Yes,Yes,No,Calm,Low,0.06,66.8,12.65,Good,32.3,100.0,Low,7.9656900312374415,Low,4.131974715412635,89,81.03875000000001,Highly Recommended
1652,Kia,Carens,2022,19.21,Diesel,Manual,1997,23.0,5,6,Yes,Yes,No,Normal,Medium,0.13,92.9,13.01,Moderate,30.2,75.5,Low,5.562842058879599,Low,27.22559037811464,84,66.25,Recommended
1653,Toyota,Glanza,2026,13.52,CNG,Automatic,1199,20.1,4,7,Yes,Yes,Yes,Aggressive,High,0.39,112.3,12.34,Moderate,32.2,95.6,Low,3.030565789925408,High,63.579552291419795,65,72.265,Recommended
1654,Toyota,Innova,2019,8.51,Petrol,Manual,1498,10.5,4,2,Yes,Yes,Yes,Risky,Low,0.17,85.7,11.94,Good,34.8,67.8,Low,31.081214667601188,Medium,36.78803514794464,66,62.275,Recommended
1655,Tata,Curvv,2022,8.97,CNG,Manual,998,22.2,4,6,Yes,Yes,Yes,Calm,Low,0.14,89.2,12.71,Good,33.0,97.8,Low,3.630985178617202,Low,10.722438967758874,88,77.93,Highly Recommended
1656,Hyundai,Creta,2019,5.13,Petrol,Manual,1597,26.3,5,6,Yes,Yes,Yes,Risky,Low,0.0,85.0,12.74,Poor,31.0,38.3,Medium,48.890103090892836,Medium,46.992808634798294,61,62.394999999999996,Recommended
1657,Volkswagen,Virtus,2020,8.32,Petrol,Manual,1290,16.9,4,6,Yes,Yes,Yes,Normal,Low,0.13,85.2,13.14,Good,31.1,76.8,Low,11.979201221461402,Low,17.730511978997317,84,71.33500000000001,Recommended
1658,Toyota,Glanza,2021,6.82,Petrol,Automatic,1997,16.1,5,6,Yes,Yes,Yes,Normal,Medium,0.16,90.3,11.96,Moderate,31.5,82.8,Low,18.593767110669216,Low,26.676732582108645,82,75.315,Highly Recommended
1659,Volkswagen,Taigun,2020,15.81,Diesel,Manual,998,20.8,5,7,Yes,Yes,No,Calm,Medium,0.17,89.1,11.85,Good,29.5,74.2,Low,25.18919340929243,Low,15.59028492534716,93,69.97,Recommended
1660,Volkswagen,Taigun,2026,10.41,Petrol,Automatic,2198,26.1,3,6,Yes,No,Yes,Normal,Medium,0.21,91.8,12.46,Good,34.9,44.7,Low,13.627561408794138,Low,19.89962030836162,60,66.91499999999999,Recommended
1661,Toyota,Hyryder,2025,13.79,CNG,Manual,1290,24.4,3,4,Yes,No,Yes,Normal,Low,0.25,83.3,12.16,Good,33.4,76.9,Low,6.353576283408959,Low,19.68941153185241,57,64.31,Recommended
1662,Skoda,Kushaq,2020,9.92,Petrol,Automatic,1997,22.6,5,2,Yes,Yes,Yes,Calm,Medium,0.28,87.8,12.63,Good,33.7,65.2,Low,19.006086699169906,Low,15.301090838198121,84,77.19,Highly Recommended
1663,Skoda,Kushaq,2023,7.21,Petrol,Automatic,1197,18.4,4,2,Yes,Yes,Yes,Normal,Medium,0.32,88.1,12.9,Good,29.7,99.5,Low,0.0,Low,21.486493288472474,76,72.96000000000001,Recommended
1664,Maruti Suzuki,Brezza,2025,13.46,CNG,Manual,1597,25.8,4,4,Yes,Yes,Yes,Normal,Low,0.09,82.5,13.01,Good,31.6,69.0,Low,8.81270253627181,Low,14.000491337802254,82,75.77,Highly Recommended
1665,Kia,Carens,2025,15.21,Petrol,Manual,1997,23.7,4,6,Yes,Yes,Yes,Calm,Low,0.07,105.8,12.38,Good,29.8,100.0,Low,6.007162673023144,Low,7.611907628809687,88,74.155,Recommended
1666,Kia,Seltos,2024,15.22,Petrol,Manual,998,14.3,4,6,Yes,Yes,Yes,Normal,Low,0.1,87.8,12.0,Good,36.8,89.3,Low,18.522002298459817,Low,18.52577054767626,83,70.495,Recommended
1667,Mahindra,XUV 3XO,2019,6.46,Diesel,Automatic,1290,24.3,5,4,Yes,Yes,No,Aggressive,High,0.37,90.0,12.68,Good,33.5,58.2,Low,11.81010113692873,Medium,52.79201604657231,76,67.845,Recommended
1668,Mahindra,XUV 3XO,2021,17.41,Electric,Automatic,0,281.0,4,2,Yes,No,Yes,Aggressive,Low,0.05,84.3,13.13,Moderate,33.4,90.1,Low,0.0,Medium,32.05756379233242,52,73.9375,Recommended
1669,Tata,Nexon,2023,14.19,Petrol,Manual,1197,21.5,5,4,Yes,Yes,No,Normal,Low,0.13,87.6,12.04,Good,30.1,84.6,Low,17.551061636185217,Low,12.94154990206483,89,68.275,Recommended
1670,Toyota,Urban Cruiser,2021,14.81,Petrol,Manual,1197,17.2,4,6,Yes,Yes,Yes,Normal,Low,0.0,85.7,12.21,Moderate,34.8,61.8,Low,17.718995752799575,Low,12.714849236964776,79,69.13,Recommended
1671,Toyota,Innova,2022,10.32,Petrol,Automatic,1597,12.8,2,6,Yes,No,No,Calm,Medium,0.39,94.6,12.22,Good,29.0,49.5,Low,29.23731970921088,Low,25.206232733096154,48,53.52,Consider
1672,Maruti Suzuki,Dzire,2025,5.94,CNG,Manual,1197,30.9,4,6,Yes,Yes,No,Calm,Low,0.0,87.5,12.9,Good,34.0,91.6,Low,9.870203338539419,Low,6.745058203021471,88,73.235,Recommended
1673,Hyundai,i20,2024,5.98,Diesel,Automatic,2198,19.8,4,6,Yes,No,No,Calm,Low,0.2,85.4,11.81,Good,32.5,90.9,Low,27.61929827005153,Low,6.215560763393643,71,64.92,Recommended
1674,Tata,Curvv,2025,10.74,Petrol,Automatic,1997,24.9,4,7,Yes,Yes,Yes,Normal,Low,0.07,92.6,12.57,Good,29.9,74.9,Low,13.210157739426705,Low,14.834800601268885,87,78.88499999999999,Highly Recommended
1675,Skoda,Slavia,2021,17.38,Electric,Manual,0,452.3,4,6,Yes,Yes,Yes,Calm,Medium,0.18,80.9,11.97,Good,30.6,83.8,Low,24.886365378871314,Low,15.996423983596262,83,87.35,Highly Recommended
1676,Hyundai,Venue,2026,13.42,Diesel,Manual,1290,25.1,5,6,Yes,Yes,Yes,Calm,Medium,0.25,88.9,12.52,Moderate,32.1,85.0,Low,1.9008995028691094,Low,22.445680594095855,86,73.465,Recommended
1677,Tata,Altroz,2026,12.86,Petrol,Manual,1199,19.9,5,6,Yes,Yes,Yes,Aggressive,Low,0.0,82.2,12.71,Moderate,30.1,72.1,Low,24.283273207302166,Low,28.69494899692658,80,69.985,Recommended
1678,Skoda,Slavia,2023,11.36,Petrol,Automatic,1290,20.8,4,7,Yes,Yes,No,Normal,Medium,0.19,85.8,12.73,Good,36.0,100.0,Low,1.1810064339203348,Low,21.42146357981908,86,71.82,Recommended
1679,Kia,Seltos,2026,11.22,Petrol,Manual,1497,20.2,4,2,Yes,Yes,Yes,Calm,Low,0.07,82.9,12.97,Good,36.6,87.4,Low,0.3064830507960279,Low,12.039038441983799,80,70.03,Recommended
1680,Kia,Seltos,2026,12.49,Diesel,Manual,1199,21.8,3,6,Yes,No,Yes,Risky,Low,0.24,92.2,12.3,Good,36.7,92.1,Low,9.565255929607742,Medium,36.79575311850406,55,59.019999999999996,Consider
1681,Honda,Elevate,2022,6.84,Petrol,Manual,998,22.9,4,6,Yes,Yes,Yes,Normal,Medium,0.36,90.3,12.09,Moderate,28.7,78.1,Low,25.483771743278307,Low,28.88457752084622,72,66.83500000000001,Recommended
1682,Skoda,Slavia,2020,9.86,Petrol,Manual,1597,22.2,4,6,Yes,Yes,Yes,Aggressive,Low,0.17,91.8,11.97,Moderate,32.2,91.4,Low,21.950765694984874,Medium,30.20286825539229,72,66.72999999999999,Recommended
1683,Hyundai,Verna,2021,13.45,Petrol,Manual,1497,21.5,5,2,Yes,Yes,Yes,Aggressive,Low,0.14,90.5,12.46,Good,28.8,87.3,Low,0.09227424754130542,Low,23.36965703752276,84,72.025,Recommended
1684,Renault,Kwid,2025,14.92,Electric,Manual,0,309.6,3,6,Yes,No,Yes,Normal,Low,0.23,93.9,12.61,Good,30.7,56.1,Low,10.839213450970957,Low,18.579738622439738,61,74.06,Recommended
1685,Volkswagen,Virtus,2025,7.83,Diesel,Manual,1197,21.8,3,4,Yes,No,Yes,Normal,Low,0.13,87.4,12.69,Moderate,32.8,92.2,Low,0.0,Low,14.826983785393567,54,58.57,Consider
1686,Maruti Suzuki,Brezza,2024,6.79,Petrol,Manual,1497,17.3,4,4,Yes,Yes,No,Risky,Low,0.08,90.9,12.69,Moderate,33.7,58.7,Low,13.38513970245009,Medium,43.45927130438198,65,56.845,Consider
1687,Renault,Triber,2021,6.03,Diesel,Automatic,1997,20.2,5,2,Yes,Yes,Yes,Normal,Medium,0.07,84.3,12.52,Good,31.2,67.7,Low,8.440964166070057,Low,18.17950132361919,84,76.83000000000001,Highly Recommended
1688,Renault,Kwid,2024,10.03,Petrol,Manual,1597,20.5,4,6,Yes,Yes,Yes,Aggressive,Low,0.11,84.4,11.82,Good,27.3,79.9,Low,30.684883316762342,Low,26.690943543844153,78,69.17500000000001,Recommended
1689,Tata,Curvv,2020,11.34,Petrol,Manual,1498,24.3,5,4,Yes,Yes,Yes,Normal,Low,0.05,92.2,12.74,Good,31.8,91.0,Low,11.578685471837261,Low,13.901266024737835,89,74.69500000000001,Recommended
1690,Toyota,Glanza,2022,20.2,Electric,Manual,0,316.6,4,6,Yes,Yes,Yes,Calm,Medium,0.34,83.1,11.8,Good,31.8,71.1,Low,33.35861853582629,Low,20.859534294749842,80,82.8725,Highly Recommended
1691,Skoda,Slavia,2020,6.79,CNG,Manual,1498,22.5,3,6,Yes,No,Yes,Calm,Low,0.16,76.2,12.76,Good,30.6,49.6,Low,20.912900500290274,Low,2.4437481308577986,65,67.625,Recommended
1692,Maruti Suzuki,Fronx,2019,11.89,Electric,Automatic,0,344.2,4,4,Yes,Yes,Yes,Normal,Medium,0.29,94.7,12.71,Good,32.1,100.0,Low,0.02670775134791059,Low,25.761200101442416,79,88.45750000000001,Highly Recommended
1693,Volkswagen,Virtus,2023,13.7,Petrol,Automatic,1199,19.3,4,2,Yes,No,Yes,Aggressive,High,0.5,90.1,11.38,Good,29.9,80.4,Low,27.41914106625894,Medium,53.96359486463029,46,59.595,Consider
1694,Kia,Sonet,2025,19.81,CNG,Manual,1497,25.2,3,6,Yes,No,Yes,Aggressive,Medium,0.25,71.6,11.86,Good,31.4,100.0,Low,26.55062721334544,Medium,34.11890083152048,53,62.63,Recommended
1695,Skoda,Kushaq,2025,19.36,Petrol,Manual,1497,24.4,5,2,Yes,Yes,No,Normal,Low,0.27,88.1,11.98,Moderate,30.8,68.2,Medium,41.47005018294431,Low,15.077188515652967,75,62.41,Recommended
1696,Renault,Kiger,2021,4.5,CNG,Manual,998,25.1,5,6,Yes,Yes,Yes,Calm,Low,0.18,83.2,11.89,Good,34.8,91.6,Low,28.17285148100705,Low,9.118847006376251,93,80.61500000000001,Highly Recommended
1697,Maruti Suzuki,Dzire,2026,7.83,CNG,Automatic,2198,26.3,4,6,Yes,Yes,Yes,Normal,Low,0.03,80.4,12.43,Good,29.3,91.6,Low,10.253247260847003,Low,12.255190478789126,86,82.64500000000001,Highly Recommended
1698,Toyota,Hyryder,2019,13.49,Petrol,Manual,1498,15.9,4,7,Yes,Yes,Yes,Normal,Low,0.2,83.9,12.58,Good,37.0,71.4,Low,11.022813221658526,Low,16.36742104247036,87,72.535,Recommended
1699,Maruti Suzuki,Brezza,2024,11.1,Petrol,Manual,1497,15.8,5,2,Yes,Yes,No,Normal,Low,0.19,76.0,11.93,Good,32.8,66.3,Low,30.072205545855,Low,18.243941728395214,81,63.82,Recommended
1700,Tata,Altroz,2021,8.32,CNG,Manual,1197,29.0,4,6,Yes,Yes,Yes,Normal,High,0.46,88.5,12.28,Good,32.9,61.1,Low,14.068975510965032,Medium,42.6693340654478,75,73.1,Recommended
1701,Hyundai,Creta,2024,7.79,CNG,Manual,998,22.0,4,2,Yes,Yes,Yes,Calm,Medium,0.16,90.4,12.87,Good,31.6,74.6,Low,9.74477177186623,Low,18.868498658392305,76,72.5,Recommended
1702,Maruti Suzuki,Dzire,2022,9.1,CNG,Manual,998,26.2,4,2,Yes,Yes,Yes,Normal,Low,0.0,84.5,12.46,Good,31.4,87.3,Low,0.0,Low,11.090606864515951,80,74.93,Recommended
1703,Renault,Kwid,2023,10.09,Petrol,Automatic,2198,20.8,4,4,Yes,Yes,Yes,Normal,High,0.42,86.1,12.92,Moderate,30.3,76.5,Low,10.963645036319821,Medium,44.10000301085277,65,68.37,Recommended
1704,Toyota,Urban Cruiser,2019,10.52,CNG,Manual,998,21.8,5,2,Yes,Yes,No,Calm,Low,0.23,86.9,12.51,Good,33.5,91.5,Low,4.731400647036805,Low,9.682232113541788,88,71.87,Recommended
1705,Honda,City,2024,11.91,Diesel,Automatic,2198,25.7,3,6,Yes,No,Yes,Normal,Medium,0.12,79.9,12.69,Good,28.1,51.4,Low,13.077317002494075,Low,24.02944853121472,59,66.405,Recommended
1706,Maruti Suzuki,Swift,2021,7.52,CNG,Automatic,1498,20.2,5,6,Yes,Yes,Yes,Normal,Low,0.19,92.3,12.2,Good,34.0,71.3,Low,10.554008725137686,Low,16.20267633264876,93,84.88,Highly Recommended
1707,Hyundai,Exter,2020,12.21,Electric,Manual,0,318.6,5,4,Yes,Yes,Yes,Calm,Low,0.14,94.3,13.11,Good,29.3,67.3,Low,14.30863808640134,Low,13.291047255553842,89,86.9975,Highly Recommended
1708,Maruti Suzuki,Baleno,2021,7.5,Electric,Manual,0,412.5,4,2,Yes,Yes,Yes,Normal,Low,0.14,92.8,12.36,Good,30.2,82.8,Low,11.576864657364645,Low,13.58392764170758,78,85.1,Highly Recommended
1709,Tata,Harrier,2019,8.02,CNG,Manual,1997,27.3,4,6,Yes,No,Yes,Calm,Low,0.14,91.9,12.5,Moderate,33.0,79.9,Low,0.6414314501913179,Low,12.618392447709928,66,68.795,Recommended
1710,Mahindra,Thar,2026,17.27,Petrol,Manual,1497,14.6,5,2,Yes,Yes,Yes,Calm,Low,0.13,85.9,12.04,Good,35.5,100.0,Low,17.303425567945553,Low,5.872289149795236,87,72.34,Recommended
1711,Tata,Harrier,2023,8.22,Petrol,Manual,1498,16.4,4,4,Yes,No,Yes,Normal,Medium,0.22,77.4,11.83,Good,33.1,88.5,Low,19.566419623126905,Low,22.351493369914557,62,61.36,Recommended
1712,Maruti Suzuki,Dzire,2026,8.35,Petrol,Manual,1498,20.3,5,6,Yes,Yes,Yes,Normal,Low,0.19,82.2,12.49,Good,31.9,94.0,Low,13.041024186108626,Low,13.360651811092193,93,75.89500000000001,Highly Recommended
1713,Maruti Suzuki,Fronx,2023,6.3,Diesel,Automatic,998,16.0,5,4,Yes,Yes,Yes,Aggressive,Low,0.02,87.0,12.48,Moderate,38.0,70.3,Low,0.0,Low,28.993992579466422,80,74.4,Recommended
1714,Toyota,Innova,2026,12.12,CNG,Automatic,1199,26.9,5,6,Yes,Yes,Yes,Risky,Low,0.19,84.7,12.38,Good,29.3,87.5,Low,4.2807635259705386,Medium,32.55919540240531,88,83.63499999999999,Highly Recommended
1715,Honda,City,2025,14.56,Diesel,Manual,1997,22.7,4,6,Yes,No,No,Normal,Medium,0.15,79.9,12.3,Good,30.0,96.8,Low,0.0,Low,18.271083834620477,71,60.355,Recommended
1716,Skoda,Kushaq,2020,15.07,Electric,Manual,0,388.0,4,2,Yes,Yes,Yes,Aggressive,Low,0.13,89.0,12.96,Good,32.8,98.4,Low,1.8934048769482765,Low,25.57703613703741,75,83.3,Highly Recommended
1717,Maruti Suzuki,Brezza,2023,4.5,Petrol,Manual,2198,17.1,5,4,Yes,Yes,Yes,Normal,High,0.42,83.0,12.59,Good,36.8,59.1,Low,13.550924017366057,Medium,39.95412240971604,80,69.565,Recommended
1718,Kia,Seltos,2021,10.05,Petrol,Manual,1597,18.6,4,2,Yes,Yes,Yes,Aggressive,Medium,0.39,81.9,12.77,Good,33.9,61.0,Low,16.002315280467442,Medium,45.61294311560659,66,63.49,Recommended
1719,Honda,Amaze,2026,14.6,Petrol,Manual,1197,24.2,4,6,Yes,No,Yes,Aggressive,Low,0.01,81.5,12.75,Good,32.9,65.8,Low,13.408991515512556,Low,18.11249203124095,69,65.68,Recommended
1720,Honda,Elevate,2024,9.13,Petrol,Manual,1498,20.9,5,6,Yes,Yes,Yes,Normal,Medium,0.24,81.0,12.62,Good,27.0,50.3,Low,17.06255191238512,Low,23.871195731078554,89,74.185,Recommended
1721,Kia,Sonet,2023,11.87,Electric,Manual,0,316.5,4,2,Yes,No,No,Normal,Medium,0.06,92.4,13.2,Moderate,32.7,82.2,Low,0.0,Low,28.754610428779685,53,64.71875,Recommended
1722,Kia,Seltos,2020,6.89,Petrol,Manual,1199,20.7,4,6,Yes,Yes,Yes,Normal,Low,0.31,91.8,11.53,Moderate,32.9,70.9,Low,25.571204082828825,Low,23.842064305436274,74,67.405,Recommended
1723,Hyundai,Verna,2022,8.4,Petrol,Automatic,2198,20.7,4,2,Yes,Yes,Yes,Normal,Low,0.24,92.2,12.61,Good,34.2,85.2,Low,10.080732504164134,Low,18.935564042604817,76,73.305,Recommended
1724,Maruti Suzuki,Baleno,2022,10.94,Electric,Manual,0,299.3,5,6,Yes,Yes,Yes,Aggressive,Medium,0.31,96.5,12.97,Good,34.8,84.5,Low,6.480268499923534,Medium,37.72680607811151,86,84.92375000000001,Highly Recommended
1725,Hyundai,Venue,2022,9.33,Electric,Manual,0,282.0,5,2,Yes,Yes,No,Calm,Low,0.08,89.7,12.23,Good,35.0,73.4,Low,12.784109848599671,Low,6.615484040711228,88,79.175,Highly Recommended
1726,Honda,City,2025,14.23,Diesel,Automatic,1199,19.4,5,6,Yes,Yes,Yes,Calm,High,0.34,85.3,12.4,Good,36.5,93.4,Low,2.3577571302679954,Medium,31.203223564896735,89,78.96000000000001,Highly Recommended
1727,Renault,Kiger,2025,9.17,CNG,Automatic,1197,26.0,4,6,Yes,Yes,Yes,Normal,Medium,0.14,89.1,12.41,Good,34.6,59.8,Low,10.292179699948779,Low,18.29835288260402,84,81.7,Highly Recommended
1728,Tata,Altroz,2021,12.8,Electric,Automatic,0,288.1,3,6,Yes,No,Yes,Normal,High,0.4,95.4,12.04,Good,33.3,77.9,Low,23.574812101284735,Medium,38.236845234681866,52,74.20375,Recommended
1729,Tata,Punch,2025,9.92,Diesel,Manual,1199,15.8,5,4,Yes,Yes,Yes,Normal,High,0.35,77.4,12.2,Good,33.3,69.3,Low,9.263930380769617,Medium,39.17970259135686,81,69.82,Recommended
1730,Kia,Seltos,2026,13.32,Petrol,Manual,1497,15.2,4,6,Yes,Yes,Yes,Normal,Medium,0.31,101.6,12.31,Good,31.8,76.5,Low,15.391347710762286,Low,18.858142571051967,83,70.63,Recommended
1731,Volkswagen,Taigun,2023,6.66,Petrol,Automatic,1197,19.3,4,2,Yes,Yes,Yes,Normal,High,0.37,84.8,11.63,Good,30.3,68.5,Medium,39.10707968350942,Medium,32.19356524248212,67,69.045,Recommended
1732,Renault,Triber,2026,9.72,Diesel,Manual,2198,21.8,4,7,Yes,Yes,Yes,Normal,High,0.4,94.7,12.52,Good,31.4,68.7,Low,8.615103842915868,Medium,38.80744671624096,79,69.82000000000001,Recommended
1733,Hyundai,Creta,2019,14.28,Petrol,Manual,2198,21.5,5,6,Yes,Yes,Yes,Calm,Low,0.02,85.2,11.71,Moderate,30.6,72.0,Low,22.87022190379532,Low,14.214413961411381,86,72.92500000000001,Recommended
1734,Skoda,Kushaq,2022,15.07,Diesel,Manual,998,21.8,4,6,Yes,Yes,No,Aggressive,Medium,0.31,89.7,12.72,Moderate,31.8,89.3,Low,2.9676828368951087,Medium,37.1539532165238,73,61.120000000000005,Recommended
1735,Tata,Altroz,2024,13.08,Petrol,Manual,1290,18.8,4,4,Yes,Yes,Yes,Normal,High,0.34,85.1,12.1,Good,30.7,97.1,Low,0.47748878000505346,Medium,38.621877169890645,74,67.12,Recommended
1736,Mahindra,Scorpio,2026,18.73,Electric,Manual,0,263.7,4,6,Yes,Yes,Yes,Normal,High,0.39,85.0,12.41,Good,29.6,70.7,Low,13.114850841695755,Medium,38.62966540386166,77,79.53875,Highly Recommended
1737,Renault,Kwid,2025,9.79,Diesel,Automatic,1498,18.1,3,2,Yes,No,Yes,Calm,Medium,0.25,97.6,12.78,Good,36.1,52.9,Low,14.723970894462484,Low,18.142198732189843,52,62.115,Recommended
1738,Kia,Seltos,2020,8.99,CNG,Manual,1597,24.9,5,6,Yes,Yes,No,Aggressive,Low,0.31,79.7,13.21,Poor,34.1,80.8,Low,33.740968468208145,Medium,40.51872573662029,66,62.435,Recommended
1739,Volkswagen,Taigun,2021,14.15,Electric,Manual,0,235.9,4,6,Yes,Yes,No,Calm,Medium,0.23,88.8,13.44,Moderate,33.1,79.9,Low,7.507141119330749,Medium,31.651835867286724,74,71.14625000000001,Recommended
1740,Renault,Kwid,2021,6.3,Diesel,Manual,1997,20.8,4,2,Yes,No,Yes,Calm,Medium,0.19,79.5,12.8,Good,35.5,58.3,Low,14.243088981021241,Low,17.878399226851037,61,61.57,Recommended
1741,Hyundai,Verna,2025,9.55,CNG,Automatic,1199,22.5,5,6,Yes,Yes,No,Calm,High,0.26,90.9,11.88,Moderate,28.3,78.8,Low,33.48620245879609,Medium,35.74860524969736,76,71.575,Recommended
1742,Kia,Carens,2023,13.71,CNG,Automatic,1497,20.8,4,6,Yes,Yes,Yes,Calm,Low,0.19,81.9,12.12,Moderate,32.9,83.9,Low,8.62774621581201,Low,14.420580163795908,80,79.12,Highly Recommended
1743,Renault,Kwid,2025,5.28,Petrol,Manual,1290,18.8,4,6,Yes,Yes,Yes,Normal,High,0.31,94.1,12.4,Moderate,30.5,53.8,Low,22.38821033894166,Medium,44.90248365512232,67,63.97,Recommended
1744,Mahindra,XUV700,2022,19.64,Electric,Automatic,0,321.1,5,4,Yes,Yes,Yes,Normal,Medium,0.17,85.4,12.37,Good,32.5,70.4,Low,3.01867609829172,Low,28.53223064081054,86,90.74125000000001,Highly Recommended
1745,Hyundai,Exter,2024,8.84,Diesel,Manual,1199,21.7,3,7,Yes,No,Yes,Normal,Low,0.04,91.0,11.53,Moderate,32.9,82.9,Low,25.671117551426363,Low,13.158645635736436,57,59.905,Consider
1746,Renault,Triber,2020,9.73,Diesel,Manual,1597,15.8,3,4,Yes,No,Yes,Normal,Low,0.14,80.4,12.59,Moderate,32.2,68.1,Low,16.41895409416233,Low,16.34742003668537,51,56.32,Consider
1747,Skoda,Kushaq,2023,12.12,Petrol,Manual,1498,20.1,4,4,Yes,Yes,Yes,Normal,Low,0.09,87.2,11.97,Good,36.8,67.4,Medium,35.340854703157255,Low,17.631472750872046,77,68.66499999999999,Recommended
1748,Mahindra,Thar,2019,12.42,Petrol,Manual,1197,19.2,5,6,Yes,Yes,Yes,Risky,Low,0.21,85.0,12.43,Moderate,31.8,78.5,Low,11.233616018062305,Medium,49.3819494519073,75,67.63,Recommended
1749,Hyundai,Verna,2023,14.2,Petrol,Manual,1997,23.0,4,7,Yes,Yes,Yes,Calm,Low,0.15,91.4,13.09,Good,33.2,66.3,Low,15.3784006728696,Low,10.005148522896834,88,74.05000000000001,Recommended
1750,Tata,Nexon,2020,10.67,Electric,Automatic,0,369.5,3,6,Yes,No,Yes,Normal,Medium,0.13,87.7,12.26,Good,27.6,63.5,Low,7.616840146904406,Low,22.634630967226137,60,80.85625,Highly Recommended
1751,Maruti Suzuki,Fronx,2026,6.47,Diesel,Manual,1498,22.5,3,2,Yes,No,Yes,Normal,Low,0.13,77.5,11.57,Good,31.9,73.4,Low,32.04116303889884,Low,11.809387303476045,52,57.775000000000006,Consider
1752,Hyundai,Verna,2024,4.95,Petrol,Manual,1199,24.0,3,6,Yes,No,Yes,Calm,Low,0.09,94.5,12.88,Moderate,32.5,65.1,Low,9.280570810220945,Low,10.677213707128143,58,60.7,Recommended
1753,Toyota,Innova,2025,14.81,CNG,Manual,1497,22.8,4,2,Yes,Yes,No,Risky,Low,0.25,83.6,13.09,Good,36.5,65.2,Low,10.210721486912103,Medium,44.03302309946857,67,62.57,Recommended
1754,Hyundai,Verna,2021,9.65,Petrol,Manual,1498,16.0,4,6,Yes,Yes,Yes,Normal,Low,0.08,80.8,13.12,Poor,29.0,73.2,Low,29.272165922557928,Low,26.23454100177624,63,61.75,Recommended
1755,Honda,Elevate,2023,7.54,Diesel,Manual,1197,18.7,5,6,Yes,Yes,No,Normal,Low,0.21,99.2,13.07,Moderate,28.7,100.0,Low,3.328336399791502,Low,13.700818890643806,89,67.855,Recommended
1756,Mahindra,Scorpio,2022,12.52,Petrol,Manual,2198,22.3,5,2,Yes,Yes,Yes,Aggressive,Low,0.14,92.1,12.54,Good,29.8,80.9,Low,7.221715869945846,Low,18.054820410729928,85,72.595,Recommended
1757,Renault,Triber,2019,4.5,Petrol,Automatic,998,18.1,4,2,Yes,Yes,Yes,Normal,Medium,0.24,74.2,11.95,Good,32.3,100.0,Low,13.695060775626082,Low,27.065318831433167,72,71.11500000000001,Recommended
1758,Volkswagen,Virtus,2022,15.74,Electric,Manual,0,369.9,4,6,Yes,No,Yes,Normal,Medium,0.23,87.4,12.96,Good,34.6,90.0,Low,8.039372034012978,Low,28.66969077983456,66,78.57124999999999,Highly Recommended
1759,Maruti Suzuki,Brezza,2021,4.5,CNG,Automatic,998,26.7,2,2,Yes,No,Yes,Normal,Medium,0.17,81.7,12.48,Moderate,34.0,76.8,Low,0.0,Low,28.106797866622053,37,60.655,Recommended
1760,Maruti Suzuki,Baleno,2024,5.5,CNG,Manual,2198,22.2,3,7,Yes,No,Yes,Normal,Medium,0.37,96.9,12.44,Good,32.6,67.4,Low,14.281873836817702,Medium,33.59128186456231,57,63.980000000000004,Recommended
1761,Toyota,Hyryder,2020,11.16,CNG,Manual,1199,27.2,5,2,Yes,Yes,Yes,Normal,Low,0.14,75.1,12.38,Good,29.8,91.8,Low,6.5179511757348525,Low,13.337946707534392,86,77.78,Highly Recommended
1762,Mahindra,XUV 3XO,2020,8.94,Petrol,Automatic,1498,19.3,5,6,Yes,Yes,Yes,Calm,High,0.31,82.7,12.38,Good,30.3,86.4,Low,6.720170251378464,Low,26.486044709836673,90,79.39500000000001,Highly Recommended
1763,Renault,Triber,2021,12.37,Diesel,Manual,1597,20.0,4,4,Yes,Yes,Yes,Normal,Low,0.3,78.2,12.41,Good,32.8,69.7,Low,4.74031206042797,Low,18.929109821271688,81,70.45,Recommended
1764,Hyundai,Exter,2019,9.57,CNG,Manual,1197,25.7,5,6,Yes,Yes,Yes,Normal,Low,0.09,80.7,12.78,Moderate,29.0,62.0,Low,10.775962217578432,Low,21.99734987253372,85,77.10499999999999,Highly Recommended
1765,Toyota,Urban Cruiser,2025,14.01,Diesel,Manual,1597,15.6,4,7,Yes,Yes,Yes,Calm,Medium,0.11,95.0,12.47,Moderate,37.1,88.5,Low,4.438977193690556,Low,26.029249305785186,78,68.44,Recommended
1766,Kia,Sonet,2020,11.21,Petrol,Manual,1497,19.5,4,4,Yes,Yes,Yes,Normal,High,0.49,101.8,11.71,Moderate,31.7,79.7,Low,31.018000269134326,Medium,44.62617366459266,62,61.825,Recommended
1767,Honda,City,2024,9.72,Petrol,Automatic,1597,16.6,4,4,Yes,No,Yes,Calm,Low,0.21,79.7,13.07,Good,33.8,74.7,Low,11.148742685175309,Low,16.63616050275794,66,68.19,Recommended
1768,Honda,Elevate,2026,9.54,Diesel,Manual,1290,20.4,4,4,Yes,Yes,No,Risky,Medium,0.17,85.3,12.88,Good,32.0,64.9,Low,9.631412743214174,Medium,47.73123764286949,70,59.56,Consider
1769,Tata,Harrier,2019,6.85,CNG,Manual,1498,29.7,3,2,Yes,No,Yes,Normal,Low,0.16,90.3,12.52,Good,33.7,75.3,Low,11.97124314152395,Low,7.017542655248181,57,65.105,Recommended
1770,Mahindra,Scorpio,2023,12.6,Diesel,Manual,1498,18.7,5,2,Yes,Yes,Yes,Normal,Low,0.01,84.6,12.0,Good,28.8,79.3,Low,32.9093505853594,Low,14.982659483582562,82,70.705,Recommended
1771,Volkswagen,Virtus,2026,15.01,Petrol,Manual,1290,17.3,3,4,Yes,No,Yes,Aggressive,Low,0.01,97.9,12.6,Good,28.7,58.2,Low,20.650606038203094,Low,25.31025963414561,53,57.445,Consider
1772,Renault,Triber,2019,4.5,Petrol,Manual,1498,20.7,5,4,Yes,Yes,Yes,Normal,Low,0.28,82.5,12.56,Moderate,31.7,88.8,Low,9.556681438623944,Low,19.070961496347284,82,71.005,Recommended
1773,Toyota,Hyryder,2023,11.62,Petrol,Manual,1290,20.7,4,7,Yes,No,No,Calm,Low,0.0,77.1,12.6,Moderate,27.9,71.7,Low,11.303900183237328,Low,12.660277738194347,67,58.255,Consider
1774,Hyundai,i20,2025,12.95,Petrol,Manual,1290,18.7,5,7,Yes,Yes,Yes,Aggressive,Low,0.21,83.2,12.88,Good,35.5,85.9,Low,9.495615584513963,Low,22.831688929435607,93,75.655,Highly Recommended
1775,Tata,Harrier,2024,8.8,Petrol,Automatic,1199,16.1,4,6,Yes,Yes,No,Normal,Low,0.14,83.9,12.89,Moderate,30.1,56.7,Low,9.052730576048095,Low,15.120175771566858,79,67.965,Recommended
1776,Toyota,Hyryder,2020,11.68,Diesel,Manual,1497,22.8,5,7,Yes,Yes,Yes,Calm,Low,0.01,89.1,12.65,Good,32.7,93.8,Low,7.542495142896523,Low,2.0876158837827195,100,79.42,Highly Recommended
1777,Volkswagen,Virtus,2023,14.12,Electric,Automatic,0,366.6,4,6,Yes,Yes,Yes,Normal,High,0.27,96.6,13.29,Good,31.1,93.7,Low,7.85675018356566,Medium,36.55717153314862,78,88.8475,Highly Recommended
1778,Skoda,Slavia,2024,13.04,Petrol,Automatic,1199,21.2,3,4,Yes,No,Yes,Normal,Low,0.06,72.3,12.55,Good,33.4,62.4,Low,13.116431603137245,Low,12.086184525581386,59,65.73,Recommended
1779,Tata,Punch,2024,4.58,CNG,Manual,1597,27.0,5,4,Yes,Yes,No,Normal,Low,0.19,90.7,11.88,Good,28.4,65.7,Medium,42.130291626668445,Low,9.70786595499425,86,71.75,Recommended
1780,Tata,Harrier,2024,12.5,Petrol,Manual,1290,14.9,5,2,Yes,Yes,Yes,Calm,Low,0.14,88.1,12.74,Poor,38.0,84.9,Low,24.733029009803055,Low,22.5636752917179,65,62.485,Recommended
1781,Mahindra,XUV700,2024,12.81,Electric,Manual,0,295.8,4,6,Yes,Yes,Yes,Normal,Medium,0.2,87.7,12.29,Poor,33.9,71.2,Medium,35.997909634220214,Medium,36.02676823165683,59,72.6425,Recommended
1782,Honda,Amaze,2021,6.49,Petrol,Automatic,1597,20.3,5,2,Yes,Yes,Yes,Normal,Low,0.19,88.2,13.34,Moderate,33.0,90.0,Low,2.1355103206885557,Low,12.228342580009876,81,75.495,Highly Recommended
1783,Mahindra,XUV 3XO,2024,15.61,Petrol,Automatic,1497,18.9,5,6,Yes,Yes,Yes,Aggressive,Low,0.21,85.8,12.28,Good,35.3,73.5,Low,0.0,Low,27.36826411850785,90,79.33500000000001,Highly Recommended
1784,Skoda,Slavia,2025,12.04,CNG,Manual,1498,30.0,4,6,Yes,No,Yes,Aggressive,High,0.38,94.6,12.31,Good,29.6,65.0,Low,1.9042464715801746,Medium,52.42627088264237,58,65.6,Recommended
1785,Kia,Carens,2023,12.67,CNG,Automatic,1597,27.2,4,6,Yes,Yes,Yes,Calm,Low,0.15,76.2,12.27,Moderate,35.5,65.3,Low,14.595320083738534,Low,11.753739594434498,80,80.08,Highly Recommended
1786,Volkswagen,Taigun,2019,9.03,CNG,Automatic,1597,22.7,4,6,Yes,Yes,Yes,Aggressive,High,0.3,94.9,12.43,Good,35.1,90.7,Low,0.0,Medium,48.534004791120495,75,77.155,Highly Recommended
1787,Volkswagen,Taigun,2021,6.23,Petrol,Manual,1197,19.2,5,4,Yes,Yes,Yes,Aggressive,Low,0.11,97.9,12.76,Poor,28.3,74.0,Low,33.68105139112218,Medium,39.16953795657113,62,61.78,Recommended
1788,Tata,Punch,2023,12.65,Petrol,Automatic,1597,15.2,4,2,Yes,No,Yes,Normal,Low,0.22,88.1,12.26,Poor,33.1,78.4,Low,24.81156543120118,Medium,31.06436705815868,39,55.83,Consider
1789,Skoda,Kushaq,2022,13.31,Electric,Automatic,0,380.3,5,6,Yes,Yes,No,Calm,Low,0.1,88.3,12.73,Moderate,32.8,66.1,Low,18.613528056103302,Low,8.573308460859431,88,87.86125,Highly Recommended
1790,Maruti Suzuki,Brezza,2021,7.14,Petrol,Manual,1497,24.4,5,6,Yes,Yes,Yes,Normal,Low,0.12,94.1,12.2,Good,28.5,81.5,Low,9.963953476196487,Low,14.552375485069135,93,76.50999999999999,Highly Recommended
1791,Skoda,Slavia,2021,12.74,Electric,Manual,0,341.9,3,6,Yes,No,Yes,Normal,Medium,0.16,81.3,12.64,Good,32.1,66.6,Low,13.866163906673737,Low,19.55060508821205,60,74.82124999999999,Recommended
1792,Honda,Elevate,2020,15.89,Petrol,Manual,1498,19.6,5,4,Yes,Yes,No,Normal,Low,0.0,85.4,12.8,Good,33.5,70.3,Low,13.150217911911597,Low,13.296736159153657,89,67.99000000000001,Recommended
1793,Maruti Suzuki,Fronx,2021,6.28,CNG,Automatic,1290,22.6,4,2,Yes,Yes,Yes,Normal,High,0.47,84.0,12.53,Good,33.5,86.7,Low,0.8172831206107212,Medium,39.733703109857835,70,74.89,Recommended
1794,Volkswagen,Virtus,2024,14.94,CNG,Manual,1597,20.2,4,6,Yes,Yes,No,Normal,Low,0.08,81.8,11.97,Good,32.8,81.9,Low,24.513863987782717,Low,11.805186105119116,84,69.83000000000001,Recommended
1795,Kia,Seltos,2019,12.6,Petrol,Manual,1498,13.8,4,2,Yes,Yes,No,Normal,Low,0.04,98.6,12.41,Good,30.4,82.7,Low,20.73986333875996,Low,6.84265952627556,78,62.17,Recommended
1796,Maruti Suzuki,Baleno,2022,5.94,Petrol,Automatic,998,18.8,4,6,Yes,Yes,No,Calm,Medium,0.24,88.0,12.05,Good,29.9,64.9,Low,33.250671044098524,Low,25.966100194437892,78,67.92,Recommended
1797,Toyota,Innova,2022,17.57,Petrol,Manual,1597,18.0,4,6,Yes,Yes,No,Aggressive,Medium,0.17,80.1,11.94,Good,33.7,65.7,Medium,36.447011793390324,Medium,34.63725109167733,74,61.00000000000001,Recommended
1798,Honda,Amaze,2022,16.1,Petrol,Automatic,998,22.5,5,6,Yes,Yes,Yes,Risky,Low,0.21,86.9,12.51,Good,35.9,100.0,Low,0.0,Medium,31.13435735698309,89,79.42500000000001,Highly Recommended
1799,Renault,Triber,2019,7.5,Electric,Automatic,0,365.0,5,6,Yes,Yes,Yes,Normal,Low,0.15,96.2,13.0,Good,31.5,69.5,Low,4.934900537665413,Low,12.923145414531962,95,96.4375,Highly Recommended
1800,Maruti Suzuki,Fronx,2022,6.05,Petrol,Manual,2198,16.6,4,2,Yes,Yes,Yes,Normal,High,0.2,86.2,12.96,Good,27.8,75.9,Low,11.038679294486688,Medium,34.1580746067561,70,64.99000000000001,Recommended
1801,Kia,Sonet,2021,4.5,Petrol,Manual,2198,21.3,4,6,Yes,Yes,No,Aggressive,Low,0.22,95.3,12.37,Good,34.1,100.0,Low,1.4715618794959038,Low,20.588384427476733,85,66.445,Recommended
1802,Tata,Curvv,2020,7.89,CNG,Manual,2198,21.2,3,2,Yes,No,Yes,Aggressive,Low,0.16,87.6,12.21,Good,33.3,49.5,Low,26.0658219064167,Low,24.727286911252293,48,59.78,Consider
1803,Hyundai,Verna,2026,8.0,Petrol,Automatic,1597,20.3,4,2,Yes,Yes,Yes,Normal,Low,0.16,87.9,12.51,Good,30.6,100.0,Low,0.19108295833320033,Low,14.386067344690073,79,74.595,Recommended
1804,Maruti Suzuki,Baleno,2022,10.21,Diesel,Manual,1597,20.7,2,6,Yes,No,No,Aggressive,Low,0.24,94.9,11.68,Good,30.0,83.5,Low,24.226765325799395,Low,23.644012392079784,49,50.155,Consider
1805,Toyota,Urban Cruiser,2022,8.63,Petrol,Automatic,2198,22.2,5,6,Yes,Yes,Yes,Aggressive,Medium,0.2,108.3,13.46,Moderate,30.3,67.2,Low,24.20895294775361,Medium,44.987961988098874,75,73.08,Recommended
1806,Toyota,Glanza,2024,9.62,Petrol,Manual,1497,14.9,4,6,Yes,Yes,No,Normal,Medium,0.15,82.4,12.96,Good,30.9,74.2,Low,8.08289768105824,Low,24.73974304088165,82,64.13499999999999,Recommended
1807,Mahindra,Scorpio,2022,9.43,Diesel,Manual,1497,22.0,4,6,Yes,Yes,Yes,Normal,Medium,0.11,75.8,13.42,Good,30.9,80.8,Low,0.0,Low,22.70344086355296,84,72.1,Recommended
1808,Renault,Kiger,2019,7.02,Petrol,Automatic,1497,24.6,4,7,Yes,Yes,Yes,Normal,High,0.38,82.2,11.94,Good,31.9,89.5,Low,20.295317927258026,Medium,31.296091536929858,80,75.69,Highly Recommended
1809,Kia,Seltos,2020,10.58,Petrol,Manual,1498,18.5,4,4,Yes,Yes,Yes,Risky,High,0.35,99.9,12.86,Good,30.7,100.0,Low,7.226085751993418,High,62.727557270403786,65,63.025,Recommended
1810,Mahindra,Scorpio,2022,19.53,Electric,Automatic,0,363.1,5,6,Yes,Yes,Yes,Normal,Medium,0.14,86.4,12.77,Good,35.6,71.1,Low,11.244991160420648,Low,21.283380317567318,91,94.56625,Highly Recommended
1811,Tata,Punch,2026,10.79,Petrol,Manual,998,13.9,4,6,Yes,Yes,Yes,Normal,Low,0.09,86.5,12.61,Good,34.7,77.8,Low,9.02831158047685,Low,8.533732272540338,88,72.685,Recommended
1812,Honda,City,2024,12.4,Diesel,Automatic,1197,21.9,2,7,Yes,No,No,Aggressive,Low,0.04,87.8,12.26,Moderate,30.4,61.7,Low,15.07763166393974,Low,20.274208378502728,48,54.885000000000005,Consider
1813,Maruti Suzuki,Dzire,2024,16.53,Diesel,Manual,1997,17.9,5,6,Yes,Yes,No,Normal,Medium,0.09,94.4,12.16,Moderate,31.6,54.2,Low,17.076572209566073,Low,20.958864096567257,84,65.48500000000001,Recommended
1814,Honda,City,2023,10.8,Petrol,Manual,1597,16.7,2,6,Yes,No,No,Risky,High,0.25,79.6,12.8,Moderate,27.3,69.6,Low,11.949742709459041,High,62.522837509279654,31,41.455,Not Recommended
1815,Hyundai,i20,2025,11.07,Electric,Manual,0,351.2,5,2,Yes,Yes,Yes,Normal,High,0.31,91.2,12.71,Moderate,33.9,89.4,Low,7.898676991826392,Medium,40.43871032442725,71,80.12,Highly Recommended
1816,Honda,Amaze,2024,13.4,Diesel,Manual,1597,20.5,4,7,Yes,Yes,No,Risky,Low,0.0,88.3,12.85,Good,34.4,57.5,Low,18.49914880923982,Low,25.01319593671887,82,64.975,Recommended
1817,Maruti Suzuki,Swift,2026,19.09,Electric,Manual,0,293.8,4,6,Yes,Yes,Yes,Normal,Low,0.16,99.3,12.28,Good,33.5,77.9,Low,11.326668045555627,Low,4.944958410683158,89,86.0675,Highly Recommended
1818,Honda,Amaze,2026,12.55,Electric,Automatic,0,257.6,4,2,Yes,Yes,Yes,Normal,Medium,0.3,96.7,13.37,Good,34.0,84.5,Low,11.640528862269907,Low,25.196306223486854,73,82.51,Highly Recommended
1819,Tata,Curvv,2025,14.14,Electric,Manual,0,341.8,4,2,Yes,No,Yes,Normal,Medium,0.24,89.7,12.59,Good,27.9,84.9,Low,15.263846429251899,Low,29.251784252687344,56,73.0175,Recommended
1820,Hyundai,Creta,2026,9.15,CNG,Manual,998,21.6,5,7,Yes,Yes,No,Calm,Low,0.0,90.2,12.31,Good,32.6,67.3,Low,6.1669505801328945,Low,3.016198604666078,100,77.24000000000001,Highly Recommended
1821,Tata,Altroz,2024,5.89,Petrol,Manual,1197,15.8,4,7,Yes,Yes,Yes,Normal,Low,0.17,88.6,12.39,Good,29.6,93.5,Low,0.22739098994127804,Low,13.326574146843868,89,73.42,Recommended
1822,Toyota,Innova,2024,8.0,CNG,Automatic,998,25.3,5,6,Yes,Yes,Yes,Normal,Medium,0.25,87.0,12.87,Good,35.6,77.7,Low,9.937361262830963,Low,28.392245902983742,89,83.845,Highly Recommended
1823,Hyundai,Venue,2024,15.2,Electric,Manual,0,441.5,4,4,Yes,Yes,Yes,Normal,Low,0.25,85.7,12.52,Good,29.2,76.5,Low,12.759011718933971,Low,14.147864187247347,81,86.45,Highly Recommended
1824,Kia,Carens,2021,8.63,CNG,Manual,1498,23.3,5,6,Yes,Yes,Yes,Normal,Medium,0.14,94.2,12.87,Moderate,31.5,39.9,Low,20.847861635274246,Medium,31.775814038252985,80,74.495,Recommended
1825,Maruti Suzuki,Brezza,2026,17.56,Petrol,Automatic,1597,18.6,3,7,Yes,No,No,Normal,Low,0.12,86.7,11.92,Good,30.4,64.2,Low,27.493191872571764,Low,13.167756871925125,62,60.69,Recommended
1826,Hyundai,Venue,2022,10.72,Diesel,Automatic,1290,20.3,5,2,Yes,Yes,Yes,Normal,Medium,0.2,87.8,12.88,Good,34.7,72.1,Low,13.280853532350537,Low,25.026553130164842,81,75.495,Highly Recommended
1827,Mahindra,XUV700,2022,15.93,Petrol,Manual,1498,17.8,5,7,Yes,Yes,No,Calm,High,0.36,88.6,12.72,Good,36.2,71.4,Low,10.316431537669306,Medium,42.86550436733975,85,65.92,Recommended
1828,Skoda,Kushaq,2021,8.03,Petrol,Manual,1197,17.7,4,6,Yes,Yes,Yes,Normal,Low,0.11,88.2,12.13,Moderate,32.5,63.1,Low,14.92870660262606,Low,13.451193794506544,79,69.20500000000001,Recommended
1829,Skoda,Slavia,2021,10.43,Diesel,Manual,1997,20.3,3,7,Yes,No,Yes,Normal,Low,0.23,87.6,11.91,Good,31.3,89.4,Low,22.436607388728238,Low,13.273273898032969,63,62.395,Recommended
1830,Volkswagen,Virtus,2026,18.74,Electric,Manual,0,407.6,4,2,Yes,Yes,Yes,Calm,High,0.27,100.4,12.35,Good,29.2,100.0,Low,14.93693187998021,Low,27.391283827158084,72,82.4,Highly Recommended
1831,Renault,Kiger,2024,9.43,Petrol,Manual,1290,16.2,4,6,Yes,Yes,Yes,Normal,Low,0.24,83.2,12.86,Good,29.5,69.4,Low,8.422807711763493,Low,13.241387436390887,86,72.13,Recommended
1832,Volkswagen,Taigun,2021,10.81,Diesel,Automatic,2198,22.7,5,6,Yes,Yes,No,Normal,Medium,0.28,77.5,12.05,Good,29.1,90.1,Low,33.14393529906013,Low,26.093158403076284,86,72.105,Recommended
1833,Mahindra,XUV700,2020,13.1,Diesel,Manual,1197,18.6,5,4,Yes,Yes,No,Normal,Low,0.2,99.5,12.54,Good,32.3,83.3,Low,9.660702469421047,Low,15.54576590265943,89,67.84,Recommended
1834,Tata,Punch,2022,11.21,Petrol,Manual,1290,20.3,3,4,Yes,No,Yes,Normal,Low,0.18,84.8,12.65,Good,31.2,95.8,Low,0.0,Low,11.14798792235937,61,61.495,Recommended
1835,Hyundai,i20,2019,5.85,Diesel,Manual,1497,20.6,4,4,Yes,Yes,Yes,Normal,Medium,0.22,96.3,13.3,Good,27.4,73.6,Low,24.97236002870155,Low,22.1125075513619,77,68.74000000000001,Recommended
1836,Maruti Suzuki,Brezza,2022,7.26,CNG,Automatic,1498,28.3,5,7,Yes,Yes,Yes,Calm,Medium,0.33,90.3,12.66,Poor,28.1,100.0,Low,16.470091656377974,Medium,34.642454589838074,72,76.645,Highly Recommended
1837,Skoda,Kushaq,2022,15.71,Electric,Automatic,0,344.2,5,6,Yes,No,Yes,Calm,High,0.42,92.7,12.85,Good,34.1,100.0,Low,0.0,Medium,39.13862919071513,71,84.8575,Highly Recommended
1838,Skoda,Kushaq,2022,10.97,Petrol,Manual,998,20.4,5,6,Yes,Yes,No,Normal,Medium,0.22,81.5,12.75,Good,32.4,96.4,Low,0.0,Low,26.80079309268131,91,69.01,Recommended
1839,Toyota,Urban Cruiser,2023,11.22,Petrol,Automatic,1290,13.4,5,6,Yes,Yes,No,Normal,Medium,0.27,93.5,13.8,Good,26.6,61.5,Low,16.752778289148544,Low,24.47495638127416,89,72.06,Recommended
1840,Toyota,Urban Cruiser,2025,21.23,Electric,Manual,0,445.3,3,6,Yes,No,No,Normal,Medium,0.21,86.4,13.15,Good,32.3,84.2,Low,8.91096884689788,Low,25.927823485446936,59,70.55,Recommended
1841,Mahindra,Scorpio,2026,14.59,Diesel,Automatic,1197,23.3,4,6,Yes,Yes,No,Normal,High,0.32,88.4,12.32,Good,36.2,87.2,Low,8.378802923801812,Medium,37.75574635176771,78,68.595,Recommended
1842,Honda,City,2020,4.5,Petrol,Automatic,1997,22.7,4,7,Yes,Yes,Yes,Risky,Medium,0.24,85.9,12.37,Moderate,35.9,42.8,Low,18.74462871478564,Medium,50.57025315176206,67,69.555,Recommended
1843,Honda,City,2025,8.85,Petrol,Manual,1597,22.4,4,4,Yes,No,Yes,Calm,Medium,0.21,91.6,11.86,Good,27.8,75.5,Low,25.42003313674484,Low,20.03074281834489,62,62.260000000000005,Recommended
1844,Honda,Amaze,2023,11.47,Diesel,Manual,1498,19.9,4,6,Yes,Yes,Yes,Calm,Low,0.15,87.1,11.64,Good,30.0,95.7,Low,26.360555689507734,Low,-0.13172157731605694,88,73.58500000000001,Recommended
1845,Hyundai,Creta,2022,12.63,CNG,Manual,1199,28.4,3,7,Yes,No,Yes,Calm,Medium,0.17,84.8,12.81,Good,34.5,83.6,Low,0.0,Low,20.599428876411476,64,68.06,Recommended
1846,Hyundai,Exter,2021,15.87,Diesel,Automatic,2198,23.8,4,7,Yes,No,No,Calm,Medium,0.22,92.1,12.51,Good,32.1,73.7,Low,18.00159640902885,Low,20.480963305036845,69,64.62,Recommended
1847,Skoda,Kushaq,2022,10.27,CNG,Manual,1997,27.8,3,6,Yes,No,Yes,Normal,Medium,0.18,88.6,12.49,Moderate,32.5,79.2,Low,16.62864681610826,Low,28.495793648057777,51,62.12,Recommended
1848,Tata,Nexon,2024,11.34,Petrol,Automatic,1197,23.0,3,4,Yes,No,No,Calm,Low,0.17,81.2,12.74,Good,32.5,78.5,Low,8.210995916333207,Low,5.757229954007761,62,61.35,Recommended
1849,Skoda,Kushaq,2020,12.66,CNG,Automatic,1597,23.6,4,6,Yes,Yes,Yes,Aggressive,Low,0.15,93.5,12.48,Poor,31.5,68.3,Medium,37.37172410346878,Medium,35.77084581407713,59,70.09,Recommended
1850,Kia,Seltos,2025,11.6,Petrol,Manual,2198,22.7,4,6,Yes,Yes,Yes,Calm,Low,0.23,86.3,12.67,Moderate,37.2,72.7,Low,8.25400713075765,Low,16.05896395786889,79,69.95500000000001,Recommended
1851,Toyota,Innova,2024,14.14,CNG,Manual,1197,24.3,4,4,Yes,Yes,No,Aggressive,Medium,0.21,89.0,12.02,Good,29.6,83.6,Low,27.11849703789987,Medium,32.89751556086907,72,65.045,Recommended
1852,Tata,Harrier,2019,9.27,Diesel,Automatic,998,24.1,4,6,Yes,Yes,Yes,Aggressive,Low,0.24,81.3,12.22,Good,27.0,98.4,Low,0.0,Low,24.05036028949434,84,77.415,Highly Recommended
1853,Toyota,Urban Cruiser,2026,22.56,Electric,Manual,0,208.4,4,7,Yes,Yes,No,Normal,Low,0.1,78.5,11.55,Good,30.2,81.5,Low,24.22213861182856,Low,15.823210682965957,85,75.065,Highly Recommended
1854,Volkswagen,Taigun,2022,13.82,Petrol,Manual,2198,23.0,4,6,Yes,Yes,Yes,Calm,Low,0.15,82.4,12.99,Moderate,30.9,68.0,Low,17.349409231201385,Low,5.657692959978995,81,70.9,Recommended
1855,Toyota,Hyryder,2021,13.04,Petrol,Manual,1597,24.8,5,6,Yes,Yes,Yes,Normal,Low,0.3,91.3,12.94,Good,33.1,70.2,Low,7.536787999382521,Low,13.803369328031717,94,77.02000000000001,Highly Recommended
1856,Kia,Carens,2024,14.31,Electric,Automatic,0,378.9,3,4,Yes,No,No,Normal,Low,0.23,97.1,13.59,Moderate,35.9,64.2,Low,28.050264237331508,Low,21.418787596780415,47,69.35875,Recommended
1857,Volkswagen,Taigun,2023,8.63,CNG,Manual,1597,26.0,3,6,Yes,No,No,Calm,High,0.36,85.9,12.72,Good,28.5,74.0,Low,11.383194978265578,Low,29.590687984648323,57,58.55,Consider
1858,Tata,Altroz,2025,11.56,CNG,Automatic,1197,26.9,4,6,Yes,Yes,Yes,Normal,Medium,0.29,90.2,12.59,Good,29.9,81.5,Low,6.710926391543518,Low,18.77232016958292,84,81.83500000000001,Highly Recommended
1859,Skoda,Slavia,2020,10.52,Petrol,Manual,1199,21.5,4,6,Yes,Yes,Yes,Risky,Low,0.06,81.3,13.8,Moderate,32.4,90.8,Low,8.32474018760438,Medium,38.89822475525275,71,66.175,Recommended
1860,Tata,Curvv,2025,17.36,Electric,Manual,0,435.9,5,4,Yes,Yes,No,Aggressive,Low,0.28,92.6,12.73,Poor,29.9,66.7,Low,33.64773642123009,Medium,37.99919734220241,63,72.35,Recommended
1861,Maruti Suzuki,Dzire,2022,5.38,Petrol,Manual,1997,19.5,5,6,Yes,Yes,Yes,Normal,Medium,0.13,83.6,12.33,Moderate,36.0,91.6,Low,0.0,Medium,33.94608918032046,82,70.82499999999999,Recommended
1862,Volkswagen,Taigun,2026,16.01,Petrol,Automatic,1290,15.9,4,4,Yes,Yes,Yes,Normal,Medium,0.26,92.6,12.1,Good,31.1,95.5,Low,5.91148830604868,Low,26.72678771592263,78,73.485,Recommended
1863,Mahindra,XUV 3XO,2021,13.97,Electric,Automatic,0,336.9,4,4,Yes,Yes,Yes,Normal,High,0.43,89.0,12.82,Good,33.2,50.5,Low,12.85032420043524,Medium,43.560404662603524,71,84.58375,Highly Recommended
1864,Tata,Harrier,2026,11.31,Petrol,Automatic,1197,23.4,5,6,Yes,Yes,Yes,Normal,Low,0.16,86.1,12.66,Good,34.6,87.3,Low,6.4096406114204605,Low,16.717854593682777,93,81.36,Highly Recommended
1865,Skoda,Kushaq,2023,14.0,CNG,Manual,998,29.2,4,6,Yes,Yes,Yes,Calm,Medium,0.25,86.0,12.44,Good,30.3,88.4,Low,0.0,Low,22.02275075903985,84,77.18,Highly Recommended
1866,Renault,Kwid,2021,11.14,CNG,Automatic,1199,23.4,3,2,Yes,No,No,Aggressive,Low,0.09,95.2,12.66,Good,31.9,75.7,Low,18.427689948742216,Low,28.820613536718586,48,59.11,Consider
1867,Skoda,Slavia,2020,17.66,Electric,Manual,0,355.5,5,7,Yes,Yes,Yes,Normal,Medium,0.29,89.1,12.36,Good,31.3,73.9,Low,18.935167331375318,Low,22.89805194947765,91,89.28125,Highly Recommended
1868,Mahindra,Scorpio,2024,13.96,CNG,Automatic,1997,19.1,4,6,Yes,Yes,Yes,Calm,Medium,0.17,88.3,12.94,Good,33.3,41.8,Low,26.69752386190091,Low,16.174334398142825,82,79.765,Highly Recommended
1869,Hyundai,i20,2021,11.21,Petrol,Manual,998,21.0,5,6,Yes,Yes,Yes,Normal,High,0.4,87.6,12.23,Good,35.2,66.4,Low,10.269962361504696,Medium,50.97257040511765,81,70.6,Recommended
1870,Maruti Suzuki,Baleno,2025,9.69,CNG,Manual,1197,25.9,5,6,Yes,Yes,No,Aggressive,Medium,0.12,86.7,12.1,Good,30.5,90.6,Low,5.747336638748168,Medium,34.982030197376304,87,72.035,Recommended
1871,Mahindra,Thar,2025,15.74,CNG,Automatic,2198,28.2,5,6,Yes,Yes,Yes,Normal,High,0.37,82.8,12.05,Moderate,27.7,73.7,Low,28.91296803619224,Medium,46.16414579879661,74,77.53,Highly Recommended
1872,Kia,Carens,2024,12.79,Diesel,Manual,1290,22.6,4,6,Yes,Yes,Yes,Normal,Medium,0.28,94.1,12.57,Good,35.2,81.4,Low,7.008707696814955,Low,29.352236542413273,81,70.84,Recommended
1873,Mahindra,XUV700,2023,14.58,Petrol,Automatic,1199,16.0,2,4,Yes,No,Yes,Calm,Medium,0.2,94.4,13.49,Poor,33.1,100.0,Low,19.335351566453564,Low,28.46000387311001,29,51.45,Consider
1874,Skoda,Kushaq,2024,10.29,Diesel,Manual,1290,24.9,3,6,Yes,No,Yes,Normal,Medium,0.12,98.7,13.09,Moderate,25.6,60.2,Low,15.112318733076158,Medium,33.32280696960198,49,56.785,Consider
1875,Kia,Carens,2024,11.63,Petrol,Manual,1498,16.2,3,4,Yes,No,Yes,Normal,Medium,0.17,91.5,12.56,Moderate,34.2,84.3,Low,5.380488170693582,Low,24.702267063780702,50,55.93,Consider
1876,Mahindra,XUV 3XO,2022,9.27,Diesel,Automatic,1498,17.9,2,4,Yes,No,Yes,Normal,Medium,0.32,85.7,12.4,Good,35.2,92.6,Low,8.310956231776272,Low,21.049912375798883,48,60.285,Recommended
1877,Maruti Suzuki,Dzire,2023,6.61,Petrol,Automatic,1597,18.4,3,6,Yes,No,Yes,Normal,Medium,0.23,98.6,12.93,Moderate,30.8,63.6,Low,13.328730812680597,Low,25.956455556272857,52,62.160000000000004,Recommended
1878,Mahindra,XUV 3XO,2022,17.15,Electric,Automatic,0,439.2,4,4,Yes,Yes,Yes,Calm,Low,0.13,95.6,11.93,Good,31.2,81.7,Low,30.518828471109543,Low,10.748942313702166,80,91.0,Highly Recommended
1879,Toyota,Glanza,2022,13.74,Diesel,Automatic,1997,16.6,4,6,Yes,Yes,Yes,Aggressive,Low,0.07,93.6,13.12,Good,31.0,75.8,Low,14.218533179377399,Low,22.232536148312573,82,75.39,Highly Recommended
1880,Kia,Seltos,2023,12.62,Petrol,Manual,1597,19.4,5,6,Yes,Yes,Yes,Risky,Medium,0.19,77.6,12.03,Good,34.5,90.5,Low,34.29750713176114,Medium,43.75249463599312,80,69.91,Recommended
1881,Tata,Harrier,2024,11.45,Electric,Automatic,0,353.0,3,6,Yes,No,Yes,Calm,High,0.4,95.8,12.3,Moderate,32.6,52.8,Low,15.117670766114507,Medium,41.828567877780245,46,73.9375,Recommended
1882,Honda,City,2026,10.45,Electric,Manual,0,310.4,3,6,Yes,No,No,Calm,Medium,0.16,91.1,12.35,Moderate,30.0,82.2,Low,7.380656541731949,Low,28.64927775589629,52,64.03999999999999,Recommended
1883,Kia,Sonet,2025,10.47,Petrol,Manual,1597,16.1,4,4,Yes,Yes,Yes,Aggressive,Low,0.14,92.1,13.07,Good,31.6,94.2,Low,3.9729167803272185,Low,17.406366714217263,81,69.86500000000001,Recommended
1884,Maruti Suzuki,Brezza,2025,11.05,Electric,Automatic,0,398.6,3,4,Yes,No,Yes,Risky,Medium,0.16,92.1,12.64,Good,27.9,100.0,Low,0.0,Medium,46.048420284576984,49,76.9975,Highly Recommended
1885,Maruti Suzuki,Fronx,2025,6.18,Diesel,Automatic,1997,16.3,5,2,Yes,Yes,Yes,Normal,High,0.48,72.3,12.75,Good,28.9,62.3,Low,12.102820977856902,Medium,36.23201787099192,78,73.545,Recommended
1886,Volkswagen,Taigun,2022,10.16,CNG,Manual,2198,28.1,4,6,Yes,Yes,No,Calm,High,0.49,82.0,12.0,Good,30.2,93.8,Low,20.844125808934603,Medium,42.52189416066386,74,66.515,Recommended
1887,Kia,Seltos,2022,10.04,Petrol,Manual,1597,20.9,4,2,Yes,Yes,Yes,Normal,Low,0.09,83.0,12.38,Good,33.7,84.3,Low,15.96711563623172,Low,12.365743835296636,77,68.785,Recommended
1888,Renault,Kwid,2025,12.57,Petrol,Manual,2198,15.4,4,7,Yes,Yes,No,Normal,Low,0.02,79.6,11.95,Moderate,32.2,61.1,Low,31.473368604613228,Low,21.008143748006407,76,61.510000000000005,Recommended
1889,Tata,Curvv,2022,9.78,Diesel,Automatic,1997,21.2,5,6,Yes,Yes,No,Calm,Low,0.2,98.1,12.5,Good,32.0,79.5,Low,16.81340985620882,Low,2.93800578914486,96,76.38,Highly Recommended
1890,Renault,Kwid,2025,14.05,Petrol,Manual,1290,14.4,5,2,Yes,Yes,No,Normal,Medium,0.21,81.7,12.7,Good,33.6,91.9,Low,0.0,Low,27.332519205769323,82,64.06,Recommended
1891,Volkswagen,Virtus,2019,10.47,Petrol,Manual,1498,17.6,3,2,Yes,No,Yes,Aggressive,Medium,0.2,75.7,13.17,Good,31.8,81.5,Low,0.0,Medium,35.765015015349476,48,55.24,Consider
1892,Renault,Triber,2020,8.75,Electric,Manual,0,340.6,4,6,Yes,Yes,Yes,Normal,Low,0.25,86.8,11.9,Good,31.0,86.4,Low,23.548006161393776,Low,20.781081303287735,81,84.2225,Highly Recommended
1893,Kia,Carens,2021,4.64,Diesel,Automatic,1497,23.4,4,6,Yes,Yes,Yes,Normal,Low,0.06,95.7,12.54,Moderate,28.7,81.4,Low,19.654494667192257,Low,13.388334010404257,78,74.61,Recommended
1894,Volkswagen,Taigun,2023,14.63,Diesel,Manual,998,19.2,4,6,Yes,Yes,Yes,Aggressive,Low,0.0,106.2,12.6,Good,30.0,57.6,Low,23.713741951931027,Low,13.033238661426914,84,71.68,Recommended
1895,Volkswagen,Virtus,2026,13.66,Petrol,Automatic,998,20.3,4,6,Yes,Yes,Yes,Risky,Low,0.09,80.4,12.65,Good,28.1,79.8,Low,0.0,Medium,33.44163602466402,80,75.045,Highly Recommended
1896,Renault,Triber,2023,11.32,CNG,Automatic,1497,23.1,4,2,Yes,Yes,Yes,Aggressive,High,0.42,92.9,12.91,Poor,30.8,53.7,Medium,39.31566870705959,High,69.91983800129248,39,61.015,Recommended
1897,Maruti Suzuki,Fronx,2023,8.9,Petrol,Manual,1597,14.4,3,6,Yes,No,Yes,Risky,Low,0.13,88.8,12.53,Good,32.5,79.1,Low,2.8375600525338065,Low,29.399831197371235,58,59.260000000000005,Consider
1898,Maruti Suzuki,Swift,2025,9.54,CNG,Manual,1197,17.7,3,6,Yes,No,Yes,Calm,Low,0.08,81.0,12.52,Good,29.5,91.7,Low,16.416849031074534,Low,12.359435406419784,62,65.555,Recommended
1899,Honda,Amaze,2021,8.55,Petrol,Automatic,1199,22.5,4,6,Yes,Yes,Yes,Normal,High,0.43,91.0,12.61,Good,31.3,61.2,Low,6.296927624625953,Medium,42.98224572003552,76,73.575,Recommended
1900,Volkswagen,Taigun,2025,12.86,Petrol,Manual,1597,23.5,4,7,Yes,Yes,Yes,Risky,Low,0.09,95.3,12.2,Good,30.6,81.8,Low,9.900732836712763,Medium,36.790786781283195,80,70.525,Recommended
1901,Tata,Nexon,2024,14.61,Petrol,Manual,2198,16.1,5,2,Yes,Yes,Yes,Normal,Low,0.14,92.9,12.53,Good,28.1,99.6,Low,0.0,Low,7.851096960490913,89,73.465,Recommended
1902,Skoda,Slavia,2021,13.98,Petrol,Manual,1199,12.1,4,6,Yes,Yes,Yes,Aggressive,High,0.36,99.0,12.36,Good,31.9,97.4,Low,6.201581720572834,Medium,51.0370099491658,73,65.66499999999999,Recommended
1903,Maruti Suzuki,Brezza,2021,5.27,Petrol,Manual,1497,20.5,3,7,Yes,No,Yes,Normal,Medium,0.23,77.4,12.77,Good,27.5,77.6,Low,7.0155463415005554,Low,15.641716123417003,64,62.875,Recommended
1904,Skoda,Slavia,2026,14.89,Diesel,Manual,1290,22.5,4,6,Yes,No,Yes,Aggressive,Low,0.0,90.7,11.61,Good,33.7,76.0,Medium,35.033063987841395,Low,21.254938464307973,64,63.175,Recommended
1905,Hyundai,Creta,2023,10.27,Petrol,Automatic,1498,18.8,4,7,Yes,Yes,Yes,Normal,High,0.3,86.3,13.2,Good,33.3,56.7,Low,22.146772382863418,Medium,37.51360782024065,78,73.92,Recommended
1906,Hyundai,Venue,2023,8.59,CNG,Manual,1199,23.7,4,4,Yes,Yes,Yes,Normal,Low,0.17,86.1,13.43,Good,35.4,69.0,Low,3.711163527421765,Low,6.731645399016981,85,76.805,Highly Recommended
1907,Volkswagen,Virtus,2024,9.57,Diesel,Automatic,1290,21.0,3,2,Yes,No,Yes,Aggressive,High,0.37,80.6,12.64,Good,28.7,73.5,Low,11.10715169495864,Medium,50.08703854360133,42,58.05,Consider
1908,Toyota,Innova,2024,15.38,Petrol,Automatic,1498,19.5,4,7,Yes,Yes,Yes,Aggressive,Medium,0.26,88.0,13.17,Moderate,32.1,74.3,Low,0.0,Medium,45.28702877393879,72,71.32499999999999,Recommended
1909,Mahindra,XUV700,2020,11.89,CNG,Manual,1197,25.2,4,6,Yes,Yes,No,Aggressive,Low,0.24,85.2,12.07,Good,29.9,73.3,Low,31.97047717562946,Low,25.296217462799333,78,67.88,Recommended
1910,Hyundai,i20,2024,9.59,CNG,Manual,1199,26.5,4,6,Yes,Yes,No,Normal,Low,0.05,90.2,13.16,Moderate,28.7,71.8,Low,2.8567000774083366,Low,21.336894144014643,78,68.075,Recommended
1911,Hyundai,Verna,2023,6.8,CNG,Manual,1290,30.5,5,2,Yes,Yes,Yes,Risky,Low,0.09,92.6,12.53,Good,31.7,100.0,Low,0.4251314235849506,Medium,38.257132989452415,79,75.125,Highly Recommended
1912,Skoda,Slavia,2026,18.52,Electric,Manual,0,368.5,4,4,Yes,Yes,Yes,Aggressive,Low,0.08,89.0,12.3,Good,31.8,100.0,Low,0.2300347975137186,Low,21.709556312997815,80,84.81875,Highly Recommended
1913,Renault,Triber,2025,12.13,Petrol,Automatic,2198,24.1,4,6,Yes,Yes,Yes,Normal,Low,0.09,79.9,12.03,Good,32.3,66.5,Low,32.1212101412023,Low,9.212188957362267,84,77.415,Highly Recommended
1914,Hyundai,Verna,2021,10.62,Petrol,Automatic,1997,21.1,4,6,Yes,Yes,Yes,Aggressive,Medium,0.25,86.2,12.4,Good,36.1,83.2,Low,1.166539227785644,Medium,33.25880734496928,80,75.16499999999999,Highly Recommended
1915,Honda,Elevate,2021,13.97,CNG,Manual,1497,28.0,4,2,Yes,Yes,Yes,Aggressive,Medium,0.2,79.1,12.12,Moderate,33.9,75.3,Low,11.819546532116004,Medium,38.67463464666708,63,67.55000000000001,Recommended
1916,Honda,Amaze,2026,13.7,Petrol,Manual,1997,18.0,4,6,Yes,Yes,Yes,Aggressive,Low,0.0,101.7,12.41,Moderate,30.4,73.6,Low,15.898312013344105,Low,21.829841394541475,76,67.9,Recommended
1917,Skoda,Kushaq,2019,8.67,Petrol,Manual,1197,22.6,4,2,Yes,Yes,Yes,Normal,Low,0.21,94.9,12.52,Good,29.1,93.9,Low,4.301350537224417,Low,16.62112392267684,78,69.49000000000001,Recommended
1918,Renault,Kiger,2023,9.63,Diesel,Manual,1497,20.2,4,2,Yes,Yes,No,Normal,Medium,0.16,89.7,12.21,Moderate,31.2,52.2,Low,19.834240454535543,Low,29.750389984035717,65,57.28,Consider
1919,Toyota,Glanza,2021,14.09,Petrol,Automatic,1197,22.6,3,4,Yes,No,Yes,Aggressive,Low,0.19,87.5,11.92,Good,31.3,79.8,Medium,39.43014620135892,Low,24.319897905490485,51,62.34,Recommended
1920,Skoda,Kushaq,2022,10.08,Petrol,Automatic,1197,15.5,3,6,Yes,No,Yes,Aggressive,High,0.49,96.1,12.4,Moderate,31.9,76.0,Low,11.13608772182773,High,56.20789947436584,42,57.225,Consider
1921,Hyundai,i20,2025,14.33,Electric,Automatic,0,346.2,4,6,Yes,Yes,Yes,Normal,Low,0.07,79.0,11.74,Moderate,35.2,86.4,Low,22.344515506581754,Low,9.534255618379142,79,88.5325,Highly Recommended
1922,Hyundai,Verna,2019,6.55,CNG,Manual,1498,29.4,4,6,Yes,Yes,Yes,Calm,Medium,0.25,90.2,11.88,Good,29.4,60.5,Medium,35.377812928511055,Low,18.366584988324178,80,75.41,Highly Recommended
1923,Toyota,Innova,2022,15.22,Petrol,Manual,1597,16.9,5,4,Yes,Yes,Yes,Risky,Medium,0.2,86.7,12.23,Good,33.7,57.8,Low,17.983895407447505,Medium,49.73420429275392,76,67.735,Recommended
1924,Maruti Suzuki,Baleno,2021,11.05,Diesel,Automatic,1197,21.1,4,6,Yes,Yes,Yes,Calm,High,0.28,89.7,12.47,Good,31.8,75.7,Low,8.192927589517076,Medium,35.56635870639496,78,74.265,Recommended
1925,Mahindra,Thar,2025,18.53,CNG,Manual,1199,25.0,2,6,Yes,No,Yes,Aggressive,Medium,0.12,101.9,13.18,Moderate,34.5,78.8,Low,17.475385278899186,Medium,32.17099276890975,41,57.2,Consider
1926,Hyundai,Exter,2019,7.02,Petrol,Manual,2198,18.1,3,4,Yes,No,Yes,Normal,Medium,0.22,91.8,13.24,Good,36.5,84.1,Low,9.912516556874817,Low,27.612340407739477,54,58.015,Consider
1927,Kia,Sonet,2024,10.58,CNG,Manual,998,25.4,4,6,Yes,Yes,Yes,Calm,Low,0.03,94.6,12.04,Good,34.7,68.3,Low,29.700066012736183,Low,4.719130456871328,86,77.51,Highly Recommended
1928,Volkswagen,Virtus,2021,13.33,Petrol,Automatic,2198,21.9,5,2,Yes,Yes,Yes,Aggressive,Medium,0.27,79.1,12.88,Good,31.2,67.9,Low,19.303967865576176,Medium,30.720100996833473,78,74.38499999999999,Recommended
1929,Renault,Kwid,2023,14.81,Petrol,Manual,1290,19.5,5,4,Yes,Yes,No,Calm,Low,0.0,90.6,12.5,Good,32.7,78.9,Low,8.780192343125039,Low,7.632402096229798,92,69.32499999999999,Recommended
1930,Tata,Harrier,2021,16.83,Petrol,Manual,1997,19.2,5,6,Yes,Yes,Yes,Normal,Low,0.17,98.3,11.81,Poor,32.0,98.0,Medium,52.90794576958061,Low,22.497016090347298,69,64.93,Recommended
1931,Renault,Triber,2019,8.48,CNG,Manual,2198,26.4,3,6,Yes,No,Yes,Calm,Low,0.16,101.2,12.23,Moderate,32.0,65.2,Low,9.604333553906914,Low,18.45706411608232,55,63.71,Recommended
1932,Mahindra,XUV700,2020,11.05,CNG,Automatic,1197,24.9,4,4,Yes,Yes,Yes,Calm,Low,0.07,81.4,12.1,Poor,30.9,61.5,Low,31.24744473445706,Low,24.344536944583517,60,70.735,Recommended
1933,Hyundai,Venue,2019,14.46,Petrol,Manual,2198,20.0,4,6,Yes,Yes,Yes,Normal,Medium,0.19,88.3,12.52,Moderate,33.1,69.3,Low,10.874433383793953,Low,29.972313764054583,74,67.30000000000001,Recommended
1934,Tata,Punch,2023,17.65,Electric,Manual,0,273.4,3,6,Yes,No,Yes,Risky,Low,0.33,91.6,12.19,Good,31.4,90.5,Low,2.6440665917273805,Medium,41.22670617114955,54,69.55250000000001,Recommended
1935,Mahindra,XUV700,2022,13.79,Diesel,Manual,1290,18.9,3,4,Yes,No,No,Normal,High,0.41,85.1,13.21,Good,27.1,72.8,Low,9.75580171401073,Low,27.108133812380792,54,52.135000000000005,Consider
1936,Toyota,Innova,2025,19.34,Electric,Manual,0,398.6,3,6,Yes,No,Yes,Normal,High,0.32,87.1,12.51,Good,35.3,100.0,Low,6.512402577231179,Medium,45.653844697078334,52,73.3475,Recommended
1937,Toyota,Glanza,2020,10.53,Diesel,Automatic,998,16.9,3,4,Yes,No,No,Normal,Medium,0.06,81.4,12.66,Moderate,31.6,79.1,Low,0.0,Medium,32.297409203661154,48,54.135000000000005,Consider
1938,Volkswagen,Virtus,2025,9.08,Petrol,Manual,2198,20.0,5,6,Yes,Yes,Yes,Calm,Low,0.08,83.4,12.84,Moderate,29.7,79.4,Low,2.2779353547161403,Low,4.5483195259470115,92,75.4,Highly Recommended
1939,Honda,Amaze,2019,8.55,Petrol,Automatic,1997,14.8,5,6,Yes,No,Yes,Aggressive,Low,0.09,90.8,12.35,Poor,34.1,65.6,Low,29.840118787851434,Medium,39.03289075643716,52,61.620000000000005,Recommended
1940,Tata,Nexon,2023,6.36,Petrol,Manual,1197,21.2,4,7,Yes,Yes,Yes,Risky,Medium,0.12,88.6,11.88,Good,32.4,86.7,Low,26.363998998818083,Medium,39.94187366031895,76,68.38,Recommended
1941,Toyota,Innova,2024,16.53,Diesel,Manual,1199,27.7,4,6,Yes,Yes,Yes,Calm,Low,0.2,93.1,12.97,Good,33.6,72.9,Low,15.966137691100755,Low,10.462296765635397,86,73.855,Recommended
1942,Kia,Sonet,2026,12.98,Electric,Manual,0,263.5,5,6,Yes,Yes,No,Risky,Low,0.13,75.9,11.81,Moderate,30.5,72.8,Low,27.488487971078527,Medium,35.465683739781156,77,73.53125,Recommended
1943,Hyundai,Creta,2020,8.69,CNG,Manual,1197,27.5,3,4,Yes,No,Yes,Aggressive,Low,0.11,101.5,12.78,Good,35.6,80.2,Low,14.526501584025127,Low,24.41668053048863,54,63.425,Recommended
1944,Tata,Nexon,2022,5.35,CNG,Automatic,1199,30.4,4,6,Yes,Yes,No,Normal,Medium,0.26,88.5,12.46,Good,28.3,100.0,Low,5.913959327719853,Low,27.113451936475165,82,75.46000000000001,Highly Recommended
1945,Toyota,Urban Cruiser,2023,5.42,Petrol,Automatic,2198,14.7,5,7,Yes,Yes,Yes,Risky,Low,0.18,80.2,12.28,Moderate,36.8,68.1,Low,6.166939848370226,Medium,45.691544216529934,79,73.755,Recommended
1946,Volkswagen,Taigun,2022,8.95,Petrol,Manual,2198,17.7,4,6,Yes,Yes,Yes,Normal,High,0.36,98.6,12.27,Good,36.2,45.0,Low,22.781009522897996,Medium,38.897969640726586,75,67.405,Recommended
1947,Tata,Punch,2024,17.36,Electric,Manual,0,327.0,3,2,Yes,No,Yes,Calm,High,0.18,89.0,12.62,Moderate,31.9,74.3,Low,9.12714059938254,Medium,32.99636207856846,42,66.1625,Recommended
1948,Volkswagen,Taigun,2021,8.55,Electric,Automatic,0,340.3,4,6,Yes,No,Yes,Normal,Low,0.3,88.4,11.98,Good,33.4,99.6,Low,14.895686500378018,Low,17.021112938234705,69,83.81125,Highly Recommended
1949,Kia,Carens,2021,16.75,Petrol,Automatic,1498,20.7,4,2,Yes,Yes,No,Normal,Low,0.13,71.1,12.4,Good,29.1,72.3,Low,15.294577580858704,Low,17.36819741774641,76,67.305,Recommended
1950,Toyota,Urban Cruiser,2020,11.41,Petrol,Manual,998,19.8,5,6,Yes,Yes,Yes,Normal,High,0.41,87.1,13.4,Poor,34.3,76.7,Low,31.000522816168576,High,58.68004887190655,60,60.97,Recommended
1951,Kia,Seltos,2019,12.02,Petrol,Manual,1997,17.4,4,6,Yes,Yes,No,Normal,High,0.26,84.0,12.16,Good,35.4,90.7,Low,0.8565786169399665,Medium,35.27778688146863,80,63.61,Recommended
1952,Volkswagen,Taigun,2024,11.68,CNG,Automatic,1497,27.4,5,6,Yes,Yes,Yes,Calm,Low,0.03,98.6,12.16,Good,30.2,87.9,Low,0.7371273400726777,Low,5.746993956682838,98,88.21000000000001,Highly Recommended
1953,Maruti Suzuki,Fronx,2025,6.34,Petrol,Manual,1498,16.0,5,6,Yes,Yes,No,Normal,Low,0.06,83.1,12.2,Good,29.9,81.5,Low,0.0,Low,12.112583631371391,96,70.6,Recommended
1954,Kia,Sonet,2019,11.46,Petrol,Manual,1199,18.4,5,6,Yes,Yes,Yes,Normal,Medium,0.26,84.9,12.11,Good,32.2,55.0,Low,15.576715966523427,Low,24.553864233508097,89,73.81,Recommended
1955,Renault,Kiger,2026,9.42,CNG,Manual,1498,27.2,5,6,Yes,Yes,No,Normal,Low,0.16,92.9,12.79,Good,34.6,49.9,Low,20.36987407828122,Low,14.91287007694473,92,74.47999999999999,Recommended
1956,Maruti Suzuki,Fronx,2020,11.37,Electric,Manual,0,379.5,5,6,Yes,Yes,Yes,Aggressive,Medium,0.25,101.2,11.95,Moderate,30.1,86.3,Low,28.25454577099975,Medium,45.08411076720047,74,82.53125,Highly Recommended
1957,Hyundai,i20,2025,14.6,Petrol,Manual,1497,17.0,4,4,Yes,Yes,Yes,Normal,Low,0.17,79.1,12.48,Good,32.0,94.8,Low,1.7847304239158344,Low,3.3776393155912317,87,72.69999999999999,Recommended
1958,Toyota,Innova,2022,15.35,Petrol,Automatic,1290,20.3,5,2,Yes,No,Yes,Normal,Medium,0.22,75.4,12.11,Good,31.8,83.7,Low,10.229916729113405,Low,24.456085372279414,67,69.195,Recommended
1959,Kia,Sonet,2025,4.5,Diesel,Automatic,1597,25.0,5,6,Yes,Yes,Yes,Calm,Low,0.03,90.8,12.66,Good,31.8,58.3,Low,13.018005906801886,Low,10.443270702526142,94,82.05000000000001,Highly Recommended
1960,Renault,Kwid,2020,9.72,CNG,Automatic,1597,26.0,3,6,Yes,No,Yes,Normal,Medium,0.14,84.3,13.18,Good,28.2,80.5,Low,5.88018128791686,Low,18.67147229923617,62,71.8,Recommended
1961,Maruti Suzuki,Swift,2024,4.5,Petrol,Automatic,1199,16.9,3,6,Yes,No,Yes,Normal,Low,0.0,90.4,12.34,Poor,30.4,80.7,Low,25.16017892224933,Low,23.651598054731146,42,57.435,Consider
1962,Mahindra,XUV 3XO,2021,12.29,Petrol,Automatic,1290,27.0,2,6,Yes,No,Yes,Aggressive,Low,0.11,95.4,12.78,Good,28.9,85.6,Low,14.572949699467138,Low,17.411613875146617,53,63.900000000000006,Recommended
1963,Kia,Seltos,2024,16.01,Petrol,Manual,1498,20.4,5,2,Yes,Yes,No,Normal,Low,0.11,79.9,12.83,Moderate,29.7,75.7,Low,6.1046711848876205,Low,21.501305237718245,78,63.160000000000004,Recommended
1964,Maruti Suzuki,Dzire,2021,10.61,Petrol,Automatic,1497,19.2,4,6,Yes,No,Yes,Normal,Medium,0.35,90.8,12.43,Moderate,29.6,99.3,Low,1.7018846978342754,Medium,30.085238927520514,60,65.88,Recommended
1965,Tata,Harrier,2024,9.92,Petrol,Automatic,1199,17.5,4,6,Yes,Yes,Yes,Aggressive,Low,0.04,95.0,11.74,Good,30.7,67.5,Low,28.978380817638264,Low,23.078093248629255,80,74.625,Recommended
1966,Kia,Seltos,2024,8.14,Petrol,Manual,1290,14.9,3,7,Yes,No,Yes,Normal,Low,0.15,91.1,13.72,Good,34.9,51.5,Low,7.73267226138119,Low,11.81203771428807,66,62.935,Recommended
1967,Toyota,Hyryder,2021,10.89,Petrol,Manual,998,18.3,5,4,Yes,Yes,No,Aggressive,Low,0.21,81.4,13.25,Good,33.5,66.9,Low,9.165908936339072,Low,23.58837169694765,86,66.445,Recommended
1968,Volkswagen,Virtus,2021,15.98,CNG,Manual,2198,26.4,4,7,Yes,Yes,Yes,Normal,Low,0.09,82.9,12.46,Good,33.2,99.1,Low,0.5673560678262468,Low,15.585711185855423,88,78.56,Highly Recommended
1969,Toyota,Urban Cruiser,2020,5.03,Petrol,Automatic,1597,16.3,4,6,Yes,Yes,Yes,Aggressive,High,0.46,82.2,12.31,Good,34.6,68.9,Low,8.614957932196297,Medium,45.17572631690815,75,72.195,Recommended
1970,Mahindra,Scorpio,2021,14.22,Diesel,Manual,1199,18.9,3,2,Yes,No,Yes,Normal,Low,0.12,84.4,12.74,Moderate,31.6,84.5,Low,3.762349670274516,Low,17.419147913315253,48,55.435,Consider
1971,Mahindra,Thar,2025,19.08,Petrol,Automatic,1597,19.5,4,2,Yes,Yes,Yes,Normal,Medium,0.35,96.5,13.04,Moderate,31.8,59.0,Low,17.300202343800045,Low,29.607956181442937,65,68.175,Recommended
1972,Volkswagen,Taigun,2022,16.67,Petrol,Manual,1197,10.1,5,2,Yes,Yes,Yes,Normal,Medium,0.07,97.3,13.07,Good,33.0,72.4,Low,4.883745858639493,Low,22.721145321913326,83,69.86500000000001,Recommended
1973,Honda,City,2020,7.99,CNG,Automatic,1997,25.0,4,4,Yes,No,Yes,Calm,Medium,0.08,86.0,12.22,Good,32.8,77.8,Low,4.199989305178294,Low,16.503875317187212,67,73.9,Recommended
1974,Skoda,Kushaq,2019,12.79,Diesel,Manual,1498,14.0,5,2,Yes,Yes,No,Aggressive,Low,0.23,93.5,11.92,Good,33.1,95.5,Low,15.021754325833912,Low,24.760769844392318,81,63.550000000000004,Recommended
1975,Honda,Amaze,2024,8.73,Petrol,Manual,1290,16.5,3,4,Yes,No,Yes,Calm,Low,0.08,98.1,12.94,Good,33.1,53.5,Low,21.673134498036504,Low,7.350362719186259,59,60.025000000000006,Recommended
1976,Honda,Elevate,2022,9.56,Electric,Manual,0,442.4,4,6,Yes,Yes,Yes,Normal,Low,0.18,81.4,12.36,Moderate,32.6,79.3,Low,2.6336704629302012,Low,14.869252495368247,80,86.0,Highly Recommended
1977,Volkswagen,Virtus,2026,14.09,Petrol,Manual,1199,24.3,4,6,Yes,Yes,Yes,Risky,Medium,0.26,91.6,11.85,Moderate,31.9,97.0,Low,29.15815251342999,High,58.62452325194901,61,62.095,Recommended
1978,Kia,Carens,2019,14.28,Petrol,Manual,1498,22.4,5,2,Yes,Yes,Yes,Normal,Low,0.06,103.9,12.46,Good,32.0,71.8,Low,17.000536000370126,Low,9.571961456089724,86,73.06,Recommended
1979,Hyundai,Verna,2021,8.41,Petrol,Manual,1290,24.2,4,6,Yes,Yes,No,Normal,Medium,0.23,94.2,12.85,Good,27.7,86.9,Low,10.404287021468441,Low,22.409961336725747,83,65.98,Recommended
1980,Volkswagen,Virtus,2023,5.58,Petrol,Automatic,1497,18.4,2,4,Yes,No,Yes,Aggressive,Low,0.1,87.9,12.37,Poor,35.3,57.7,Low,25.059010386706216,Low,29.50220938450373,28,51.36,Consider
1981,Honda,Elevate,2021,11.15,CNG,Manual,1497,18.1,5,6,Yes,Yes,No,Normal,Medium,0.21,90.3,12.52,Good,32.2,100.0,Low,4.188288227692169,Low,22.901128780076473,91,72.665,Recommended
1982,Honda,City,2021,17.36,Petrol,Automatic,1290,18.9,4,6,Yes,No,Yes,Aggressive,Low,0.0,83.8,12.13,Moderate,30.1,78.5,Low,11.965026274945153,Low,27.442448534888847,60,65.83500000000001,Recommended
1983,Hyundai,Verna,2025,14.5,Diesel,Automatic,1498,18.8,3,4,Yes,No,Yes,Normal,High,0.28,81.4,12.21,Moderate,29.7,82.0,Low,4.510839357809614,Medium,45.23162286091205,42,57.72,Consider
1984,Toyota,Glanza,2019,14.31,Electric,Automatic,0,351.2,5,2,Yes,Yes,No,Aggressive,Medium,0.3,93.4,12.56,Good,30.8,55.5,Low,15.6469614799266,Medium,33.99393982474504,78,82.27000000000001,Highly Recommended
1985,Kia,Seltos,2020,7.14,Petrol,Manual,1290,20.8,4,6,Yes,Yes,Yes,Normal,Low,0.11,80.8,13.06,Good,35.0,56.9,Low,12.072808585080281,Low,5.064200849026869,88,73.72,Recommended
1986,Hyundai,Venue,2019,9.04,CNG,Manual,1997,20.0,4,6,Yes,Yes,Yes,Normal,Medium,0.17,88.9,12.18,Poor,32.3,72.7,Low,24.86357217528175,Medium,33.168689758993956,62,65.9,Recommended
1987,Renault,Kiger,2026,9.4,Petrol,Manual,1497,21.9,4,4,Yes,No,Yes,Normal,Low,0.31,107.5,12.4,Poor,33.6,100.0,Low,22.188621288480594,Medium,35.792208942131694,42,53.185,Consider
1988,Kia,Carens,2021,16.7,Electric,Automatic,0,346.3,5,6,Yes,Yes,Yes,Normal,Medium,0.26,92.1,12.2,Good,29.3,81.7,Low,8.013854140947938,Low,24.674715115091153,90,93.48625,Highly Recommended
1989,Honda,Amaze,2024,14.5,Petrol,Automatic,1197,19.1,3,7,Yes,No,No,Normal,Low,0.09,80.0,12.99,Good,34.0,77.1,Low,11.771289698625399,Low,8.504711510453735,66,62.565,Recommended
1990,Kia,Carens,2023,12.15,CNG,Manual,1197,19.6,5,6,Yes,Yes,Yes,Normal,High,0.19,86.0,12.28,Good,36.2,100.0,Low,5.791293895254221,Medium,36.12967054361732,86,76.64,Highly Recommended
1991,Tata,Harrier,2020,10.87,Diesel,Automatic,1498,23.2,4,6,Yes,No,Yes,Calm,High,0.26,89.1,12.39,Poor,35.8,59.2,Low,32.551490164781185,Medium,51.976436697449216,39,57.03,Consider
1992,Hyundai,Venue,2026,5.23,CNG,Manual,1290,24.4,3,4,Yes,No,Yes,Normal,Low,0.26,85.0,12.72,Good,31.4,95.0,Low,3.1911834289918155,Low,10.395821918145424,61,66.11,Recommended
1993,Skoda,Kushaq,2024,14.91,Diesel,Manual,1597,24.2,4,6,Yes,Yes,No,Risky,Low,0.11,81.6,12.57,Good,25.6,94.6,Low,6.944453615056203,Medium,34.2483211395523,79,64.18,Recommended
1994,Mahindra,XUV700,2023,16.1,Petrol,Manual,1597,22.3,5,7,Yes,Yes,Yes,Calm,Medium,0.29,90.1,12.59,Good,33.0,100.0,Low,0.9264320259930097,Low,23.023862036770936,94,76.64500000000001,Highly Recommended
1995,Hyundai,Exter,2022,4.5,Petrol,Manual,1597,21.8,5,6,Yes,Yes,No,Normal,High,0.36,87.6,13.2,Good,32.1,86.1,Low,6.883944884881107,Medium,39.37209132017706,85,66.52000000000001,Recommended
1996,Kia,Sonet,2023,15.53,Electric,Manual,0,385.8,4,6,Yes,Yes,Yes,Normal,High,0.31,90.6,12.37,Moderate,34.5,100.0,Low,1.7635067944290013,Medium,47.54259961038921,69,80.5175,Highly Recommended
1997,Kia,Seltos,2020,9.71,Diesel,Manual,1997,20.4,5,7,Yes,Yes,No,Normal,Low,0.12,86.4,12.5,Moderate,35.8,67.6,Low,8.517442523180863,Low,11.882995447926762,91,69.01,Recommended
1998,Volkswagen,Taigun,2020,13.27,Electric,Manual,0,288.7,4,2,Yes,Yes,Yes,Normal,Medium,0.2,80.5,12.65,Good,32.4,79.0,Low,8.417422985352024,Low,15.520856209019975,77,80.47625,Highly Recommended
1999,Maruti Suzuki,Fronx,2022,13.97,Electric,Manual,0,322.3,4,2,Yes,Yes,Yes,Normal,Low,0.17,86.5,12.09,Good,38.0,45.4,Medium,40.274025417780216,Low,11.224862197997213,74,80.38625,Highly Recommended
2000,Maruti Suzuki,Baleno,2023,9.66,Petrol,Manual,1597,11.4,5,6,Yes,Yes,Yes,Normal,Low,0.23,90.6,12.85,Good,31.1,84.6,Low,0.0,Low,8.280636418024725,97,76.36,Highly Recommended
2001,Volkswagen,Taigun,2024,12.64,CNG,Manual,1290,23.2,4,6,Yes,Yes,No,Calm,High,0.36,78.3,12.01,Moderate,30.4,90.1,Low,18.053177075378116,Medium,40.14001587603739,69,63.53,Recommended
2002,Hyundai,i20,2023,14.68,CNG,Manual,1997,25.7,3,6,Yes,No,Yes,Normal,Low,0.08,89.1,11.33,Poor,28.7,68.0,Medium,52.493414368731415,Low,27.71110787752848,36,55.055,Consider
2003,Volkswagen,Virtus,2026,13.48,Electric,Automatic,0,373.0,2,6,Yes,No,Yes,Aggressive,Low,0.21,75.5,11.94,Good,26.2,74.8,Low,33.05032656621057,Low,26.786555294637623,47,75.1375,Highly Recommended
2004,Skoda,Slavia,2025,11.77,Petrol,Automatic,1199,17.3,3,2,Yes,No,Yes,Normal,Low,0.13,79.9,13.08,Moderate,28.1,76.9,Low,9.12183184526485,Low,9.314650751288413,50,61.095,Recommended
2005,Honda,Amaze,2025,7.61,Petrol,Automatic,1498,18.6,5,4,Yes,Yes,Yes,Risky,Low,0.13,91.2,12.21,Good,31.0,73.5,Low,20.695986532535567,Medium,36.85297195048412,80,74.78999999999999,Recommended
2006,Honda,Elevate,2022,13.89,CNG,Automatic,1290,24.4,4,6,Yes,Yes,Yes,Normal,Medium,0.23,81.3,12.6,Poor,32.5,77.1,Medium,35.71799607524878,Medium,32.132439457455824,60,70.66,Recommended
2007,Mahindra,XUV700,2019,15.08,Diesel,Manual,1197,20.4,4,7,Yes,Yes,Yes,Normal,Low,0.08,85.3,12.88,Good,28.1,88.1,Low,11.584179031393393,Low,13.612376415192625,87,73.21000000000001,Recommended
2008,Mahindra,Scorpio,2020,17.08,Petrol,Manual,1997,16.3,5,4,Yes,No,Yes,Normal,Medium,0.25,92.9,12.42,Moderate,33.0,90.0,Low,7.580307938924239,Low,21.93021515492562,66,63.144999999999996,Recommended
2009,Kia,Seltos,2022,19.09,Electric,Manual,0,337.2,3,6,Yes,No,No,Normal,Low,0.23,83.5,13.07,Good,30.4,58.1,Low,22.591769692717865,Low,19.165043786189784,59,68.195,Recommended
2010,Kia,Carens,2022,9.94,CNG,Manual,1197,23.1,4,6,Yes,Yes,Yes,Normal,Low,0.09,81.9,12.93,Poor,30.8,85.8,Low,24.432626362717695,Low,22.722203266337253,65,67.715,Recommended
2011,Skoda,Slavia,2023,11.45,Petrol,Manual,998,22.0,4,4,Yes,Yes,No,Normal,Low,0.09,92.4,13.26,Poor,31.7,77.7,Low,34.69482356831327,Low,25.350810390441996,59,54.85,Consider
2012,Honda,City,2021,11.32,CNG,Automatic,1497,26.2,5,2,Yes,Yes,No,Normal,Medium,0.04,89.2,12.05,Moderate,34.0,80.8,Low,31.307161193784992,Low,25.778286565827067,72,70.33,Recommended
2013,Maruti Suzuki,Brezza,2023,6.46,Petrol,Manual,1290,12.4,5,6,Yes,Yes,No,Calm,Low,0.09,88.6,12.18,Moderate,30.7,61.9,Low,13.23541800957703,Low,10.024258580304604,89,66.91,Recommended
2014,Renault,Kiger,2019,10.83,Diesel,Automatic,1290,19.1,5,2,Yes,Yes,Yes,Normal,Low,0.01,79.7,13.26,Good,29.1,77.3,Low,14.264883704197896,Low,7.145901239679551,87,78.015,Highly Recommended
2015,Mahindra,Scorpio,2023,16.84,CNG,Automatic,998,21.2,4,6,Yes,Yes,Yes,Risky,Low,0.07,82.6,12.69,Good,29.6,62.7,Low,7.375861533405337,Medium,37.726111959515016,78,78.28,Highly Recommended
2016,Toyota,Glanza,2025,15.9,CNG,Manual,1498,20.4,4,2,Yes,Yes,Yes,Normal,Medium,0.17,86.9,13.01,Good,31.6,76.5,Low,0.0,Low,19.112432520815304,77,72.71000000000001,Recommended
2017,Skoda,Kushaq,2020,12.74,Diesel,Manual,1199,18.8,5,6,Yes,Yes,Yes,Normal,Low,0.07,101.8,12.24,Poor,29.4,80.1,Medium,38.29460206182431,Low,21.530136614924675,72,66.22,Recommended
2018,Maruti Suzuki,Dzire,2023,14.57,Petrol,Automatic,1597,17.7,5,2,Yes,Yes,No,Normal,Medium,0.21,88.6,12.18,Poor,32.2,88.3,Low,20.699722594378557,Medium,30.480770942850377,63,61.005,Recommended
2019,Honda,City,2025,14.31,Diesel,Manual,998,26.4,3,6,Yes,No,Yes,Calm,Low,0.1,80.1,12.77,Good,31.7,81.1,Low,1.7772165761860483,Low,5.909850437426118,67,65.11,Recommended
2020,Tata,Altroz,2023,8.86,CNG,Manual,1597,19.1,3,4,Yes,No,Yes,Aggressive,High,0.35,87.9,12.2,Moderate,28.7,82.9,Low,2.596182674610625,Medium,53.292288024151226,40,55.865,Consider
2021,Renault,Kwid,2022,7.39,Diesel,Manual,1290,24.1,5,2,Yes,Yes,Yes,Calm,Low,0.15,101.3,13.3,Good,31.3,86.0,Low,7.429428557910213,Low,19.844883355752174,84,72.415,Recommended
2022,Maruti Suzuki,Baleno,2019,7.21,Petrol,Manual,998,21.7,5,6,Yes,Yes,Yes,Normal,Medium,0.21,97.7,12.67,Moderate,31.4,84.4,Low,2.7675601564962893,Low,29.232411339766355,83,71.605,Recommended
2023,Renault,Kwid,2025,10.54,Petrol,Manual,1197,25.3,4,6,Yes,Yes,Yes,Normal,Low,0.12,86.5,12.85,Good,33.5,82.8,Low,8.733510396668319,Low,10.601250844879504,87,73.945,Recommended
2024,Renault,Triber,2019,9.74,CNG,Manual,998,16.9,5,2,Yes,Yes,No,Risky,Medium,0.28,96.9,12.68,Good,32.4,70.7,Low,14.513282480635095,High,55.37371058849564,70,63.035,Recommended
2025,Honda,Elevate,2020,11.04,Petrol,Manual,998,20.9,3,2,Yes,No,Yes,Normal,Medium,0.27,96.6,12.71,Moderate,31.9,82.4,Low,17.262672004131915,Medium,33.08239197483897,41,52.585,Consider
2026,Skoda,Kushaq,2021,7.43,Petrol,Manual,1497,21.4,5,2,Yes,Yes,Yes,Calm,Medium,0.2,82.2,12.93,Good,33.6,75.3,Low,3.1720440027014085,Low,18.94065623019548,85,72.46000000000001,Recommended
2027,Hyundai,Exter,2026,16.31,CNG,Manual,1497,24.6,5,4,Yes,Yes,No,Normal,Low,0.0,78.3,12.75,Moderate,29.7,73.2,Low,18.07085290070105,Low,20.126926931740655,80,68.69,Recommended
2028,Maruti Suzuki,Brezza,2020,7.87,Petrol,Automatic,1497,12.2,3,6,Yes,No,No,Normal,Medium,0.26,92.8,12.08,Good,29.6,88.7,Low,31.468270798331776,Low,27.09261429515885,55,56.58,Consider
2029,Maruti Suzuki,Dzire,2021,4.5,Petrol,Automatic,998,23.6,4,6,Yes,No,Yes,Normal,Medium,0.23,88.8,12.06,Good,31.0,72.8,Low,26.81297963832339,Low,23.4908792808743,65,68.78999999999999,Recommended
2030,Honda,Amaze,2025,8.75,CNG,Manual,1497,27.8,3,6,Yes,No,Yes,Normal,Low,0.08,86.1,12.79,Good,31.2,89.1,Low,4.12353988352244,Low,9.232848022163619,65,68.42,Recommended
2031,Honda,Amaze,2024,7.23,Petrol,Manual,1597,22.5,2,6,Yes,No,Yes,Normal,Medium,0.28,81.5,12.92,Good,28.8,73.2,Low,11.853335421137777,Low,24.758248751877844,51,57.325,Consider
2032,Honda,Amaze,2024,10.0,Diesel,Automatic,2198,17.0,3,6,Yes,No,Yes,Aggressive,Low,0.19,81.6,12.77,Moderate,32.7,80.2,Low,5.183450712153853,Low,28.07028008442468,52,61.95,Recommended
2033,Tata,Punch,2023,12.71,CNG,Automatic,998,21.1,2,6,Yes,No,Yes,Aggressive,Low,0.17,101.9,11.81,Good,28.1,92.2,Low,28.1997117607039,Low,22.807580366172125,49,65.215,Recommended
2034,Toyota,Urban Cruiser,2024,14.52,Diesel,Automatic,1498,19.6,4,6,Yes,Yes,Yes,Normal,Low,0.12,85.7,12.09,Moderate,37.9,100.0,Low,20.60707846094655,Low,18.776421010369145,76,73.14,Recommended
2035,Tata,Harrier,2020,9.48,Petrol,Manual,2198,24.0,5,6,Yes,Yes,Yes,Normal,Low,0.06,84.4,11.85,Good,32.6,93.6,Low,26.81016026710713,Low,12.919359375803113,91,75.55000000000001,Highly Recommended
2036,Kia,Sonet,2022,17.34,Electric,Manual,0,403.0,3,6,Yes,No,Yes,Aggressive,Low,0.14,87.6,12.27,Good,29.7,70.3,Low,10.214352651062159,Low,15.656575302434888,62,77.9,Highly Recommended
2037,Toyota,Innova,2023,15.06,Petrol,Manual,1498,19.3,4,7,Yes,Yes,Yes,Calm,Medium,0.27,84.3,13.05,Moderate,25.4,59.3,Low,2.38538834556981,Low,23.864681671578627,79,69.44500000000001,Recommended
2038,Mahindra,XUV700,2021,15.77,Electric,Automatic,0,303.1,4,4,Yes,Yes,Yes,Normal,Low,0.08,104.9,11.68,Good,27.8,50.4,Low,34.474320351374594,Low,14.067028588295859,78,86.46625,Highly Recommended
2039,Volkswagen,Taigun,2026,17.29,Electric,Automatic,0,372.8,5,6,Yes,No,Yes,Normal,High,0.25,84.3,12.31,Moderate,29.1,42.2,Low,20.199497839365048,Medium,36.972937623565066,63,82.33,Highly Recommended
2040,Hyundai,Creta,2020,8.83,Petrol,Manual,998,22.0,5,6,Yes,Yes,Yes,Normal,Low,0.11,88.7,12.93,Good,31.9,82.5,Low,4.629943566031128,Low,15.067157490210429,94,76.6,Highly Recommended
2041,Maruti Suzuki,Baleno,2024,5.67,Petrol,Automatic,1199,16.0,4,6,Yes,Yes,No,Normal,Medium,0.14,89.0,12.28,Good,28.6,74.8,Low,1.2996792663035528,Low,27.63611867136271,82,69.3,Recommended
2042,Volkswagen,Virtus,2021,12.93,Petrol,Automatic,1199,25.6,3,6,Yes,No,Yes,Normal,Low,0.18,93.2,12.95,Moderate,29.6,95.8,Low,0.0,Low,26.045594840614463,54,64.14,Recommended
2043,Skoda,Slavia,2022,7.39,Petrol,Automatic,1199,22.2,5,4,Yes,Yes,Yes,Normal,Low,0.09,86.6,11.93,Moderate,35.8,80.7,Low,28.752336686434987,Low,13.65269560844278,81,75.78,Highly Recommended
2044,Volkswagen,Taigun,2024,8.44,CNG,Automatic,1997,18.9,4,6,Yes,Yes,Yes,Normal,Low,0.21,104.0,12.81,Good,30.5,69.6,Low,18.776346285173503,Low,19.691592738787115,82,79.735,Highly Recommended
2045,Honda,City,2025,9.54,CNG,Manual,1290,25.4,4,4,Yes,No,Yes,Normal,Low,0.17,97.2,12.8,Good,30.7,72.8,Low,15.392516232580057,Low,11.947005269959005,67,68.96000000000001,Recommended
2046,Kia,Sonet,2025,12.43,Petrol,Manual,998,17.3,3,6,Yes,No,No,Normal,Low,0.07,84.2,12.37,Moderate,35.9,87.1,Low,9.63167603970593,Low,14.66290313325316,56,52.795,Consider
2047,Renault,Kiger,2020,15.26,Electric,Automatic,0,435.7,3,6,Yes,No,Yes,Normal,Low,0.15,91.6,12.87,Good,30.2,85.8,Low,1.875390121795029,Low,6.894368021751955,66,84.7,Highly Recommended
2048,Volkswagen,Virtus,2019,11.13,Petrol,Manual,1199,20.3,4,4,Yes,Yes,Yes,Normal,Low,0.1,88.2,12.63,Moderate,31.7,80.8,Low,9.258436408716467,Low,16.695658669977366,75,67.795,Recommended
2049,Toyota,Innova,2026,10.4,Petrol,Manual,1197,16.7,2,2,Yes,No,No,Normal,Medium,0.13,85.9,11.7,Good,32.5,88.2,Low,18.984896686996784,Low,23.245491130447174,42,46.405,Consider
2050,Maruti Suzuki,Brezza,2024,7.99,Diesel,Automatic,2198,21.4,5,6,Yes,Yes,Yes,Normal,High,0.36,88.0,12.44,Moderate,30.2,63.1,Low,13.468805443833277,Medium,48.99336239338365,75,72.96000000000001,Recommended
2051,Volkswagen,Virtus,2024,12.26,Petrol,Automatic,1997,17.8,4,6,Yes,Yes,Yes,Calm,Medium,0.0,87.4,12.45,Good,35.7,92.0,Low,0.0,Low,10.92996890627444,88,78.27000000000001,Highly Recommended
2052,Volkswagen,Taigun,2023,10.69,Petrol,Automatic,2198,14.6,4,2,Yes,Yes,Yes,Calm,High,0.34,92.2,11.85,Moderate,33.3,68.3,Low,33.75773364272164,Medium,35.21508133246037,61,65.64,Recommended
2053,Skoda,Slavia,2025,11.62,Petrol,Manual,998,18.6,4,2,Yes,No,Yes,Normal,Low,0.0,86.1,12.82,Good,31.4,77.2,Low,5.494068432836164,Low,8.806804230154778,65,63.04,Recommended
2054,Maruti Suzuki,Brezza,2025,4.5,Petrol,Automatic,1597,17.9,5,7,Yes,Yes,No,Normal,Medium,0.09,94.3,12.1,Good,30.7,47.0,Low,29.199561514095898,Low,20.356928181847987,90,73.185,Recommended
2055,Volkswagen,Taigun,2026,6.24,Petrol,Automatic,1290,13.3,4,2,Yes,Yes,Yes,Normal,Low,0.06,92.3,12.17,Good,31.7,87.5,Low,14.657404558361067,Low,19.32176976864322,75,71.745,Recommended
2056,Volkswagen,Taigun,2022,8.54,Petrol,Manual,1498,16.7,2,2,Yes,No,No,Risky,Low,0.04,96.3,12.45,Good,27.8,85.3,Low,6.368018500259531,Medium,34.64072381408886,40,45.504999999999995,Consider
2057,Mahindra,Thar,2024,13.13,CNG,Manual,1497,27.7,3,6,Yes,No,Yes,Aggressive,Medium,0.17,93.5,13.15,Good,31.9,76.5,Low,7.6220817766852615,Medium,37.897644673933655,55,63.905,Recommended
2058,Tata,Nexon,2020,14.29,Electric,Automatic,0,352.4,3,6,Yes,No,Yes,Normal,Low,0.15,88.5,13.08,Good,30.2,52.6,Low,12.483869376597664,Low,18.5249424474013,61,80.66499999999999,Highly Recommended
2059,Kia,Sonet,2019,5.39,Petrol,Automatic,2198,22.3,3,6,Yes,No,No,Calm,Low,0.0,92.4,12.9,Good,34.2,95.6,Low,5.368612974591105,Low,-2.664889671640088,69,64.39500000000001,Recommended
2060,Renault,Kiger,2024,5.71,Petrol,Automatic,1498,16.8,5,4,Yes,No,Yes,Normal,Low,0.02,78.1,13.09,Good,33.2,81.2,Low,7.887454111200631,Low,11.779787072842428,76,72.72,Recommended
2061,Mahindra,Thar,2026,15.62,Petrol,Manual,1199,14.9,4,6,Yes,Yes,Yes,Normal,Medium,0.28,86.4,12.46,Good,33.8,59.5,Low,17.35827020153887,Low,19.767633877987322,82,70.13499999999999,Recommended
2062,Honda,City,2024,5.85,Diesel,Automatic,1498,22.7,5,6,Yes,Yes,Yes,Calm,Medium,0.24,77.7,12.84,Good,33.7,70.5,Low,14.024748270766716,Low,24.990525803547904,89,79.45500000000001,Highly Recommended
2063,Skoda,Kushaq,2024,14.64,Petrol,Manual,1197,22.6,5,6,Yes,Yes,No,Normal,Medium,0.34,81.8,13.18,Good,31.5,64.4,Low,13.44157050020458,Low,26.942708015222316,89,68.44,Recommended
2064,Honda,Elevate,2025,15.2,Petrol,Automatic,2198,25.0,4,7,Yes,Yes,Yes,Aggressive,Medium,0.17,89.4,12.05,Good,30.9,91.5,Low,21.90059269563043,Medium,31.47506765219884,80,75.75,Highly Recommended
2065,Mahindra,XUV 3XO,2021,11.45,CNG,Automatic,998,23.8,5,2,Yes,Yes,Yes,Calm,Low,0.2,99.1,12.51,Good,35.2,88.5,Low,12.45999424305686,Low,7.6217068221352555,87,82.72,Highly Recommended
2066,Tata,Punch,2023,5.74,CNG,Manual,1997,24.8,4,4,Yes,Yes,Yes,Calm,Low,0.07,93.2,12.88,Good,34.3,81.8,Low,5.379930444353729,Low,3.619373609132284,86,77.42,Highly Recommended
2067,Mahindra,XUV 3XO,2022,13.57,Petrol,Manual,1290,15.3,5,2,Yes,Yes,No,Normal,Medium,0.16,93.7,11.9,Good,32.7,74.2,Low,23.798088560683468,Low,17.592086557284333,82,64.195,Recommended
2068,Volkswagen,Taigun,2022,12.66,Petrol,Manual,1997,27.3,5,6,Yes,Yes,Yes,Calm,Medium,0.26,71.7,12.57,Good,30.2,58.6,Low,12.66598048064915,Low,18.133571732220837,92,76.495,Highly Recommended
2069,Mahindra,XUV 3XO,2026,9.99,Diesel,Manual,2198,19.4,4,6,Yes,Yes,Yes,Normal,Low,0.21,97.1,13.14,Good,35.2,84.1,Low,5.00422245624642,Low,11.685924632390943,87,73.06,Recommended
2070,Renault,Kiger,2019,5.4,Diesel,Automatic,1197,25.1,4,6,Yes,Yes,No,Normal,Low,0.32,76.4,12.62,Poor,34.5,83.5,Medium,35.229333243501756,Low,29.35858339840997,61,61.215,Recommended
2071,Tata,Altroz,2025,11.74,CNG,Manual,1197,23.9,4,4,Yes,No,Yes,Calm,High,0.29,96.1,13.1,Moderate,32.4,76.8,Low,17.054879804494377,Medium,36.666614223542716,52,61.985,Recommended
2072,Maruti Suzuki,Swift,2026,9.3,CNG,Automatic,998,29.6,4,2,Yes,No,Yes,Aggressive,Low,0.13,77.4,12.55,Good,28.7,66.2,Low,9.84560527437274,Low,22.264294612681194,60,71.44,Recommended
2073,Maruti Suzuki,Baleno,2024,10.51,Diesel,Manual,1597,19.1,4,7,Yes,Yes,No,Calm,Low,0.1,79.4,12.6,Good,30.7,70.3,Low,14.364444056396557,Low,14.840884485224581,87,67.015,Recommended
2074,Maruti Suzuki,Fronx,2022,4.5,Petrol,Manual,1498,18.5,4,6,Yes,Yes,No,Calm,Medium,0.15,98.7,12.03,Good,32.7,71.4,Low,34.80316969439629,Low,21.45150294282226,79,63.325,Recommended
2075,Mahindra,XUV700,2020,21.57,Electric,Automatic,0,272.9,5,6,Yes,Yes,Yes,Aggressive,Low,0.13,94.2,12.34,Good,35.5,84.5,Low,10.152417807218912,Low,21.224181714754575,91,91.18375,Highly Recommended
2076,Renault,Triber,2025,12.28,Electric,Manual,0,400.0,4,2,Yes,Yes,Yes,Normal,High,0.27,93.0,12.22,Moderate,31.3,100.0,Low,0.0,Medium,35.367134301316,66,79.7,Highly Recommended
2077,Toyota,Urban Cruiser,2024,9.48,Petrol,Manual,1497,19.6,4,6,Yes,Yes,Yes,Risky,Medium,0.17,91.8,12.22,Moderate,32.1,94.7,Low,5.307863776486222,Medium,54.42734103824194,66,63.64,Recommended
2078,Toyota,Innova,2020,7.54,Diesel,Manual,1290,24.6,3,6,Yes,No,Yes,Normal,Low,0.1,82.4,12.7,Moderate,31.3,97.7,Low,5.532346004244369,Low,19.25905597799674,55,59.44,Consider
2079,Tata,Curvv,2023,12.58,Electric,Manual,0,358.1,4,6,Yes,Yes,No,Calm,High,0.36,82.2,12.46,Moderate,30.1,100.0,Low,0.0,Medium,36.7568550937826,73,75.27875,Highly Recommended
2080,Volkswagen,Taigun,2024,16.13,Petrol,Manual,1197,18.8,5,6,Yes,No,No,Normal,Low,0.03,100.8,12.54,Moderate,33.2,77.7,Low,13.813321823389794,Low,15.93892509875221,71,59.769999999999996,Consider
2081,Volkswagen,Virtus,2019,12.91,CNG,Manual,1199,19.0,5,4,Yes,Yes,Yes,Aggressive,Low,0.03,91.0,12.52,Good,30.1,100.0,Low,0.0,Low,18.79360513389386,89,77.9,Highly Recommended
2082,Kia,Carens,2022,16.79,Electric,Manual,0,397.1,3,2,Yes,No,No,Risky,Low,0.13,73.8,12.7,Good,33.9,67.1,Low,13.15413634002977,Medium,34.51805443757735,47,65.04125,Recommended
2083,Volkswagen,Virtus,2022,11.58,Petrol,Manual,998,21.1,5,6,Yes,Yes,Yes,Normal,Low,0.18,73.0,12.24,Poor,36.8,77.6,Low,15.651854012086426,Low,24.3311240972908,74,67.465,Recommended
2084,Tata,Curvv,2022,12.39,Petrol,Automatic,1290,21.0,5,2,Yes,Yes,Yes,Calm,Low,0.19,75.5,13.0,Moderate,31.0,78.3,Low,3.0501201833177136,Low,8.273106028658756,83,76.5,Highly Recommended
2085,Renault,Triber,2021,10.82,Diesel,Manual,1199,17.1,5,6,Yes,Yes,No,Aggressive,Low,0.29,90.9,12.8,Good,32.7,95.2,Low,4.518626293426516,Low,28.65263031520861,89,67.61500000000001,Recommended
2086,Kia,Sonet,2019,12.45,Petrol,Automatic,1597,23.7,5,6,Yes,Yes,Yes,Normal,Low,0.11,87.3,13.01,Moderate,32.4,100.0,Low,0.9499349213305079,Low,21.33168127272868,86,78.255,Highly Recommended
2087,Renault,Triber,2025,7.76,Petrol,Automatic,1199,17.4,4,6,Yes,Yes,Yes,Aggressive,Low,0.2,88.8,12.1,Good,33.0,83.9,Low,0.0,Low,23.253515953175548,84,76.41,Highly Recommended
2088,Honda,Amaze,2020,8.31,CNG,Manual,1997,27.4,4,7,Yes,Yes,Yes,Normal,Medium,0.19,79.2,12.36,Good,35.6,57.8,Low,17.862078976065995,Medium,30.662515824971457,81,75.56,Highly Recommended
2089,Hyundai,Exter,2020,12.18,Petrol,Manual,1290,10.9,5,2,Yes,Yes,Yes,Aggressive,High,0.32,87.1,12.9,Good,28.6,68.4,Low,6.61543818758787,Medium,46.980531389304915,75,66.38499999999999,Recommended
2090,Kia,Sonet,2023,8.91,CNG,Manual,1597,23.0,3,6,Yes,No,Yes,Calm,Low,0.06,95.1,12.4,Moderate,32.9,95.4,Low,2.5386388512625055,Low,8.429517928604549,60,65.45,Recommended
2091,Maruti Suzuki,Baleno,2025,11.65,Electric,Manual,0,311.5,4,6,Yes,Yes,No,Normal,Medium,0.22,89.3,13.05,Moderate,29.8,71.7,Low,8.539855755793955,Medium,33.02615643176331,73,73.53125,Recommended
2092,Honda,Amaze,2020,14.9,Petrol,Manual,1497,19.8,3,6,Yes,No,No,Aggressive,High,0.41,89.9,13.05,Moderate,32.3,71.7,Low,10.520144790861988,High,55.788773423530635,42,46.870000000000005,Consider
2093,Renault,Triber,2021,10.7,Electric,Manual,0,314.0,3,6,Yes,No,Yes,Normal,High,0.37,89.4,12.67,Good,31.5,63.3,Low,14.780871828302011,Medium,47.23322092204424,50,69.275,Recommended
2094,Volkswagen,Taigun,2026,10.02,Petrol,Automatic,1498,18.4,3,2,Yes,No,Yes,Normal,Low,0.08,97.9,11.49,Poor,29.9,77.9,Medium,49.430464468888275,Low,22.7958115690171,31,52.71,Consider
2095,Toyota,Innova,2025,13.81,CNG,Automatic,1290,28.3,5,7,Yes,Yes,No,Normal,Medium,0.29,89.8,13.02,Moderate,27.6,72.1,Low,9.883684448925598,Low,22.596388821630654,87,77.395,Highly Recommended
2096,Volkswagen,Taigun,2024,12.03,Electric,Manual,0,418.8,4,4,Yes,Yes,Yes,Aggressive,Medium,0.25,87.4,12.69,Good,32.5,72.9,Low,6.987833096598784,Medium,31.33576327219956,76,84.2,Highly Recommended
2097,Mahindra,XUV 3XO,2026,20.39,Diesel,Manual,1498,20.6,5,2,Yes,Yes,Yes,Normal,Medium,0.3,103.4,12.39,Good,33.1,66.5,Low,14.152125089157964,Low,26.597430723667664,81,70.54,Recommended
2098,Toyota,Innova,2021,14.14,Petrol,Automatic,1199,20.6,5,4,Yes,No,Yes,Normal,Low,0.11,77.6,12.38,Moderate,32.3,71.3,Low,12.573080032776042,Low,10.757896917780759,69,70.14,Recommended
2099,Volkswagen,Taigun,2026,13.07,Diesel,Manual,2198,20.3,5,7,Yes,Yes,Yes,Normal,Low,0.0,95.4,12.27,Good,33.1,92.5,Low,7.7881277309756785,Low,12.97270036797767,96,77.245,Highly Recommended
2100,Toyota,Glanza,2024,14.76,Petrol,Automatic,2198,16.1,4,6,Yes,Yes,Yes,Aggressive,Medium,0.13,103.3,11.96,Good,31.7,44.5,Medium,52.83518887998577,Medium,32.92929936873244,73,71.265,Recommended
2101,Volkswagen,Taigun,2021,12.39,Petrol,Manual,1997,19.9,4,6,Yes,Yes,No,Normal,Low,0.1,94.5,11.85,Good,30.4,41.0,Medium,36.86305328140106,Low,10.769859459957972,83,65.33500000000001,Recommended
2102,Hyundai,Verna,2025,8.71,Petrol,Automatic,1498,19.9,5,6,Yes,Yes,Yes,Calm,Low,0.1,81.1,13.0,Poor,29.1,62.2,Low,34.624004641033665,Low,21.489134034618242,72,71.38499999999999,Recommended
2103,Mahindra,XUV700,2020,15.92,Electric,Automatic,0,389.7,4,4,Yes,Yes,No,Aggressive,Low,0.09,93.4,12.01,Moderate,27.3,80.9,Low,28.646873688299376,Low,28.45443850656433,68,79.21375,Highly Recommended
2104,Volkswagen,Virtus,2019,14.35,Diesel,Automatic,1597,22.9,3,6,Yes,No,Yes,Normal,Low,0.11,107.7,12.27,Poor,31.6,45.3,Medium,48.9516271479483,Low,28.67692321006494,37,56.085,Consider
2105,Maruti Suzuki,Fronx,2022,10.19,Petrol,Manual,998,17.5,4,2,Yes,No,Yes,Normal,Medium,0.13,84.0,13.55,Moderate,33.9,58.4,Low,9.144593534631365,Low,25.846273320206265,53,57.475,Consider
2106,Hyundai,i20,2022,14.78,CNG,Manual,2198,26.3,3,2,Yes,No,No,Calm,Low,0.14,79.5,12.61,Moderate,30.6,91.3,Low,0.0,Low,19.54281777224261,48,54.545,Consider
2107,Maruti Suzuki,Brezza,2022,11.38,Petrol,Manual,1199,20.2,3,6,Yes,No,Yes,Normal,Medium,0.27,86.6,12.52,Good,34.1,98.1,Low,4.611806248976598,Low,22.706054807216134,60,61.03,Recommended
2108,Maruti Suzuki,Brezza,2019,6.21,Petrol,Automatic,1597,22.2,4,7,Yes,Yes,Yes,Risky,Medium,0.14,84.9,12.3,Moderate,25.9,100.0,Low,0.0,Medium,49.30655270056178,71,71.28,Recommended
2109,Honda,Amaze,2021,16.26,Petrol,Automatic,1197,21.6,4,2,Yes,Yes,Yes,Normal,Medium,0.0,72.3,12.5,Moderate,32.0,96.8,Low,7.129449886272243,Low,24.69965338084546,68,69.84,Recommended
2110,Maruti Suzuki,Baleno,2022,4.5,Diesel,Automatic,1597,23.0,2,6,Yes,No,Yes,Risky,High,0.24,77.4,12.84,Good,35.4,89.2,Low,8.36196748546474,High,56.51247902035648,40,57.45,Consider
2111,Hyundai,Exter,2025,9.74,Petrol,Automatic,1498,13.4,3,6,Yes,No,Yes,Normal,Low,0.06,92.7,12.36,Good,33.9,100.0,Low,12.716651230764459,Low,11.778043205509826,63,66.36,Recommended
2112,Renault,Triber,2024,7.74,CNG,Manual,2198,24.7,2,6,Yes,No,No,Normal,High,0.45,84.5,12.14,Moderate,29.3,78.6,Low,15.937467854839067,Medium,46.49578564235554,36,48.905,Consider
2113,Maruti Suzuki,Baleno,2021,11.69,Petrol,Automatic,2198,10.1,4,6,Yes,No,No,Aggressive,Low,0.15,89.4,12.55,Good,31.8,79.2,Low,2.5679212467321744,Low,29.080466694820235,66,61.215,Recommended
2114,Toyota,Glanza,2026,18.13,CNG,Manual,1497,27.7,5,4,Yes,Yes,No,Normal,Low,0.0,92.9,12.7,Good,35.5,77.6,Low,7.398748714609103,Low,13.186559329228754,90,73.655,Recommended
2115,Mahindra,Thar,2024,13.2,Petrol,Manual,2198,17.3,4,7,Yes,Yes,Yes,Aggressive,Low,0.33,82.0,11.97,Good,29.8,83.5,Low,18.21678235267868,Medium,32.14819652752662,80,69.595,Recommended
2116,Volkswagen,Virtus,2024,12.39,Diesel,Manual,2198,17.4,5,2,Yes,Yes,Yes,Normal,Low,0.12,91.2,12.86,Moderate,35.7,78.4,Low,1.424142035674846,Low,21.753082247806816,78,68.71000000000001,Recommended
2117,Mahindra,Scorpio,2022,14.61,Petrol,Manual,1497,14.5,5,4,Yes,Yes,Yes,Calm,Low,0.08,78.1,12.55,Moderate,35.1,67.9,Low,10.742371328558313,Low,12.601651184756363,84,70.975,Recommended
2118,Mahindra,Thar,2023,9.76,Petrol,Manual,1199,20.5,4,6,Yes,No,No,Normal,Medium,0.33,95.7,12.26,Good,31.5,79.7,Low,2.713049829105489,Low,27.519907245767953,67,58.225,Consider
2119,Maruti Suzuki,Fronx,2021,8.27,Diesel,Manual,1498,18.4,4,6,Yes,Yes,Yes,Aggressive,Low,0.08,92.5,12.48,Good,30.8,100.0,Low,4.657944188282933,Low,23.576052003827733,83,71.11,Recommended
2120,Toyota,Glanza,2021,9.05,CNG,Automatic,1597,23.2,5,7,Yes,Yes,Yes,Normal,Low,0.0,89.9,13.13,Good,32.1,77.9,Low,9.005051760963598,Low,13.988196715299388,96,86.68,Highly Recommended
2121,Hyundai,Exter,2023,10.03,Petrol,Manual,1597,18.6,4,6,Yes,Yes,No,Calm,High,0.29,93.6,12.31,Good,33.2,85.7,Low,2.505339888864593,Medium,36.294275846361096,79,63.34,Recommended
2122,Honda,Amaze,2025,9.73,Diesel,Automatic,1290,22.5,5,6,Yes,Yes,No,Normal,High,0.42,75.8,12.43,Good,32.0,78.7,Low,7.642338035447145,Medium,41.85229067377383,84,71.17500000000001,Recommended
2123,Skoda,Kushaq,2020,7.07,Petrol,Automatic,1997,21.3,3,6,Yes,No,No,Normal,Low,0.04,91.0,11.31,Moderate,33.5,73.3,Low,34.81514429063141,Low,6.867238966757888,55,57.945,Consider
2124,Kia,Carens,2021,14.27,Electric,Manual,0,287.1,5,6,Yes,Yes,Yes,Normal,Medium,0.36,107.1,12.39,Good,27.4,93.5,Low,0.0,Low,20.841854320109007,93,87.61625000000001,Highly Recommended
2125,Tata,Curvv,2020,7.17,CNG,Manual,1290,24.0,4,2,Yes,Yes,Yes,Aggressive,Low,0.18,87.8,12.28,Good,30.9,73.1,Low,14.756348946512286,Low,28.496350839294273,72,71.0,Recommended
2126,Tata,Harrier,2022,5.67,Petrol,Manual,2198,16.4,5,6,Yes,Yes,Yes,Aggressive,Low,0.22,77.2,12.2,Good,35.8,72.8,Low,8.215353259999844,Low,20.240325491517396,92,74.86,Recommended
2127,Tata,Altroz,2019,7.57,Petrol,Manual,2198,19.2,5,6,Yes,Yes,No,Normal,Low,0.14,88.0,12.69,Good,36.5,61.5,Low,4.279758099479386,Low,6.612427780519986,97,71.53,Recommended
2128,Maruti Suzuki,Dzire,2021,8.9,Electric,Manual,0,397.0,4,7,Yes,Yes,No,Normal,High,0.38,86.0,13.4,Moderate,32.4,53.3,Low,13.163170889058549,Medium,42.397128982235145,71,75.8375,Highly Recommended
2129,Skoda,Slavia,2025,9.75,CNG,Automatic,1290,21.6,4,4,Yes,Yes,Yes,Normal,Low,0.04,88.6,13.31,Good,28.3,100.0,Low,6.285607541721676,Low,16.53010951737102,81,79.69,Highly Recommended
2130,Mahindra,Thar,2020,17.62,Petrol,Manual,1597,15.8,4,7,Yes,Yes,Yes,Calm,Medium,0.16,89.0,12.44,Good,33.4,71.2,Low,3.760687060444079,Low,15.296008127051037,88,72.97,Recommended
2131,Skoda,Kushaq,2021,8.14,Petrol,Automatic,998,10.0,5,6,Yes,Yes,Yes,Risky,Low,0.05,92.9,12.09,Moderate,30.7,90.0,Low,22.50427171643281,Medium,44.35048601190537,75,71.25,Recommended
2132,Volkswagen,Taigun,2022,12.41,CNG,Manual,1199,22.2,4,2,Yes,Yes,Yes,Normal,Medium,0.13,82.4,12.43,Good,29.8,89.7,Low,8.090825245115038,Low,11.465500970156658,79,73.88,Recommended
2133,Honda,Amaze,2023,12.54,Petrol,Manual,1497,15.6,4,6,Yes,Yes,Yes,Normal,Low,0.03,92.3,11.85,Poor,33.7,82.4,Medium,44.88924872493077,Low,15.75015059746227,65,62.59,Recommended
2134,Skoda,Slavia,2025,10.8,Electric,Manual,0,273.9,4,6,Yes,Yes,Yes,Normal,Medium,0.24,86.0,12.22,Good,31.2,91.8,Low,7.733420896568845,Low,25.440308838843933,82,82.17125,Highly Recommended
2135,Skoda,Slavia,2022,14.84,Electric,Automatic,0,345.4,5,6,Yes,Yes,No,Normal,High,0.44,88.6,12.29,Moderate,31.1,99.5,Low,4.55615035459541,Medium,45.310380480247,77,81.60249999999999,Highly Recommended
2136,Renault,Triber,2025,9.41,Electric,Automatic,0,316.5,5,6,Yes,No,Yes,Normal,Low,0.08,91.4,12.3,Good,32.2,100.0,Low,0.0,Low,13.60281674582524,80,87.86875,Highly Recommended
2137,Kia,Seltos,2023,6.08,Petrol,Manual,1197,14.6,3,6,Yes,No,Yes,Aggressive,Low,0.05,91.1,12.82,Good,33.5,78.2,Low,1.5088594237812885,Low,23.514132605361638,61,60.64,Recommended
2138,Maruti Suzuki,Baleno,2019,7.5,Electric,Manual,0,282.3,4,4,Yes,Yes,No,Aggressive,Low,0.12,96.4,11.53,Poor,30.5,66.3,Medium,52.98412461291593,Medium,31.85318474319672,54,63.886250000000004,Recommended
2139,Maruti Suzuki,Brezza,2021,9.17,Petrol,Manual,998,20.8,4,6,Yes,Yes,Yes,Aggressive,Low,0.16,81.5,12.97,Good,30.5,67.2,Low,15.850094296229488,Low,21.307346098039375,82,71.02,Recommended
2140,Renault,Triber,2019,4.5,CNG,Manual,2198,25.1,3,2,Yes,No,No,Normal,High,0.46,104.7,12.5,Good,30.5,100.0,Low,2.895323464224041,Medium,48.5569451772326,44,52.565,Consider
2141,Hyundai,Verna,2021,8.41,Diesel,Manual,1497,20.6,4,6,Yes,Yes,Yes,Normal,Low,0.0,85.3,12.37,Good,36.4,81.3,Low,4.738169137131895,Low,7.206878632385122,89,74.14000000000001,Recommended
2142,Mahindra,XUV700,2024,17.71,CNG,Automatic,998,22.1,4,2,Yes,No,Yes,Normal,Medium,0.27,105.2,12.21,Moderate,33.2,69.7,Low,17.4716239936385,Low,27.155446959828083,51,66.265,Recommended
2143,Volkswagen,Virtus,2025,16.36,CNG,Manual,1498,29.5,4,7,Yes,Yes,No,Aggressive,Low,0.09,86.8,12.29,Good,30.8,86.8,Low,7.212981831247085,Low,16.044740204338584,87,72.57499999999999,Recommended
2144,Skoda,Slavia,2026,13.26,Diesel,Manual,1199,23.6,5,6,Yes,Yes,Yes,Aggressive,Low,0.1,80.0,12.66,Moderate,28.4,85.4,Low,3.007809157738195,Low,25.85635505996636,84,72.34,Recommended
2145,Honda,Amaze,2020,13.07,Diesel,Automatic,2198,21.2,5,6,Yes,Yes,No,Normal,Low,0.06,94.5,12.03,Moderate,32.7,75.7,Low,25.594573247118152,Low,14.725207511106134,85,71.43,Recommended
2146,Skoda,Slavia,2023,13.1,Petrol,Automatic,2198,20.6,4,7,Yes,Yes,Yes,Calm,Low,0.06,83.6,12.47,Good,33.5,88.1,Low,5.47757059697725,Low,9.159574937940118,90,79.59,Highly Recommended
2147,Honda,Elevate,2026,9.27,Diesel,Manual,1997,23.1,5,4,Yes,Yes,Yes,Aggressive,Medium,0.22,92.4,11.45,Good,29.5,40.2,Medium,39.6559329144782,Low,28.40160906531025,80,70.465,Recommended
2148,Hyundai,Creta,2019,4.5,Diesel,Manual,1997,22.0,5,6,Yes,No,Yes,Normal,Medium,0.24,80.0,12.6,Moderate,27.7,67.8,Low,17.52598710603241,Low,29.353512476224374,66,64.0,Recommended
2149,Volkswagen,Taigun,2021,12.72,Petrol,Manual,1199,17.6,4,6,Yes,Yes,Yes,Normal,High,0.38,82.1,12.92,Good,33.4,89.4,Low,8.647540460293209,Medium,43.624507517345016,75,67.39,Recommended
2150,Honda,Elevate,2019,5.13,Diesel,Automatic,1597,25.6,3,6,Yes,No,Yes,Normal,Low,0.1,91.1,12.15,Moderate,30.2,67.2,Low,8.405084524798017,Low,10.59976948035934,58,65.94,Recommended
2151,Kia,Sonet,2026,14.69,Petrol,Manual,1197,23.2,4,7,Yes,Yes,Yes,Normal,Medium,0.18,82.2,13.23,Poor,30.6,65.0,Low,23.644142715811864,Medium,39.00887279782456,62,62.38,Recommended
2152,Renault,Kwid,2023,4.5,Petrol,Automatic,1497,18.4,5,7,Yes,No,Yes,Normal,High,0.34,100.0,12.5,Good,33.4,68.3,Low,13.596914539809587,Medium,40.959434024497874,71,70.71000000000001,Recommended
2153,Renault,Triber,2020,9.68,Diesel,Manual,998,17.7,2,6,Yes,No,Yes,Aggressive,High,0.36,92.3,13.58,Moderate,29.9,81.4,Low,4.026374123053402,High,58.543752561826466,34,48.955,Consider
2154,Tata,Punch,2021,9.28,Electric,Manual,0,456.6,4,6,Yes,Yes,Yes,Normal,Low,0.2,83.1,12.67,Good,31.4,91.6,Low,2.2194576818567886,Low,15.354942593815458,86,88.7,Highly Recommended
2155,Mahindra,Scorpio,2021,13.53,Electric,Manual,0,426.6,5,6,Yes,Yes,Yes,Normal,Low,0.07,102.7,12.19,Good,34.9,95.1,Low,5.095621982027564,Low,18.619584649529614,93,91.85,Highly Recommended
2156,Skoda,Kushaq,2026,14.82,Petrol,Automatic,2198,19.2,3,6,Yes,No,Yes,Calm,Medium,0.19,87.2,11.84,Moderate,31.1,87.5,Low,20.843260129148856,Low,19.656060308354768,53,62.730000000000004,Recommended
2157,Renault,Kiger,2021,8.53,CNG,Manual,1199,24.4,4,6,Yes,Yes,Yes,Calm,Medium,0.18,86.8,12.07,Poor,31.8,92.8,Low,32.15544602469415,Low,29.03424597520577,62,66.56,Recommended
2158,Toyota,Glanza,2020,21.22,Electric,Automatic,0,375.1,3,2,Yes,No,Yes,Normal,Low,0.0,89.0,12.4,Good,30.7,67.4,Low,5.552894981047542,Low,7.479664037178916,58,80.16625,Highly Recommended
2159,Honda,Elevate,2021,9.99,Petrol,Automatic,1199,21.6,4,7,Yes,Yes,Yes,Calm,Low,0.1,92.1,12.18,Poor,31.8,59.9,Medium,36.11013176820964,Low,20.423003589342485,66,68.94,Recommended
2160,Renault,Kwid,2023,7.92,Petrol,Automatic,1197,13.6,5,6,Yes,Yes,Yes,Normal,Low,0.1,88.9,11.47,Moderate,32.6,91.3,Low,13.706875847445454,Low,15.790066528176967,86,76.74000000000001,Highly Recommended
2161,Honda,Elevate,2022,9.27,CNG,Manual,1997,28.5,4,4,Yes,Yes,Yes,Aggressive,Low,0.12,88.8,12.54,Moderate,33.4,61.3,Low,14.630107377728317,Medium,30.562646366644188,69,70.325,Recommended
2162,Maruti Suzuki,Dzire,2021,6.11,Petrol,Manual,1199,15.2,4,6,Yes,Yes,No,Normal,Medium,0.03,86.2,12.72,Good,31.7,74.4,Low,11.797215876134088,Low,23.402650175009985,82,64.18,Recommended
2163,Honda,City,2022,4.5,Petrol,Manual,1290,16.5,4,2,Yes,Yes,Yes,Normal,Low,0.06,87.2,12.71,Moderate,33.1,91.9,Low,8.437812236873539,Low,16.88923757945271,71,65.425,Recommended
2164,Skoda,Kushaq,2023,9.13,CNG,Manual,998,30.7,4,6,Yes,Yes,Yes,Risky,Low,0.12,102.7,13.0,Moderate,31.6,71.5,Low,15.67130100940026,Medium,39.99280680910357,70,71.10499999999999,Recommended
2165,Tata,Nexon,2025,11.85,Electric,Automatic,0,262.2,4,6,Yes,Yes,Yes,Aggressive,Medium,0.1,95.2,12.77,Good,36.0,71.6,Low,8.984258383257355,Low,24.8181359551454,82,86.7325,Highly Recommended
2166,Toyota,Glanza,2019,11.7,CNG,Manual,1290,27.7,4,6,Yes,Yes,Yes,Normal,Low,0.22,94.8,12.2,Good,28.3,70.2,Low,12.976240204415436,Low,15.614347939020508,85,77.405,Highly Recommended
2167,Mahindra,XUV 3XO,2024,15.0,CNG,Manual,1290,21.1,4,6,Yes,Yes,Yes,Aggressive,Low,0.05,96.6,11.4,Good,33.3,63.6,Low,34.88043125534328,Low,20.63159085204317,80,74.16499999999999,Recommended
2168,Kia,Carens,2019,5.44,CNG,Manual,998,25.5,4,7,Yes,Yes,Yes,Normal,Low,0.17,97.4,12.73,Moderate,33.3,85.2,Low,13.194027312010455,Low,18.637465637981105,79,74.375,Recommended
2169,Toyota,Innova,2025,16.11,Petrol,Automatic,1498,23.7,5,4,Yes,Yes,Yes,Normal,Low,0.04,76.5,12.17,Poor,28.3,60.4,Low,29.832050568086842,Low,19.765379710476793,70,71.055,Recommended
2170,Kia,Seltos,2022,9.57,CNG,Manual,1290,24.8,5,2,Yes,Yes,Yes,Normal,Low,0.0,91.9,12.56,Moderate,30.4,78.4,Low,11.888829892677162,Low,11.281808138454593,80,74.72,Recommended
2171,Mahindra,XUV 3XO,2024,18.75,Electric,Automatic,0,257.9,4,7,Yes,Yes,Yes,Calm,Low,0.1,84.8,12.31,Moderate,29.7,94.7,Low,0.0,Low,14.182776786856609,83,87.02125000000001,Highly Recommended
2172,Toyota,Hyryder,2025,13.43,CNG,Automatic,1997,21.3,3,6,Yes,No,Yes,Calm,Low,0.21,79.3,12.04,Good,29.2,91.8,Low,25.81183436592925,Low,9.269603472694085,62,71.095,Recommended
2173,Mahindra,XUV700,2023,14.03,Diesel,Manual,1997,18.6,5,6,Yes,Yes,Yes,Calm,Low,0.14,91.0,12.11,Good,33.3,91.1,Low,0.523469667867603,Low,11.23614076402292,96,76.99000000000001,Highly Recommended
2174,Toyota,Innova,2019,8.01,Petrol,Manual,1997,17.4,4,6,Yes,Yes,No,Normal,Low,0.2,94.1,12.2,Good,33.8,75.0,Low,7.304250366349255,Low,11.042949467136161,87,66.75999999999999,Recommended
2175,Kia,Carens,2025,6.19,Petrol,Automatic,1997,21.1,4,2,Yes,Yes,Yes,Normal,High,0.23,83.8,12.72,Good,29.6,60.9,Low,15.392010359667571,Medium,36.812723598840144,69,70.215,Recommended
2176,Skoda,Kushaq,2025,17.61,Electric,Manual,0,331.7,4,4,Yes,Yes,Yes,Aggressive,Low,0.02,84.1,12.31,Good,33.6,65.8,Low,7.189521254248316,Low,21.714296969241424,79,82.98875000000001,Highly Recommended
2177,Volkswagen,Taigun,2019,9.78,Petrol,Manual,2198,14.9,4,7,Yes,Yes,Yes,Calm,Low,0.1,98.3,13.46,Good,33.1,83.9,Low,1.1798237044387676,Low,3.400576327726111,93,75.08500000000001,Highly Recommended
2178,Volkswagen,Taigun,2020,10.93,Diesel,Automatic,1597,20.7,5,6,Yes,Yes,No,Normal,Medium,0.21,90.8,12.95,Good,31.3,71.4,Low,7.766241606699815,Low,18.732441219835277,92,74.505,Recommended
2179,Volkswagen,Virtus,2025,13.47,Petrol,Manual,1199,12.3,4,6,Yes,Yes,Yes,Normal,Low,0.17,86.4,12.32,Good,30.7,72.3,Low,6.710253801782029,Low,10.377425248471763,87,71.995,Recommended
2180,Mahindra,XUV 3XO,2020,11.16,Petrol,Manual,1497,17.1,5,2,Yes,Yes,Yes,Calm,High,0.38,80.5,13.04,Good,30.6,90.2,Low,0.0,Medium,34.72377938948928,80,69.565,Recommended
2181,Mahindra,Scorpio,2026,16.58,Petrol,Manual,1997,18.9,4,6,Yes,Yes,Yes,Normal,Low,0.2,83.6,12.31,Good,32.1,100.0,Low,0.0,Low,13.808710580382346,87,72.985,Recommended
2182,Kia,Seltos,2025,11.22,CNG,Manual,1290,23.0,4,2,Yes,Yes,Yes,Calm,Medium,0.3,87.6,12.64,Good,30.8,95.8,Low,0.0,Low,20.474999523639983,77,73.1,Recommended
2183,Toyota,Innova,2022,16.98,CNG,Manual,1290,26.8,4,4,Yes,Yes,Yes,Normal,Low,0.1,89.3,11.99,Good,29.5,64.8,Medium,36.34050082280003,Low,12.105084615810815,78,74.12,Recommended
2184,Kia,Carens,2021,6.13,CNG,Manual,1997,21.7,3,6,Yes,No,No,Normal,Medium,0.37,93.8,12.25,Good,31.8,68.9,Low,19.40858511385952,Medium,34.42885236839342,54,56.555,Consider
2185,Mahindra,Thar,2025,15.4,Petrol,Automatic,1498,24.4,4,6,Yes,Yes,Yes,Normal,Low,0.07,75.9,13.32,Moderate,30.7,73.0,Low,6.930555933198043,Low,13.495411099348855,80,75.66,Highly Recommended
2186,Tata,Altroz,2019,10.2,Electric,Manual,0,327.0,4,6,Yes,Yes,Yes,Aggressive,Low,0.08,95.9,12.76,Good,29.1,81.6,Low,8.326025720466976,Low,18.950217551236015,84,85.0625,Highly Recommended
2187,Renault,Triber,2022,4.5,Diesel,Manual,1498,23.1,5,6,Yes,Yes,No,Calm,Medium,0.05,94.5,12.48,Moderate,32.6,52.4,Low,25.744137679148558,Low,22.337943973971626,82,65.36500000000001,Recommended
2188,Toyota,Innova,2020,8.37,CNG,Manual,1290,22.2,4,4,Yes,Yes,Yes,Aggressive,High,0.4,94.3,12.02,Good,34.4,74.7,Low,27.26668971890551,Medium,48.47610767561458,67,68.48,Recommended
2189,Volkswagen,Taigun,2019,13.59,Electric,Manual,0,386.9,4,7,Yes,Yes,Yes,Normal,Medium,0.29,92.0,12.54,Moderate,29.0,47.9,Low,29.701263241760426,Low,29.61191985044154,73,82.35875,Highly Recommended
2190,Maruti Suzuki,Swift,2021,4.5,Petrol,Automatic,1498,17.9,3,2,Yes,No,Yes,Risky,Medium,0.09,80.7,12.44,Moderate,31.4,74.0,Low,0.07993830592491591,Medium,52.022618876714105,37,55.335,Consider
2191,Tata,Punch,2019,6.63,Petrol,Manual,2198,15.4,4,2,Yes,Yes,Yes,Risky,Low,0.13,84.2,12.08,Moderate,31.8,48.9,Medium,43.90444668161842,Medium,36.84068077918861,59,59.86,Consider
2192,Tata,Punch,2025,9.79,Electric,Automatic,0,300.0,5,2,Yes,No,Yes,Calm,Low,0.05,77.5,12.65,Moderate,30.7,95.8,Low,0.0,Low,12.334991733505005,67,81.4,Highly Recommended
2193,Toyota,Innova,2025,13.87,CNG,Manual,1197,21.4,4,4,Yes,Yes,Yes,Normal,High,0.13,91.7,12.59,Good,32.1,95.2,Low,0.0,Medium,34.437767738116555,76,72.41,Recommended
2194,Hyundai,i20,2025,12.48,Petrol,Manual,1597,18.3,3,6,Yes,No,Yes,Risky,Low,0.11,97.7,12.44,Good,35.0,73.7,Low,11.949775758341383,Low,27.278542662259774,58,59.845,Consider
2195,Honda,Elevate,2021,8.86,Petrol,Manual,1497,17.3,4,7,Yes,Yes,Yes,Normal,Medium,0.23,87.7,13.04,Good,31.5,100.0,Low,0.0,Low,26.790736996824073,85,71.845,Recommended
2196,Hyundai,Venue,2021,16.73,Electric,Automatic,0,375.6,5,4,Yes,Yes,No,Risky,Medium,0.24,88.6,13.31,Good,25.7,50.8,Low,14.565526011384698,Medium,47.26869471615302,77,82.735,Highly Recommended
2197,Honda,Amaze,2025,13.32,Electric,Automatic,0,417.5,4,6,Yes,Yes,Yes,Normal,Low,0.01,99.5,12.54,Poor,30.9,69.1,Medium,38.51934605060229,Low,21.16287685929453,64,83.8,Highly Recommended
2198,Mahindra,Thar,2021,20.46,Electric,Automatic,0,410.5,5,4,Yes,Yes,Yes,Normal,Medium,0.28,83.7,12.28,Good,34.8,79.8,Low,7.041754737401056,Low,23.96339503147531,87,94.15,Highly Recommended
2199,Skoda,Slavia,2022,12.2,Petrol,Manual,1497,17.6,4,6,Yes,Yes,Yes,Aggressive,Low,0.11,96.9,12.17,Good,30.9,80.0,Low,10.10767084232004,Low,26.88159789689599,81,70.09,Recommended
2200,Honda,Elevate,2024,8.83,Petrol,Automatic,2198,18.9,5,4,Yes,Yes,Yes,Calm,Low,0.09,86.2,12.9,Poor,34.4,99.6,Low,17.180877280939583,Low,24.631887633240126,70,70.33500000000001,Recommended
2201,Tata,Nexon,2025,13.19,Electric,Automatic,0,465.0,4,6,Yes,Yes,No,Normal,Medium,0.11,83.3,11.66,Poor,32.3,82.7,Medium,40.60506680853567,Medium,37.845172680289394,58,75.1,Highly Recommended
2202,Tata,Nexon,2021,10.81,Petrol,Manual,1597,22.0,5,2,Yes,Yes,Yes,Normal,High,0.33,84.1,12.61,Good,38.0,90.6,Low,4.254060900200197,Medium,46.634551444965155,75,68.05,Recommended
2203,Honda,Amaze,2023,9.22,Petrol,Automatic,1199,18.0,4,6,Yes,Yes,Yes,Normal,Low,0.05,85.9,11.95,Moderate,31.8,53.4,Low,30.447715506799195,Low,14.474974233981118,76,72.9,Recommended
2204,Maruti Suzuki,Swift,2023,7.84,Petrol,Manual,1498,20.4,4,2,Yes,Yes,No,Normal,Low,0.06,90.8,12.76,Good,29.3,75.8,Low,6.236017719655695,Low,10.904586028154295,79,63.61000000000001,Recommended
2205,Skoda,Slavia,2024,10.85,Electric,Manual,0,276.9,4,6,Yes,Yes,No,Calm,Medium,0.13,92.4,13.41,Good,31.0,74.6,Low,10.33238000433674,Low,9.520126056227578,87,78.53375,Highly Recommended
2206,Volkswagen,Taigun,2020,16.59,Diesel,Automatic,1597,26.0,4,6,Yes,Yes,Yes,Normal,High,0.35,77.2,13.21,Good,36.3,89.1,Low,10.65721617056589,Medium,43.652354531527614,75,73.65,Recommended
2207,Maruti Suzuki,Dzire,2026,17.2,Electric,Automatic,0,352.3,3,2,Yes,No,Yes,Aggressive,Low,0.07,97.3,12.92,Good,35.5,95.2,Low,7.77815970675813,Low,18.42553041095826,53,77.06125,Highly Recommended
2208,Skoda,Kushaq,2025,13.2,Petrol,Manual,1199,18.9,3,7,Yes,No,Yes,Normal,Medium,0.28,91.5,12.36,Good,31.3,84.3,Low,0.0,Low,15.632711701062751,66,63.535,Recommended
2209,Renault,Kiger,2019,5.92,CNG,Manual,1498,27.4,5,6,Yes,Yes,No,Normal,Medium,0.16,92.6,12.04,Good,32.6,68.0,Low,30.0102152351016,Low,11.766346916902105,91,74.06,Recommended
2210,Honda,Amaze,2022,7.66,Diesel,Manual,1498,18.6,3,7,Yes,No,Yes,Normal,High,0.48,83.8,13.25,Good,28.1,71.6,Low,11.569764043327924,Medium,39.02069902621094,56,58.989999999999995,Consider
2211,Skoda,Slavia,2025,15.02,Diesel,Manual,1290,18.8,4,6,Yes,Yes,Yes,Normal,High,0.2,77.4,12.73,Good,31.5,65.5,Low,7.60336031734621,Medium,36.34122943678422,78,68.92,Recommended
2212,Renault,Triber,2022,4.85,Petrol,Manual,2198,18.2,4,7,Yes,Yes,Yes,Calm,Low,0.02,80.6,12.38,Good,32.4,60.1,Low,18.320855954345475,Low,4.302902399229827,90,74.22999999999999,Recommended
2213,Skoda,Slavia,2025,12.95,Petrol,Automatic,1199,17.9,5,6,Yes,Yes,Yes,Aggressive,Low,0.13,86.6,12.66,Moderate,34.6,58.9,Low,10.794606027393307,Low,22.999269911375727,84,76.48500000000001,Highly Recommended
2214,Renault,Triber,2021,11.02,Diesel,Manual,2198,21.3,5,2,Yes,Yes,No,Aggressive,Low,0.0,95.5,12.61,Poor,28.1,68.0,Low,30.371115608414296,Medium,32.18902775237866,61,55.644999999999996,Consider
2215,Maruti Suzuki,Baleno,2021,4.93,Petrol,Automatic,1199,18.1,3,6,Yes,No,Yes,Normal,Low,0.17,88.6,11.7,Good,31.3,61.1,Medium,38.39950640256185,Low,17.151460758412416,57,64.36500000000001,Recommended
2216,Toyota,Urban Cruiser,2026,14.2,Petrol,Manual,1597,18.5,4,6,Yes,Yes,Yes,Normal,Low,0.06,84.8,12.47,Moderate,31.9,95.2,Low,0.0,Low,17.535825837264017,80,69.775,Recommended
2217,Toyota,Glanza,2019,13.07,CNG,Manual,1199,17.7,4,4,Yes,Yes,Yes,Aggressive,Low,0.22,80.3,13.17,Good,32.6,95.0,Low,0.0,Low,22.338938425897666,80,73.655,Recommended
2218,Honda,City,2025,10.59,CNG,Manual,1199,30.6,4,2,Yes,Yes,Yes,Normal,Medium,0.14,77.9,12.33,Good,30.8,93.1,Low,5.050864081363126,Low,22.74939788319839,75,73.34,Recommended
2219,Mahindra,Scorpio,2025,11.43,CNG,Manual,1498,21.9,4,4,Yes,Yes,Yes,Calm,Medium,0.14,87.0,13.04,Poor,27.6,63.8,Low,30.744190355165415,Medium,37.27618344877185,55,63.035,Recommended
2220,Maruti Suzuki,Brezza,2021,11.86,CNG,Manual,1290,26.2,4,2,Yes,Yes,Yes,Calm,Low,0.21,92.3,12.4,Good,31.4,68.0,Low,8.454902994458356,Low,9.242527855168913,79,74.48,Recommended
2221,Volkswagen,Taigun,2020,7.92,Petrol,Manual,1197,20.9,5,6,Yes,Yes,Yes,Normal,Low,0.19,98.4,12.3,Good,30.4,72.6,Low,13.834604517447938,Low,17.481721812963823,92,75.535,Highly Recommended
2222,Mahindra,XUV 3XO,2024,14.32,CNG,Automatic,1197,28.0,5,7,Yes,Yes,Yes,Normal,Medium,0.26,92.2,12.22,Good,34.4,93.1,Low,1.756193588680568,Low,21.771472565679957,94,86.5,Highly Recommended
2223,Toyota,Hyryder,2021,16.1,Electric,Automatic,0,299.1,3,6,Yes,No,Yes,Aggressive,Medium,0.16,86.9,12.63,Moderate,27.5,100.0,Low,3.2509876992566253,Medium,38.33837169534112,49,73.26625,Recommended
2224,Renault,Kwid,2020,9.35,CNG,Manual,1197,26.4,5,6,Yes,No,Yes,Risky,Low,0.11,90.7,12.78,Good,32.3,73.9,Low,10.680304946260074,Medium,39.96351730526152,69,70.00999999999999,Recommended
2225,Renault,Triber,2026,11.15,Diesel,Manual,1199,21.5,4,2,Yes,Yes,No,Aggressive,Low,0.11,84.7,13.02,Good,32.5,93.5,Low,5.087559683567042,Low,14.789998998449658,78,63.325,Recommended
2226,Skoda,Kushaq,2024,12.68,Diesel,Automatic,1199,23.2,4,7,Yes,Yes,No,Aggressive,Low,0.16,91.2,12.37,Good,35.9,62.7,Low,18.42598931655086,Low,28.54597375190007,81,69.93,Recommended
2227,Skoda,Slavia,2019,4.5,Petrol,Automatic,1197,24.1,4,6,Yes,No,No,Calm,Low,0.21,93.1,12.35,Good,29.2,97.1,Low,4.659648546439566,Low,10.893642884024194,72,66.015,Recommended
2228,Toyota,Glanza,2023,16.29,Diesel,Manual,1498,16.6,5,2,Yes,Yes,Yes,Normal,Low,0.0,90.4,12.4,Moderate,37.2,74.8,Low,11.269278344571845,Low,14.518673724930496,79,69.04,Recommended
2229,Toyota,Urban Cruiser,2025,17.51,Electric,Manual,0,360.3,3,2,Yes,No,Yes,Risky,Medium,0.3,91.2,13.18,Good,32.5,56.8,Low,19.046687236512685,Medium,53.58685467998906,39,66.06125,Recommended
2230,Renault,Triber,2024,13.48,Petrol,Manual,1197,24.1,4,2,Yes,Yes,No,Calm,Low,0.1,93.4,12.7,Moderate,30.5,53.1,Low,13.954060985041384,Low,10.023987461032005,72,61.015,Recommended
2231,Volkswagen,Virtus,2026,9.46,Diesel,Manual,1997,23.1,4,6,Yes,Yes,Yes,Normal,Medium,0.15,95.6,12.36,Good,34.2,99.7,Low,3.8212298928138377,Low,17.98286279526831,85,72.715,Recommended
2232,Kia,Carens,2022,9.79,Petrol,Manual,2198,15.1,5,2,Yes,Yes,Yes,Aggressive,Low,0.05,92.4,13.13,Good,30.1,82.6,Low,0.3668705600703195,Low,18.105340181436038,86,71.965,Recommended
2233,Renault,Triber,2019,7.2,CNG,Manual,1197,24.4,5,4,Yes,Yes,Yes,Normal,Medium,0.22,85.4,12.76,Good,33.8,61.6,Low,14.046678951047076,Low,21.55521726548429,86,77.36,Highly Recommended
2234,Toyota,Innova,2023,14.98,CNG,Automatic,1497,24.9,5,7,Yes,Yes,Yes,Aggressive,Medium,0.29,95.7,12.96,Good,30.8,87.4,Low,6.829164717851328,Medium,37.2635667740029,88,83.33500000000001,Highly Recommended
2235,Maruti Suzuki,Fronx,2025,5.18,Petrol,Manual,1197,18.8,5,6,Yes,Yes,Yes,Normal,Medium,0.24,96.5,12.21,Good,35.2,88.4,Low,12.679023849199663,Low,25.061725685569478,89,73.87,Recommended
2236,Mahindra,XUV700,2020,16.5,Diesel,Manual,1497,24.2,5,7,Yes,No,Yes,Normal,High,0.33,95.1,12.3,Good,31.7,77.8,Low,11.988155502040655,Medium,42.278030887057696,70,66.13,Recommended
2237,Skoda,Kushaq,2024,14.45,Electric,Manual,0,453.7,4,7,Yes,No,Yes,Normal,Medium,0.0,81.2,12.81,Moderate,33.3,91.3,Low,2.4819305247258425,Low,16.941334029813305,67,80.15,Highly Recommended
2238,Renault,Triber,2025,8.79,Diesel,Automatic,1498,16.6,4,6,Yes,Yes,Yes,Risky,Low,0.1,88.8,12.5,Good,29.9,71.9,Low,4.142965169798905,Medium,32.99843809556366,80,74.49000000000001,Recommended
2239,Renault,Kwid,2024,5.89,CNG,Manual,1498,26.3,4,6,Yes,Yes,No,Aggressive,Medium,0.28,88.0,13.36,Good,35.5,96.3,Low,7.048209455474604,Medium,36.88464613028419,78,68.045,Recommended
2240,Volkswagen,Taigun,2025,11.76,Petrol,Manual,1597,24.8,5,6,Yes,Yes,Yes,Aggressive,Low,0.02,93.3,12.98,Good,34.0,100.0,Low,9.276632965317198,Low,20.437630079745663,91,75.67,Highly Recommended
2241,Toyota,Urban Cruiser,2024,13.68,Diesel,Manual,1199,25.7,3,6,Yes,No,Yes,Aggressive,Low,0.13,90.9,12.14,Good,31.2,89.9,Low,2.478053962198147,Low,16.800295664621377,63,63.205,Recommended
2242,Volkswagen,Virtus,2025,14.96,Diesel,Manual,998,18.1,4,4,Yes,Yes,Yes,Normal,Medium,0.25,82.5,12.53,Good,26.8,82.9,Low,0.09340741798841457,Low,29.615574945331026,78,68.815,Recommended
2243,Tata,Altroz,2020,9.93,Petrol,Manual,1997,10.7,5,6,Yes,Yes,Yes,Aggressive,High,0.34,89.2,12.65,Good,31.1,79.3,Low,0.0,Medium,52.496861326198946,82,69.505,Recommended
2244,Renault,Kwid,2019,8.61,Petrol,Manual,1199,17.6,5,6,Yes,Yes,Yes,Normal,Low,0.19,85.6,12.06,Poor,35.6,82.3,Medium,53.15267603993299,Medium,31.945005764495722,66,63.339999999999996,Recommended
2245,Hyundai,Exter,2020,5.1,Diesel,Manual,1197,22.4,3,4,Yes,No,Yes,Normal,Medium,0.2,90.3,12.23,Good,30.4,74.1,Low,21.46055521814195,Low,23.42828835740006,54,58.66,Consider
2246,Volkswagen,Taigun,2023,11.32,CNG,Manual,1597,22.2,4,6,Yes,Yes,Yes,Normal,Medium,0.29,96.9,12.15,Moderate,32.2,84.2,Low,9.3375857614157,Medium,31.187383033676536,74,71.63,Recommended
2247,Toyota,Urban Cruiser,2024,13.99,Diesel,Automatic,1197,23.3,3,7,Yes,No,Yes,Normal,Low,0.03,98.6,12.32,Good,31.5,74.2,Low,17.65958679762472,Low,11.771869503547938,64,68.295,Recommended
2248,Mahindra,XUV700,2022,8.47,CNG,Manual,1290,21.4,5,7,Yes,Yes,No,Normal,Low,0.08,88.7,12.02,Good,32.1,64.8,Low,28.3503819555415,Low,16.78791311435416,92,73.61,Recommended
2249,Honda,Elevate,2026,17.14,Electric,Manual,0,409.1,3,6,Yes,No,Yes,Normal,Low,0.01,88.8,12.3,Moderate,31.8,86.5,Low,5.599647528158305,Low,15.930032145699016,57,75.65,Highly Recommended
2250,Kia,Seltos,2025,15.77,Electric,Manual,0,329.2,4,6,Yes,Yes,No,Normal,Medium,0.1,81.4,12.8,Poor,29.6,80.7,Low,21.09570234732957,Medium,34.105955487587856,62,69.245,Recommended
2251,Volkswagen,Taigun,2022,20.79,Petrol,Manual,1290,19.2,5,4,Yes,Yes,Yes,Normal,Low,0.0,77.0,12.12,Poor,32.1,62.5,Low,33.871541875151664,Low,26.543060043887394,67,64.03,Recommended
2252,Mahindra,XUV700,2020,15.66,Petrol,Manual,2198,14.8,5,6,Yes,Yes,No,Calm,Low,0.04,100.3,12.55,Moderate,33.3,83.1,Low,9.418303095248831,Low,8.207908632069582,90,67.72,Recommended
2253,Volkswagen,Virtus,2025,10.2,Petrol,Automatic,1997,20.7,3,7,Yes,No,Yes,Risky,Medium,0.32,75.8,12.32,Good,30.2,100.0,Low,0.0,Medium,49.839620221372364,54,63.405,Recommended
2254,Kia,Sonet,2021,12.91,CNG,Manual,1197,22.8,4,6,Yes,Yes,Yes,Risky,Low,0.11,86.3,12.5,Good,33.7,77.8,Low,17.488056080581256,Medium,33.46671124576939,78,73.52000000000001,Recommended
2255,Volkswagen,Taigun,2023,12.13,Diesel,Manual,1498,21.9,5,4,Yes,Yes,Yes,Normal,Low,0.13,85.6,12.48,Good,32.8,71.7,Low,0.0,Low,12.468186733220739,92,75.685,Highly Recommended
2256,Honda,Amaze,2022,9.76,Petrol,Automatic,1199,25.2,5,6,Yes,No,Yes,Risky,Low,0.04,97.1,11.8,Good,32.9,82.1,Low,18.090589180048493,Low,25.708248775892358,73,72.63,Recommended
2257,Skoda,Kushaq,2022,8.84,Petrol,Automatic,1997,14.7,3,4,Yes,No,No,Normal,Low,0.31,81.1,12.68,Poor,33.9,86.4,Low,23.693542117201538,Medium,33.96582336319626,35,47.955,Consider
2258,Honda,Elevate,2019,7.92,Petrol,Automatic,1498,16.0,4,6,Yes,Yes,Yes,Normal,Low,0.12,85.7,12.39,Good,33.7,66.3,Low,9.652703490493277,Low,13.815306635876912,86,77.1,Highly Recommended
2259,Hyundai,Verna,2023,7.5,Electric,Manual,0,407.4,4,7,Yes,Yes,Yes,Risky,Low,0.08,90.2,13.44,Moderate,29.5,79.2,Low,15.006639788657331,Medium,40.31666018067393,72,82.4,Highly Recommended
2260,Volkswagen,Taigun,2019,10.99,Diesel,Automatic,1199,25.0,3,2,Yes,No,No,Normal,Low,0.03,84.8,12.65,Good,32.6,100.0,Low,0.0,Low,13.561406312118535,56,58.95,Consider
2261,Hyundai,Verna,2025,13.18,Petrol,Automatic,1997,21.5,4,4,Yes,Yes,Yes,Normal,High,0.42,87.6,12.41,Good,36.8,82.1,Low,0.0,Medium,34.16688061635855,76,73.42500000000001,Recommended
2262,Renault,Kwid,2019,7.98,CNG,Manual,1497,27.9,3,6,Yes,No,Yes,Calm,High,0.35,89.1,12.65,Moderate,35.5,78.5,Low,8.469586420325731,Medium,45.31926682448932,46,59.885,Consider
2263,Volkswagen,Virtus,2024,13.81,Electric,Manual,0,374.8,3,6,Yes,No,Yes,Normal,Low,0.23,89.3,12.62,Good,29.0,72.7,Low,9.258380455959937,Low,18.28774904638832,61,76.505,Highly Recommended
2264,Toyota,Glanza,2024,13.5,Petrol,Automatic,1199,13.9,4,6,Yes,No,No,Normal,Medium,0.25,90.3,12.67,Good,29.4,71.7,Low,8.373286348439395,Low,29.030663262857995,66,61.785,Recommended
2265,Renault,Kwid,2020,10.39,Diesel,Manual,1597,19.9,3,6,Yes,No,Yes,Aggressive,Low,0.08,90.7,12.77,Moderate,32.3,89.8,Low,6.733393731519364,Low,28.99662337011363,52,57.385000000000005,Consider
2266,Volkswagen,Taigun,2026,19.3,Diesel,Automatic,1597,24.2,3,4,Yes,No,Yes,Normal,Low,0.04,85.7,12.36,Good,31.5,64.5,Low,18.499503420928953,Low,12.411953202815727,58,65.73,Recommended
2267,Skoda,Slavia,2023,15.49,Petrol,Manual,1197,22.3,5,6,Yes,Yes,Yes,Aggressive,Low,0.13,86.3,12.45,Poor,30.0,100.0,Low,15.862699266649864,Low,28.197372915409886,73,67.195,Recommended
2268,Hyundai,i20,2025,13.78,Petrol,Manual,998,24.4,5,6,Yes,Yes,Yes,Normal,Medium,0.12,99.2,11.96,Moderate,33.7,93.6,Low,27.333391402616822,Low,23.880526959042925,82,71.56,Recommended
2269,Volkswagen,Taigun,2024,13.24,Electric,Manual,0,268.8,4,2,Yes,Yes,No,Normal,Medium,0.12,99.0,12.88,Good,33.3,97.7,Low,9.722016145006611,Low,20.022239019524196,76,73.28,Recommended
2270,Volkswagen,Virtus,2019,10.15,Electric,Automatic,0,306.1,5,4,Yes,Yes,Yes,Normal,Low,0.19,82.1,12.38,Good,33.8,69.8,Low,16.873900028726005,Low,12.019473417173472,89,91.52875,Highly Recommended
2271,Honda,City,2021,9.32,Petrol,Automatic,1197,18.9,4,2,Yes,Yes,Yes,Normal,Low,0.0,97.7,13.24,Good,29.8,59.0,Low,10.377489459943144,Low,12.556638750096184,78,73.935,Recommended
2272,Hyundai,Exter,2019,6.64,Petrol,Manual,1290,22.5,3,6,Yes,No,Yes,Normal,Low,0.15,90.5,12.9,Moderate,33.4,60.6,Low,13.14623120407432,Low,17.55168835776857,55,59.125,Consider
2273,Volkswagen,Taigun,2019,9.16,CNG,Manual,1290,23.6,4,2,Yes,Yes,Yes,Normal,Medium,0.15,76.8,12.27,Good,37.4,100.0,Low,6.709206540195421,Low,16.820859782213223,77,73.19,Recommended
2274,Kia,Sonet,2021,7.49,Diesel,Automatic,1997,22.1,4,6,Yes,Yes,Yes,Normal,Low,0.1,65.4,13.2,Good,32.3,100.0,Low,0.0,Low,12.085085591933261,88,78.91499999999999,Highly Recommended
2275,Hyundai,Venue,2020,8.05,CNG,Automatic,998,26.6,4,4,Yes,Yes,Yes,Normal,Medium,0.18,96.0,12.69,Good,28.0,82.8,Low,8.706122951394798,Low,24.749663008058846,78,79.09,Highly Recommended
2276,Mahindra,XUV 3XO,2026,13.09,Petrol,Automatic,1597,19.3,4,6,Yes,No,Yes,Normal,High,0.48,85.6,12.92,Good,31.9,58.2,Low,11.655227428282661,Medium,43.47334709050437,60,65.895,Recommended
2277,Renault,Kiger,2026,14.29,Petrol,Manual,1290,21.4,5,6,Yes,Yes,Yes,Normal,Medium,0.11,91.6,11.3,Moderate,34.0,71.2,Medium,35.458563971291426,Low,21.829029476905603,81,70.66,Recommended
2278,Kia,Sonet,2026,12.06,Diesel,Manual,1197,25.0,4,6,Yes,Yes,No,Normal,Low,0.2,101.5,12.14,Moderate,33.4,73.9,Low,19.88159581280961,Low,24.270840141736528,75,62.5,Recommended
2279,Honda,City,2019,10.1,Petrol,Manual,1199,18.8,5,6,Yes,Yes,Yes,Normal,Low,0.03,85.9,12.23,Good,34.9,56.0,Low,7.383905977309514,Low,14.390512092167006,94,76.12,Highly Recommended
2280,Toyota,Glanza,2021,10.99,Diesel,Manual,1290,22.8,4,6,Yes,Yes,Yes,Normal,Low,0.25,94.5,12.41,Good,31.9,82.5,Low,6.5100916060992144,Low,17.18860124899125,85,72.67,Recommended
2281,Volkswagen,Taigun,2019,9.68,Petrol,Manual,1197,19.9,4,6,Yes,No,Yes,Aggressive,High,0.29,84.6,12.31,Good,33.8,80.2,Low,4.175475654462815,High,55.40641473915325,57,59.635000000000005,Consider
2282,Renault,Kiger,2024,13.22,Electric,Manual,0,434.9,4,6,Yes,Yes,Yes,Normal,Medium,0.25,105.2,12.5,Moderate,33.1,84.6,Low,11.179615435577109,Low,27.571542631918888,75,83.75,Highly Recommended
2283,Volkswagen,Taigun,2021,11.2,CNG,Automatic,998,25.2,3,6,Yes,No,Yes,Normal,Low,0.0,90.5,12.08,Good,32.8,85.8,Low,21.636946648176437,Low,5.84062217388892,64,72.58,Recommended
2284,Kia,Carens,2024,12.46,Diesel,Manual,1497,21.0,5,4,Yes,Yes,Yes,Calm,Low,0.08,99.4,12.66,Moderate,33.7,92.1,Low,1.23697952057476,Low,12.82545245307872,85,72.4,Recommended
2285,Hyundai,Creta,2023,12.53,CNG,Manual,1498,26.1,4,4,Yes,Yes,No,Aggressive,High,0.34,84.2,12.68,Good,33.7,76.0,Low,5.646203014625515,Medium,46.73806322232175,71,64.86500000000001,Recommended
2286,Renault,Triber,2023,10.47,Petrol,Manual,1497,23.0,3,6,Yes,No,Yes,Normal,Low,0.06,81.7,12.63,Good,35.0,95.5,Low,1.8818351942752143,Low,13.198592933223665,64,63.25,Recommended
2287,Honda,Elevate,2020,12.66,Petrol,Manual,1290,18.0,5,2,Yes,Yes,Yes,Normal,Low,0.21,91.8,13.06,Good,34.3,95.0,Low,6.7252960808938695,Low,11.424630615882638,87,72.85,Recommended
2288,Kia,Sonet,2024,5.03,CNG,Manual,2198,24.2,4,2,Yes,Yes,Yes,Normal,Low,0.08,90.0,12.35,Good,35.6,78.7,Low,5.21391522437271,Low,7.619580440444162,81,75.08000000000001,Highly Recommended
2289,Volkswagen,Taigun,2024,9.65,Petrol,Automatic,1290,14.4,4,6,Yes,Yes,Yes,Calm,Low,0.24,96.9,11.91,Good,30.8,87.6,Low,25.17885458431775,Low,8.554064376210404,85,76.41,Highly Recommended
2290,Mahindra,XUV700,2025,13.92,Electric,Automatic,0,321.7,2,6,Yes,No,Yes,Normal,Low,0.25,76.3,11.56,Poor,26.7,68.8,Medium,53.83429715544589,Low,28.186245993034166,28,64.66375,Recommended
2291,Kia,Seltos,2020,11.61,CNG,Manual,1498,20.4,4,4,Yes,Yes,Yes,Normal,Medium,0.2,82.3,12.37,Good,33.2,92.0,Low,3.333567545513814,Low,19.40183046287006,81,74.51,Recommended
2292,Kia,Seltos,2022,12.5,CNG,Manual,1497,23.6,3,6,Yes,No,Yes,Normal,Low,0.16,94.7,12.34,Moderate,31.6,76.8,Low,13.848686989041244,Low,20.245787158047627,54,62.84,Recommended
2293,Tata,Nexon,2024,11.64,CNG,Manual,1197,31.3,4,4,Yes,Yes,Yes,Normal,Medium,0.3,88.8,12.11,Moderate,29.4,92.7,Low,9.910764562978862,Low,23.619449725370874,72,72.095,Recommended
2294,Kia,Carens,2025,8.03,Petrol,Automatic,1498,23.2,4,4,Yes,Yes,Yes,Normal,Low,0.0,81.2,12.26,Good,30.8,70.0,Low,10.192183432107504,Low,12.456613570975076,82,76.38,Highly Recommended
2295,Hyundai,Exter,2019,13.15,Petrol,Automatic,1597,15.1,3,4,Yes,No,Yes,Aggressive,Low,0.19,90.7,12.52,Good,33.1,97.5,Low,1.1205947060884425,Low,25.846990044027994,56,63.465,Recommended
2296,Mahindra,XUV 3XO,2024,16.82,Petrol,Manual,1597,24.2,4,6,Yes,Yes,Yes,Calm,Low,0.08,91.7,12.73,Good,32.0,60.0,Low,20.388311317508197,Low,4.661849507065666,87,73.78,Recommended
2297,Maruti Suzuki,Swift,2021,9.01,Petrol,Manual,1290,17.5,5,6,Yes,Yes,No,Aggressive,Low,0.25,83.8,12.44,Good,29.7,53.7,Low,4.216854650346216,Medium,37.81126282633299,86,66.325,Recommended
2298,Mahindra,Thar,2023,12.02,Electric,Automatic,0,191.9,3,6,Yes,No,Yes,Aggressive,Low,0.08,86.1,12.1,Good,31.5,66.0,Low,6.425026248667536,Low,28.655924969560267,58,73.29625,Recommended
2299,Maruti Suzuki,Dzire,2023,5.44,Petrol,Automatic,1199,18.1,4,6,Yes,No,No,Risky,Low,0.06,79.5,11.96,Moderate,38.0,65.9,Low,33.01370627191326,Medium,40.44170343911328,52,56.115,Consider
2300,Kia,Sonet,2025,10.26,Petrol,Manual,1997,17.1,4,2,Yes,Yes,No,Aggressive,Low,0.23,91.7,13.19,Moderate,31.5,78.0,Low,4.280597923279991,Low,26.57159238670463,68,58.165,Consider
2301,Skoda,Kushaq,2021,14.83,Petrol,Manual,1498,17.6,4,7,Yes,Yes,No,Normal,Medium,0.33,81.0,11.94,Good,33.6,67.1,Low,33.90526750164169,Low,24.73538189853637,80,63.64,Recommended
2302,Honda,Amaze,2022,9.59,Petrol,Automatic,1199,15.3,4,2,Yes,Yes,Yes,Aggressive,Low,0.26,85.9,13.8,Good,29.9,54.2,Low,22.19391578761956,Low,25.425077205101204,72,70.695,Recommended
2303,Tata,Harrier,2019,9.46,Diesel,Manual,1199,23.4,5,6,Yes,Yes,Yes,Aggressive,Low,0.1,77.4,12.75,Good,30.6,75.0,Low,0.0,Low,22.378811131183078,92,75.91,Highly Recommended
2304,Kia,Seltos,2025,15.1,Electric,Automatic,0,422.7,4,6,Yes,Yes,No,Normal,Medium,0.25,96.5,12.04,Good,29.4,100.0,Low,20.203464568572024,Low,19.198167176750044,82,85.9,Highly Recommended
2305,Renault,Triber,2024,5.33,Diesel,Manual,1997,20.2,4,6,Yes,Yes,Yes,Risky,Medium,0.18,87.3,12.81,Good,31.7,54.8,Low,10.154714648791858,Medium,46.3707084335844,74,67.33000000000001,Recommended
2306,Mahindra,XUV 3XO,2022,20.53,CNG,Automatic,1290,23.5,5,6,Yes,Yes,Yes,Aggressive,Medium,0.38,90.9,12.4,Good,31.1,86.3,Low,8.757063655443819,Medium,38.98951685337173,85,81.775,Highly Recommended
2307,Skoda,Kushaq,2023,11.51,CNG,Automatic,1197,29.0,5,6,Yes,Yes,Yes,Risky,Medium,0.0,82.3,12.58,Good,33.8,100.0,Low,2.933271041734816,Medium,33.66262266600283,88,83.95,Highly Recommended
2308,Toyota,Urban Cruiser,2026,12.92,CNG,Manual,1290,27.8,5,2,Yes,Yes,Yes,Normal,High,0.47,92.7,12.97,Good,29.9,78.9,Low,12.482285336845376,Medium,43.52588113232113,75,72.92,Recommended
2309,Volkswagen,Taigun,2023,12.71,Petrol,Automatic,1290,18.2,4,6,Yes,Yes,Yes,Aggressive,Medium,0.29,90.2,12.3,Good,31.7,79.9,Low,11.817216066816487,Medium,35.36792120270352,78,73.83,Recommended
2310,Toyota,Innova,2022,9.48,CNG,Automatic,1997,22.5,4,6,Yes,Yes,Yes,Normal,Low,0.14,87.8,13.32,Good,30.2,81.7,Low,5.49297731689272,Low,11.722590643735742,87,82.525,Highly Recommended
2311,Hyundai,i20,2019,13.26,Petrol,Manual,1597,16.2,3,6,Yes,No,No,Aggressive,Low,0.09,90.0,13.24,Good,33.4,92.5,Low,0.6848769712681992,Low,29.741483439457543,58,53.53,Consider
2312,Skoda,Kushaq,2020,7.34,Petrol,Automatic,1997,18.7,5,4,Yes,Yes,Yes,Normal,Medium,0.18,101.3,12.36,Poor,33.1,83.7,Low,30.485312588428755,Medium,44.00516873930283,61,66.255,Recommended
2313,Maruti Suzuki,Fronx,2026,12.71,Petrol,Automatic,1197,17.8,4,4,Yes,Yes,Yes,Aggressive,Low,0.07,91.4,11.78,Good,30.2,85.4,Low,23.38891491984579,Low,16.908691394299773,79,74.22,Recommended
2314,Volkswagen,Taigun,2026,15.42,CNG,Manual,1997,29.7,2,6,Yes,No,Yes,Aggressive,Medium,0.12,93.6,12.58,Moderate,30.4,94.2,Low,0.0,Medium,33.84828992196953,43,58.805,Consider
2315,Maruti Suzuki,Brezza,2026,6.37,Petrol,Automatic,998,21.7,4,4,Yes,Yes,Yes,Risky,Medium,0.24,94.1,12.43,Good,30.3,71.0,Low,15.3206654752377,Medium,48.20036616311622,69,70.305,Recommended
2316,Renault,Kiger,2023,4.52,Petrol,Automatic,2198,21.1,4,4,Yes,Yes,No,Normal,Medium,0.08,92.3,12.68,Good,28.6,95.5,Low,4.926731010139161,Low,18.11584943891005,81,69.61500000000001,Recommended
2317,Renault,Triber,2021,4.5,Petrol,Automatic,1497,13.5,3,4,Yes,No,Yes,Normal,Low,0.11,86.8,12.72,Good,30.9,43.4,Low,10.494766188766327,Low,7.007803254497858,61,65.475,Recommended
2318,Tata,Curvv,2024,10.98,CNG,Automatic,1997,22.2,4,2,Yes,Yes,Yes,Normal,Medium,0.18,87.1,12.18,Good,36.7,81.9,Low,2.919830609320042,Low,24.469964844391853,75,77.08,Highly Recommended
2319,Tata,Curvv,2021,12.97,Petrol,Manual,998,21.7,4,4,Yes,No,Yes,Normal,High,0.36,90.4,12.54,Moderate,31.5,77.9,Low,0.0,Medium,48.29772493582959,50,56.754999999999995,Consider
2320,Honda,Amaze,2021,11.63,Electric,Manual,0,370.6,4,6,Yes,Yes,No,Risky,Medium,0.3,90.8,12.85,Good,28.6,100.0,Low,5.0824549075273024,High,58.49988855629656,71,74.8475,Recommended
2321,Tata,Nexon,2025,13.2,Diesel,Manual,1290,22.1,4,6,Yes,Yes,Yes,Normal,Low,0.0,88.4,12.08,Good,29.3,77.7,Low,32.30352996721107,Low,7.616637927437388,84,72.11500000000001,Recommended
2322,Tata,Curvv,2024,11.47,Petrol,Manual,1497,16.8,4,6,Yes,Yes,Yes,Normal,Low,0.22,95.1,12.36,Good,34.4,89.4,Low,11.197076275167976,Low,14.34588755092256,85,71.77000000000001,Recommended
2323,Renault,Triber,2020,4.74,Petrol,Manual,1497,18.4,5,6,Yes,Yes,No,Risky,Low,0.06,91.3,11.48,Good,32.1,63.4,Low,34.371055045420896,Low,29.346993212724,85,66.00999999999999,Recommended
2324,Tata,Curvv,2024,12.78,CNG,Manual,1997,22.1,4,6,Yes,Yes,Yes,Normal,Low,0.11,90.4,12.21,Good,36.6,84.2,Low,14.760432909805079,Low,11.101035004983142,86,77.015,Highly Recommended
2325,Honda,Elevate,2022,10.6,Diesel,Manual,1290,20.7,5,6,Yes,Yes,Yes,Normal,Medium,0.29,97.9,12.69,Good,31.2,77.6,Low,11.85207517355594,Medium,30.073581457188325,88,73.705,Recommended
2326,Tata,Altroz,2019,7.4,CNG,Automatic,2198,21.7,3,2,Yes,No,No,Normal,Low,0.13,93.6,11.58,Good,34.6,90.2,Low,31.240405782832006,Low,4.433847031923358,55,62.004999999999995,Recommended
2327,Honda,Elevate,2021,12.38,Petrol,Manual,1197,21.5,5,6,Yes,Yes,Yes,Risky,Low,0.21,90.0,12.57,Good,29.6,98.9,Low,6.949822484835328,Medium,40.5811812706466,85,72.475,Recommended
2328,Toyota,Hyryder,2020,10.61,Diesel,Manual,1199,18.3,3,4,Yes,No,Yes,Normal,Medium,0.14,82.0,12.48,Good,31.8,94.2,Low,5.26057280150325,Low,15.184698529488745,59,60.295,Recommended
2329,Hyundai,Venue,2024,12.81,Electric,Manual,0,397.0,4,4,Yes,Yes,Yes,Aggressive,Low,0.14,82.5,12.12,Good,34.9,78.9,Low,1.352567841835949,Low,24.284689947889692,79,85.4375,Highly Recommended
2330,Kia,Sonet,2021,14.25,Petrol,Manual,1290,17.5,5,2,Yes,Yes,No,Aggressive,High,0.41,96.3,11.78,Good,25.2,99.6,Low,29.787283800946696,Medium,50.328407604965186,70,59.125,Consider
2331,Renault,Triber,2026,14.78,Diesel,Manual,998,20.4,3,6,Yes,No,No,Normal,Medium,0.13,95.8,12.86,Moderate,32.0,63.8,Low,19.114895588364377,Low,24.990221414561855,51,51.01,Consider
2332,Volkswagen,Taigun,2023,15.73,Electric,Automatic,0,388.4,4,6,Yes,Yes,Yes,Normal,Low,0.12,86.2,11.88,Moderate,31.4,75.3,Low,24.759428801152424,Low,18.387002703425782,76,88.765,Highly Recommended
2333,Kia,Carens,2023,11.71,CNG,Manual,2198,25.9,4,6,Yes,Yes,Yes,Normal,Low,0.14,73.9,12.64,Good,35.3,80.0,Low,7.2442934252798,Low,14.612083704801073,86,77.58500000000001,Highly Recommended
2334,Mahindra,XUV 3XO,2019,13.94,Electric,Manual,0,294.4,4,2,Yes,Yes,Yes,Calm,Low,0.1,91.4,12.51,Good,32.6,75.1,Low,12.833615036738841,Low,-2.976026995442661,83,83.39,Highly Recommended
2335,Kia,Carens,2025,10.15,Petrol,Manual,1199,20.9,3,6,Yes,No,Yes,Risky,High,0.33,82.4,11.73,Moderate,29.1,55.7,Medium,36.43481383017012,High,70.47697674890202,33,48.985,Consider
2336,Toyota,Urban Cruiser,2021,12.24,Diesel,Automatic,1497,22.0,4,6,Yes,Yes,Yes,Normal,Low,0.18,78.0,12.42,Moderate,29.2,57.5,Low,11.596353696816704,Low,21.079004482283395,77,73.94999999999999,Recommended
2337,Hyundai,Venue,2026,13.12,CNG,Manual,1197,18.3,4,4,Yes,Yes,Yes,Calm,Low,0.28,88.0,12.45,Good,30.5,83.6,Low,12.097712451344867,Low,1.6392837035361705,86,76.445,Highly Recommended
2338,Maruti Suzuki,Baleno,2025,4.5,Petrol,Manual,2198,21.5,4,6,Yes,No,Yes,Normal,Medium,0.28,95.7,12.17,Poor,29.8,81.0,Low,23.67899304008392,Medium,41.73533628398461,44,54.025000000000006,Consider
2339,Skoda,Kushaq,2019,12.95,Diesel,Manual,1498,16.0,4,6,Yes,Yes,No,Calm,Medium,0.26,87.2,12.84,Moderate,31.8,66.4,Low,11.225418350739503,Low,23.322375663690377,76,61.6,Recommended
2340,Skoda,Slavia,2024,14.42,Diesel,Manual,1497,17.2,3,4,Yes,No,Yes,Normal,Medium,0.18,75.0,12.3,Good,32.6,59.9,Low,11.81674586143197,Low,24.075022233925857,55,58.33,Consider
2341,Tata,Punch,2025,14.73,CNG,Automatic,1199,24.1,5,2,Yes,Yes,Yes,Normal,Medium,0.19,89.1,11.8,Good,31.5,93.6,Low,19.07229320222829,Low,27.559290024175027,79,79.165,Highly Recommended
2342,Honda,Elevate,2021,9.52,CNG,Manual,1290,22.8,3,2,Yes,No,Yes,Calm,Medium,0.15,109.9,11.88,Good,30.0,100.0,Low,27.295358829528183,Low,16.861548191834654,51,61.37,Recommended
2343,Honda,Amaze,2020,7.95,Diesel,Automatic,998,22.4,4,6,Yes,Yes,No,Normal,Low,0.29,92.5,12.89,Good,28.7,73.8,Low,6.747565777288604,Low,15.599716522777168,86,72.06,Recommended
2344,Skoda,Kushaq,2023,14.36,Electric,Manual,0,289.2,3,6,Yes,No,Yes,Calm,Low,0.18,85.5,12.55,Good,33.0,65.4,Low,16.605584247477193,Low,4.879978861473137,65,75.095,Highly Recommended
2345,Kia,Seltos,2020,12.97,CNG,Automatic,1498,28.2,5,6,Yes,Yes,Yes,Calm,Low,0.08,92.9,12.6,Good,29.9,72.2,Low,10.711834501262324,Low,8.949991318913707,95,86.97999999999999,Highly Recommended
2346,Mahindra,XUV700,2019,14.69,Diesel,Manual,1497,15.0,4,4,Yes,Yes,No,Normal,Low,0.07,93.4,12.99,Good,34.9,63.4,Low,2.849693962475646,Low,11.44327333063502,84,65.05000000000001,Recommended
2347,Renault,Triber,2026,7.42,Diesel,Manual,1498,25.1,5,2,Yes,Yes,Yes,Normal,Low,0.0,93.7,13.0,Good,31.7,55.7,Low,16.92299886358866,Low,7.289136587294028,87,73.91499999999999,Recommended
2348,Tata,Nexon,2026,17.42,Diesel,Automatic,1199,24.2,3,4,Yes,No,No,Risky,High,0.33,81.6,12.72,Moderate,31.1,72.4,Low,0.0,High,62.783032759649544,37,50.28,Consider
2349,Skoda,Kushaq,2022,10.9,Diesel,Manual,1199,21.1,5,4,Yes,Yes,No,Normal,Medium,0.29,100.2,12.84,Good,36.6,84.9,Low,14.398740870901525,Low,25.36388893589512,85,66.41499999999999,Recommended
2350,Maruti Suzuki,Dzire,2022,7.5,Electric,Manual,0,373.1,4,6,Yes,Yes,Yes,Normal,Low,0.0,87.1,12.7,Good,31.3,76.8,Low,1.9620486295719086,Low,6.121242970424078,90,89.49125000000001,Highly Recommended
2351,Maruti Suzuki,Brezza,2024,8.12,Petrol,Manual,1997,23.9,3,6,Yes,No,Yes,Normal,High,0.36,82.5,12.12,Good,33.0,63.0,Low,6.739754319193489,Medium,34.90515464552149,56,59.785,Consider
2352,Kia,Sonet,2021,12.26,Petrol,Automatic,998,18.8,4,6,Yes,Yes,No,Normal,Medium,0.3,80.3,12.32,Good,33.6,68.8,Low,8.148607726553298,Medium,32.82321487873601,79,68.37,Recommended
2353,Volkswagen,Virtus,2020,16.71,Electric,Automatic,0,226.8,3,6,Yes,No,Yes,Normal,Medium,0.12,89.8,12.98,Moderate,32.5,86.1,Low,7.097564593838062,Low,25.51510351381049,53,72.355,Recommended
2354,Honda,Amaze,2020,4.5,Petrol,Automatic,1997,19.2,4,7,Yes,Yes,Yes,Normal,Low,0.02,92.3,13.03,Good,34.4,77.8,Low,0.0,Low,4.660213339548003,92,80.28,Highly Recommended
2355,Tata,Harrier,2019,11.21,Electric,Manual,0,374.6,5,2,Yes,Yes,No,Normal,Low,0.2,85.0,12.79,Moderate,31.8,85.5,Low,9.951953826545248,Low,21.280896628727326,77,77.69749999999999,Highly Recommended
2356,Honda,City,2020,11.45,CNG,Automatic,1290,31.6,4,2,Yes,Yes,No,Normal,Medium,0.15,92.5,12.55,Moderate,31.5,69.1,Low,7.196189108879812,Low,29.446376994532173,67,68.89,Recommended
2357,Hyundai,Verna,2025,12.49,Petrol,Manual,1498,18.3,2,6,Yes,No,Yes,Risky,Low,0.07,87.8,12.94,Good,34.7,70.4,Low,9.195632137001724,Medium,33.49825417596825,48,55.345,Consider
2358,Mahindra,XUV 3XO,2023,19.36,Electric,Manual,0,373.2,4,6,Yes,Yes,No,Normal,Medium,0.18,90.2,12.47,Good,31.6,84.5,Low,7.055802023204842,Low,15.829526183554199,85,81.245,Highly Recommended
2359,Maruti Suzuki,Dzire,2023,5.43,Petrol,Automatic,1597,23.8,5,4,Yes,Yes,Yes,Aggressive,Medium,0.25,81.3,12.73,Good,25.0,65.8,Low,12.925483675632929,Medium,39.26588023854461,80,75.57,Highly Recommended
2360,Honda,Elevate,2022,12.68,Petrol,Manual,1498,13.3,4,7,Yes,Yes,Yes,Normal,Medium,0.24,92.1,12.54,Moderate,31.3,94.2,Low,6.111841425240236,Low,29.491399169525554,77,67.645,Recommended
2361,Skoda,Slavia,2022,10.9,Diesel,Manual,998,18.9,3,2,Yes,No,No,Risky,Medium,0.18,84.2,12.22,Good,33.0,50.0,Low,13.69872461769347,Medium,45.242442777766236,43,47.185,Consider
2362,Renault,Triber,2023,7.5,Electric,Automatic,0,372.8,4,4,Yes,Yes,No,Risky,Low,0.12,76.4,12.68,Good,28.0,80.4,Low,5.777627222684941,Medium,41.311512557892456,73,80.83,Highly Recommended
2363,Tata,Punch,2025,11.33,CNG,Manual,1597,24.2,4,6,Yes,Yes,Yes,Normal,Medium,0.29,83.9,11.92,Moderate,34.1,83.4,Low,20.11604190732382,Low,29.274042893426472,73,71.48,Recommended
2364,Mahindra,XUV700,2023,17.4,Petrol,Manual,1290,19.8,4,4,Yes,Yes,Yes,Normal,Low,0.29,74.6,13.09,Moderate,32.4,65.5,Low,17.891167124898864,Low,21.911781865360386,72,66.37,Recommended
2365,Renault,Triber,2021,9.84,CNG,Automatic,1498,25.9,4,6,Yes,Yes,Yes,Risky,Medium,0.25,103.3,12.97,Good,32.7,78.8,Low,13.20066991082688,Medium,44.75277576014354,74,77.185,Highly Recommended
2366,Toyota,Glanza,2024,15.77,Electric,Manual,0,297.4,3,6,Yes,No,Yes,Calm,Low,0.07,98.2,11.88,Moderate,29.9,84.5,Low,24.231136613142297,Low,24.22347871954225,51,69.10249999999999,Recommended
2367,Kia,Sonet,2019,8.81,Diesel,Manual,1597,18.8,4,6,Yes,Yes,Yes,Aggressive,Low,0.09,91.6,12.99,Good,34.3,95.5,Low,8.89132608725474,Low,24.46793603264371,82,70.72,Recommended
2368,Kia,Carens,2019,12.62,Diesel,Manual,998,22.5,4,6,Yes,Yes,Yes,Calm,Medium,0.27,80.5,12.2,Good,29.9,100.0,Low,0.0,Low,14.871112096827996,87,73.525,Recommended
2369,Mahindra,Thar,2021,20.06,Petrol,Manual,1597,17.9,4,4,Yes,Yes,Yes,Risky,Low,0.24,91.0,12.91,Poor,27.8,53.0,Low,34.80945113599637,Medium,43.64460958245701,53,57.535,Consider
2370,Mahindra,XUV700,2020,11.32,Petrol,Automatic,1997,12.1,4,2,Yes,Yes,Yes,Normal,Low,0.09,85.9,13.5,Good,30.7,69.3,Low,13.970854511800574,Low,8.516503941724588,79,73.36500000000001,Recommended
2371,Hyundai,Venue,2026,14.36,CNG,Manual,1199,22.9,4,4,Yes,Yes,No,Risky,Low,0.07,90.5,12.19,Poor,29.7,91.7,Low,19.472310995686904,Medium,49.46604866347234,53,56.285,Consider
2372,Hyundai,Exter,2023,14.05,Electric,Manual,0,357.1,4,6,Yes,Yes,Yes,Calm,Medium,0.17,85.0,13.05,Good,29.5,64.9,Low,16.17416386838637,Low,12.6645746205635,85,86.64125,Highly Recommended
2373,Hyundai,Creta,2026,15.48,Petrol,Manual,1497,11.5,5,6,Yes,Yes,Yes,Aggressive,Medium,0.16,87.9,12.46,Good,38.0,67.0,Low,11.944179860193882,Medium,30.1567803425275,88,72.325,Recommended
2374,Tata,Punch,2022,10.57,Petrol,Automatic,1497,19.3,4,2,Yes,Yes,Yes,Normal,High,0.31,84.6,12.87,Good,28.0,88.9,Low,6.601277434028351,Medium,38.94838758697115,69,69.945,Recommended
2375,Tata,Curvv,2026,13.53,Petrol,Automatic,1197,18.2,5,6,Yes,Yes,Yes,Normal,Medium,0.23,88.2,13.05,Good,33.5,46.9,Low,14.460913160579135,Low,22.142867281264696,90,79.22999999999999,Highly Recommended
2376,Tata,Punch,2019,5.69,Petrol,Manual,1197,16.1,4,4,Yes,No,Yes,Calm,Low,0.25,77.6,12.79,Good,31.3,77.7,Low,9.90609929286257,Low,9.821784170487359,68,64.015,Recommended
2377,Kia,Carens,2026,13.0,CNG,Manual,998,27.4,4,4,Yes,Yes,Yes,Normal,Low,0.26,84.0,12.56,Poor,35.4,73.5,Low,27.000280219426074,Low,26.66627057785693,60,66.11,Recommended
2378,Tata,Nexon,2021,16.21,Electric,Automatic,0,311.8,4,4,Yes,Yes,No,Normal,Low,0.05,90.5,12.33,Good,31.8,77.1,Low,1.9975372405323935,Low,3.1597124621381285,87,84.8425,Highly Recommended
2379,Skoda,Slavia,2019,13.19,CNG,Manual,1497,25.2,4,6,Yes,Yes,Yes,Normal,Medium,0.25,88.0,12.21,Good,30.7,100.0,Low,0.0,Low,20.18183393587699,85,77.03,Highly Recommended
2380,Honda,Amaze,2021,10.58,Petrol,Manual,998,17.5,5,4,Yes,Yes,Yes,Aggressive,Low,0.16,93.7,12.93,Moderate,29.4,77.2,Low,9.2737724507003,Low,29.27725539394039,78,68.725,Recommended
2381,Tata,Punch,2019,10.42,Petrol,Manual,1290,17.1,5,2,Yes,Yes,No,Risky,Low,0.04,85.1,12.9,Good,33.8,38.7,Low,11.685608241109774,Medium,40.93686045988863,76,61.765,Recommended
2382,Volkswagen,Taigun,2020,9.56,Petrol,Manual,1498,14.2,4,7,Yes,No,Yes,Normal,Low,0.0,99.5,13.02,Moderate,31.7,89.8,Low,10.988594121405612,Low,13.913789259566826,66,62.83,Recommended
2383,Renault,Triber,2022,8.84,CNG,Manual,1997,27.1,4,2,Yes,Yes,Yes,Normal,Low,0.15,90.8,12.54,Moderate,32.2,75.5,Low,8.812685868726508,Low,23.827868419375417,68,69.66499999999999,Recommended
2384,Tata,Harrier,2021,15.01,Petrol,Automatic,1597,14.6,3,6,Yes,No,Yes,Aggressive,Low,0.21,87.3,12.76,Moderate,37.6,68.9,Low,18.431955488356017,Low,25.831844782189176,51,61.14,Recommended
2385,Hyundai,Venue,2023,9.5,CNG,Automatic,1497,26.3,3,6,Yes,No,Yes,Calm,Medium,0.33,86.8,12.18,Good,36.9,97.8,Low,0.0,Low,24.221896618043957,61,71.395,Recommended
2386,Hyundai,Exter,2022,4.5,Petrol,Manual,1597,25.6,5,4,Yes,No,No,Aggressive,Medium,0.36,80.0,12.84,Good,30.1,25.7,Low,19.668319606202278,Medium,34.300923230704825,66,58.54,Consider
2387,Mahindra,Scorpio,2025,12.74,Diesel,Automatic,1290,20.8,5,2,Yes,Yes,Yes,Normal,High,0.23,95.3,13.4,Good,36.6,68.3,Low,12.572579868166162,Medium,43.2709421163847,75,72.87,Recommended
2388,Maruti Suzuki,Baleno,2026,6.74,CNG,Manual,1197,18.5,4,6,Yes,Yes,Yes,Normal,Medium,0.2,94.7,12.62,Good,34.3,70.4,Low,6.452339065863305,Low,22.78764269692279,83,75.125,Highly Recommended
2389,Skoda,Slavia,2020,12.8,CNG,Manual,1597,25.0,4,6,Yes,Yes,No,Normal,Low,0.14,89.3,11.83,Good,29.7,98.5,Low,21.78066589972221,Low,14.521391514932926,84,70.55000000000001,Recommended
2390,Kia,Seltos,2025,13.53,Petrol,Manual,2198,20.8,4,2,Yes,No,Yes,Calm,Medium,0.37,94.4,11.24,Good,32.3,61.5,Low,29.949563326130235,Low,20.725132735152794,57,59.77,Consider
2391,Kia,Sonet,2020,8.97,Diesel,Manual,2198,22.5,5,6,Yes,Yes,No,Aggressive,Low,0.0,87.4,12.63,Moderate,30.5,76.2,Low,16.768008885757162,Low,23.646709227706218,83,65.725,Recommended
2392,Renault,Triber,2019,10.8,Electric,Automatic,0,341.9,3,4,Yes,No,Yes,Aggressive,Low,0.21,84.9,12.72,Good,34.1,75.9,Low,10.04603676804909,Low,24.70624108099121,55,77.57124999999999,Highly Recommended
2393,Mahindra,Scorpio,2019,9.88,Petrol,Automatic,1290,20.4,5,6,Yes,Yes,Yes,Normal,High,0.41,87.7,12.44,Good,37.6,75.0,Low,1.8774128214322712,Medium,35.89981287557573,87,78.21000000000001,Highly Recommended
2394,Volkswagen,Taigun,2019,12.98,Petrol,Manual,1497,22.2,4,6,Yes,Yes,Yes,Normal,Low,0.09,84.3,12.63,Poor,31.1,70.7,Low,30.095750933813388,Low,25.258549252027038,64,63.13,Recommended
2395,Volkswagen,Taigun,2024,15.6,Electric,Manual,0,369.9,4,6,Yes,Yes,Yes,Normal,Low,0.08,83.0,12.69,Good,35.1,71.0,Low,6.054422336543123,Low,11.580857005506246,87,88.02125,Highly Recommended
2396,Kia,Carens,2024,10.04,Petrol,Manual,1290,13.2,4,6,Yes,Yes,Yes,Risky,Low,0.16,84.3,12.1,Good,34.8,94.4,Low,0.0,Medium,38.2331478343128,79,68.53,Recommended
2397,Skoda,Kushaq,2020,13.7,Electric,Manual,0,438.0,4,4,Yes,Yes,Yes,Calm,Low,0.01,98.4,11.99,Good,28.4,100.0,Low,17.43551437374484,Low,6.370086856781302,83,87.35,Highly Recommended
2398,Hyundai,Creta,2022,14.16,Electric,Manual,0,409.4,5,2,Yes,Yes,Yes,Risky,Low,0.1,79.5,12.92,Moderate,29.1,65.7,Low,7.655176943301871,Medium,43.69463791952621,70,81.5,Highly Recommended
2399,Hyundai,Exter,2023,9.63,Petrol,Manual,1497,18.2,4,2,Yes,No,Yes,Risky,Low,0.3,92.9,11.73,Moderate,33.7,87.9,Low,28.600625049016323,Medium,44.62633776501602,43,53.08,Consider
2400,Maruti Suzuki,Brezza,2023,8.01,Petrol,Manual,998,16.6,4,2,Yes,Yes,Yes,Normal,Low,0.12,86.8,12.28,Good,31.1,88.6,Low,7.571937094218633,Low,11.30966338791336,79,69.04,Recommended
2401,Hyundai,i20,2019,10.43,CNG,Manual,1997,23.3,3,4,Yes,No,Yes,Normal,Low,0.06,84.8,12.89,Good,28.4,55.0,Low,11.915003482523986,Low,5.239565896143193,61,65.945,Recommended
2402,Maruti Suzuki,Fronx,2019,5.66,CNG,Manual,1290,27.1,3,2,Yes,No,Yes,Normal,Medium,0.15,82.7,12.71,Good,28.2,68.0,Low,10.174307696567313,Low,28.805395997751916,49,61.115,Recommended
2403,Renault,Triber,2025,5.27,Petrol,Manual,2198,16.5,5,4,Yes,Yes,Yes,Calm,Medium,0.17,77.8,11.54,Good,31.9,94.8,Low,18.12905404092742,Low,19.166458764380106,87,72.625,Recommended
2404,Renault,Kiger,2026,15.6,CNG,Manual,1199,25.5,5,6,Yes,Yes,Yes,Normal,Low,0.22,87.5,12.7,Good,38.0,72.3,Low,6.1882346483137685,Low,16.59348342851979,93,80.67500000000001,Highly Recommended
2405,Kia,Carens,2020,10.74,CNG,Manual,1199,22.7,5,2,Yes,Yes,No,Normal,Low,0.21,81.5,12.6,Good,31.5,94.0,Low,0.0,Low,10.508484195912612,88,72.005,Recommended
2406,Renault,Kiger,2023,7.5,Electric,Manual,0,427.9,4,4,Yes,Yes,Yes,Normal,High,0.36,81.2,12.83,Good,31.4,76.6,Low,4.963754435351353,Medium,35.93880516295312,75,83.75,Highly Recommended
2407,Honda,Amaze,2024,9.2,Diesel,Automatic,1597,19.8,3,6,Yes,No,Yes,Calm,Medium,0.29,97.0,11.92,Moderate,31.5,99.4,Low,28.294132723550092,Low,25.143452331876528,50,61.47,Recommended
2408,Maruti Suzuki,Fronx,2022,7.17,CNG,Manual,1597,26.8,4,7,Yes,Yes,Yes,Aggressive,High,0.39,93.3,12.51,Good,27.7,65.0,Low,10.42336120468066,Medium,45.75449427990306,76,73.22,Recommended
2409,Volkswagen,Taigun,2022,13.91,CNG,Automatic,1497,24.6,4,6,Yes,Yes,Yes,Normal,Medium,0.17,77.5,12.6,Good,33.0,80.4,Low,17.24454168661309,Low,22.088390921431458,82,80.59,Highly Recommended
2410,Skoda,Slavia,2019,8.32,Petrol,Manual,1997,20.5,3,6,Yes,No,Yes,Normal,Low,0.2,99.8,11.69,Good,34.3,71.0,Low,30.80226986599481,Low,17.89558652471694,58,60.175,Recommended
2411,Mahindra,Scorpio,2021,12.97,CNG,Automatic,1498,23.6,5,2,Yes,Yes,Yes,Normal,Low,0.0,84.4,12.99,Good,33.4,68.3,Low,5.778025370279276,Low,11.37550263792175,87,82.69,Highly Recommended
2412,Volkswagen,Taigun,2021,12.32,CNG,Manual,998,32.4,5,6,Yes,Yes,Yes,Aggressive,Low,0.14,91.8,12.1,Moderate,30.4,83.0,Low,8.683175973676494,Low,26.39795277533068,83,77.21000000000001,Highly Recommended
2413,Toyota,Urban Cruiser,2019,9.33,Diesel,Automatic,2198,19.4,3,6,Yes,No,Yes,Risky,Medium,0.29,96.3,12.72,Good,36.1,63.8,Low,20.662308806628044,Medium,45.76324351196689,50,61.41,Recommended
2414,Mahindra,Scorpio,2019,16.47,Electric,Manual,0,353.5,5,6,Yes,Yes,Yes,Calm,Medium,0.12,75.4,11.91,Good,33.5,65.8,Low,27.641476787795952,Low,18.982866289591236,89,88.30625,Highly Recommended
2415,Mahindra,Scorpio,2026,11.82,Petrol,Manual,1498,21.6,4,2,Yes,Yes,Yes,Normal,Low,0.07,84.6,13.27,Moderate,33.2,91.1,Low,10.339853710200384,Low,12.995747940023833,72,66.64,Recommended
2416,Toyota,Glanza,2020,18.28,Petrol,Automatic,1997,16.7,4,4,Yes,Yes,Yes,Normal,Medium,0.32,84.4,11.79,Good,29.6,64.2,Medium,36.03620072896809,Low,22.49828905483247,75,72.255,Recommended
2417,Hyundai,Verna,2025,9.76,Diesel,Automatic,1197,20.5,5,2,Yes,Yes,No,Normal,Low,0.22,89.1,12.36,Good,26.8,60.4,Low,17.068012320196463,Low,17.096335795688603,83,70.42500000000001,Recommended
2418,Tata,Curvv,2020,8.06,Electric,Automatic,0,373.0,5,2,Yes,Yes,Yes,Normal,Medium,0.24,99.7,12.87,Good,33.6,94.3,Low,8.717683266226707,Low,19.69902641937013,84,91.7875,Highly Recommended
2419,Toyota,Glanza,2025,15.79,Diesel,Manual,1290,22.5,3,7,Yes,No,Yes,Normal,Medium,0.27,84.7,12.42,Good,34.4,56.8,Low,10.01870935180677,Low,19.501033735011415,63,62.725,Recommended
2420,Honda,City,2025,9.65,Diesel,Manual,1997,16.7,4,6,Yes,Yes,Yes,Aggressive,Medium,0.42,75.9,13.31,Good,31.5,86.8,Low,0.0,Medium,41.54043227802483,77,68.155,Recommended
2421,Volkswagen,Virtus,2025,14.5,Petrol,Automatic,998,16.3,4,2,Yes,Yes,Yes,Normal,Low,0.17,101.4,12.79,Good,28.7,100.0,Low,2.5287296340029553,Low,7.334138371703359,81,74.89500000000001,Recommended
2422,Honda,City,2020,9.7,CNG,Manual,1497,21.7,3,7,Yes,No,No,Normal,Low,0.03,94.9,12.05,Moderate,32.0,89.4,Low,33.622802818867875,Low,9.152811021662085,57,57.905,Consider
2423,Tata,Nexon,2020,12.87,Diesel,Manual,1290,16.0,4,6,Yes,No,Yes,Aggressive,Medium,0.26,86.4,11.52,Moderate,34.5,94.1,Low,16.285027849448603,Medium,42.628632516887116,54,57.7,Consider
2424,Hyundai,Venue,2019,5.97,CNG,Automatic,2198,21.6,3,6,Yes,No,Yes,Risky,Low,0.18,87.7,12.32,Good,35.1,90.7,Low,3.39422850495992,Medium,34.26352253956625,56,68.44,Recommended
2425,Hyundai,Creta,2026,12.03,Diesel,Manual,1597,25.6,4,6,Yes,Yes,Yes,Aggressive,Medium,0.22,98.3,12.87,Good,32.6,84.3,Low,11.985542568646661,Medium,35.67499770365405,78,69.94,Recommended
2426,Tata,Punch,2023,9.09,Petrol,Automatic,998,19.3,5,2,Yes,Yes,Yes,Risky,Medium,0.31,92.3,12.15,Good,31.3,83.3,Low,3.1578635289126025,Medium,47.493934768044895,75,72.64500000000001,Recommended
2427,Mahindra,Scorpio,2019,10.82,Diesel,Manual,1199,22.1,5,2,Yes,Yes,Yes,Normal,High,0.28,83.1,11.82,Moderate,31.6,55.0,Low,32.66747054282763,Medium,45.20854249542398,65,63.565,Recommended
2428,Renault,Kiger,2023,7.5,Electric,Manual,0,446.7,5,6,Yes,Yes,No,Normal,High,0.39,96.0,12.2,Good,33.7,70.9,Low,20.00610551657327,Medium,39.37659410446671,83,81.35,Highly Recommended
2429,Kia,Sonet,2021,12.42,Diesel,Automatic,1197,23.4,3,6,Yes,No,Yes,Normal,Low,0.12,71.1,12.27,Good,32.8,73.2,Low,1.7870834888163465,Low,9.74436936149624,65,68.75999999999999,Recommended
2430,Tata,Altroz,2020,11.82,Diesel,Automatic,1497,22.3,3,6,Yes,No,Yes,Aggressive,Low,0.06,87.4,12.91,Good,30.4,75.7,Low,14.068479769255491,Low,24.24580434764456,58,65.445,Recommended
2431,Mahindra,Scorpio,2020,13.23,Diesel,Automatic,998,20.3,4,7,Yes,No,Yes,Normal,Low,0.04,96.4,12.15,Good,35.3,91.3,Low,1.9961120426032997,Low,6.484702714136676,76,73.245,Recommended
2432,Volkswagen,Virtus,2023,9.59,Diesel,Automatic,1997,23.7,5,6,Yes,Yes,Yes,Normal,Low,0.01,87.0,12.68,Poor,29.4,71.7,Low,31.964542779435906,Low,21.618282634972267,73,72.405,Recommended
2433,Renault,Triber,2026,4.55,Petrol,Manual,1997,17.4,5,6,Yes,Yes,Yes,Normal,Low,0.13,88.5,11.92,Good,35.7,80.0,Low,19.39435935677026,Low,18.9378214153277,90,74.11,Recommended
2434,Maruti Suzuki,Brezza,2019,4.97,Diesel,Manual,1597,21.5,3,6,Yes,No,No,Aggressive,Medium,0.19,78.6,12.28,Good,34.5,75.6,Low,7.323720919217517,Medium,32.23026227780473,57,53.875,Consider
2435,Skoda,Kushaq,2024,13.39,Diesel,Manual,1997,23.2,3,6,Yes,No,Yes,Calm,Low,0.07,91.5,12.68,Moderate,27.5,70.6,Low,7.672834047632708,Low,14.810915732720797,57,60.13,Recommended
2436,Toyota,Urban Cruiser,2019,7.3,Diesel,Manual,998,20.2,4,4,Yes,Yes,No,Normal,Low,0.14,72.8,12.19,Good,26.4,88.1,Low,0.0,Low,10.438211147592593,84,65.83000000000001,Recommended
2437,Honda,Elevate,2025,10.63,CNG,Automatic,1197,27.5,4,4,Yes,No,No,Risky,Low,0.26,88.9,11.7,Moderate,29.9,69.7,Low,26.181504952951435,Medium,45.28237961339078,47,59.275000000000006,Consider
2438,Honda,Elevate,2019,13.05,Electric,Manual,0,390.8,3,6,Yes,No,Yes,Normal,High,0.37,100.0,12.1,Good,29.9,73.6,Low,15.706585067278,Medium,37.5754309208784,53,73.505,Recommended
2439,Skoda,Kushaq,2023,17.81,Petrol,Manual,1199,18.8,4,6,Yes,Yes,Yes,Aggressive,Medium,0.29,82.9,13.36,Moderate,31.1,80.4,Low,11.494057617868293,Medium,32.91128349144702,73,66.67,Recommended
2440,Tata,Punch,2023,10.85,Petrol,Automatic,1498,15.0,4,6,Yes,Yes,Yes,Normal,Medium,0.11,84.1,12.99,Good,34.0,71.8,Low,13.476276315530779,Low,22.916417909999698,82,75.15,Highly Recommended
2441,Hyundai,Verna,2025,9.66,CNG,Manual,1498,28.5,5,6,Yes,Yes,Yes,Aggressive,Medium,0.21,83.7,12.39,Poor,30.3,45.6,Medium,41.370869524928075,Medium,52.183363646040526,61,66.725,Recommended
2442,Hyundai,Exter,2025,8.94,CNG,Manual,2198,22.8,4,2,Yes,Yes,Yes,Risky,Low,0.17,84.4,12.42,Good,34.1,59.5,Low,3.066953200886376,Medium,35.94741371132442,71,70.37,Recommended
2443,Skoda,Kushaq,2022,18.26,CNG,Automatic,1290,25.1,4,7,Yes,Yes,No,Normal,Low,0.0,76.8,12.5,Good,31.2,85.0,Low,7.532785737541371,Low,8.556945954882913,90,78.265,Highly Recommended
2444,Skoda,Slavia,2026,14.1,Petrol,Manual,1199,23.3,4,4,Yes,Yes,Yes,Aggressive,Medium,0.15,94.9,12.36,Good,34.5,82.6,Low,2.5692630923697193,Low,27.63869017660282,78,69.595,Recommended
2445,Tata,Harrier,2019,12.72,Electric,Automatic,0,278.2,5,2,Yes,Yes,Yes,Normal,High,0.4,93.3,11.83,Good,27.5,82.7,Low,27.4627344521889,Medium,37.49746993460734,75,84.1825,Highly Recommended
2446,Skoda,Kushaq,2019,10.64,Petrol,Automatic,2198,23.5,4,6,Yes,Yes,No,Risky,Low,0.0,81.3,12.36,Moderate,31.3,76.5,Low,4.779862166029524,Medium,43.15028645098788,70,65.025,Recommended
2447,Toyota,Urban Cruiser,2022,10.16,Diesel,Automatic,1597,21.0,4,6,Yes,Yes,Yes,Aggressive,Low,0.0,96.2,11.9,Poor,30.5,66.0,High,63.86254821886794,Medium,32.601373853526106,56,64.35,Recommended
2448,Mahindra,Scorpio,2019,16.53,Petrol,Automatic,1597,14.5,4,6,Yes,Yes,No,Aggressive,Medium,0.21,93.2,12.76,Good,31.4,80.2,Low,5.511507103057526,Medium,30.10999493548933,81,68.625,Recommended
2449,Maruti Suzuki,Dzire,2025,8.07,Diesel,Automatic,1199,20.4,4,2,Yes,Yes,Yes,Normal,Medium,0.39,79.9,12.94,Poor,32.1,75.9,Low,19.89992976260679,Medium,43.15691792668177,51,62.01,Recommended
2450,Skoda,Kushaq,2020,14.01,Petrol,Manual,1997,10.0,4,6,Yes,Yes,Yes,Calm,Medium,0.1,88.2,11.9,Good,29.3,60.2,Low,32.87769577665132,Low,15.432030902001681,82,69.4,Recommended
2451,Skoda,Kushaq,2019,9.51,CNG,Manual,1290,25.7,3,4,Yes,No,Yes,Normal,Medium,0.23,88.6,11.92,Moderate,32.6,76.8,Low,27.67239463473168,Low,21.585188685628424,47,60.005,Recommended
2452,Honda,City,2024,5.53,Petrol,Manual,2198,12.4,5,6,Yes,No,Yes,Normal,Low,0.06,88.4,12.73,Moderate,34.1,75.5,Low,9.943131426501262,Low,23.763888130561053,69,63.910000000000004,Recommended
2453,Volkswagen,Taigun,2022,14.12,Diesel,Manual,1497,20.9,3,6,Yes,No,Yes,Normal,Low,0.0,94.1,13.14,Poor,32.0,89.4,Low,18.702880149141837,Low,20.00236029077786,44,53.935,Consider
2454,Toyota,Urban Cruiser,2022,13.66,Petrol,Manual,998,15.3,4,6,Yes,Yes,Yes,Aggressive,Medium,0.25,100.9,12.53,Moderate,31.0,84.0,Low,7.909830469255526,Medium,36.895727067297706,72,65.695,Recommended
2455,Maruti Suzuki,Swift,2026,14.36,Petrol,Manual,1197,17.5,3,7,Yes,No,Yes,Calm,Low,0.14,93.4,12.17,Good,32.9,91.3,Low,2.5472656777194143,Low,10.985840678041292,67,63.775000000000006,Recommended
2456,Toyota,Urban Cruiser,2023,15.91,Petrol,Manual,2198,23.2,4,7,Yes,Yes,Yes,Normal,Low,0.15,86.9,12.93,Good,32.7,70.3,Low,12.236665445248775,Low,9.41717971733408,89,74.53,Recommended
2457,Mahindra,Scorpio,2025,18.46,Electric,Manual,0,341.1,4,6,Yes,Yes,Yes,Normal,Medium,0.3,82.6,11.66,Good,31.9,100.0,Low,27.00867431141755,Low,27.54059592726445,78,82.89125,Highly Recommended
2458,Tata,Curvv,2022,10.38,Electric,Manual,0,275.0,4,7,Yes,Yes,Yes,Normal,Medium,0.22,89.5,12.63,Good,33.4,83.6,Low,4.860486641373333,Low,18.72568571027569,87,84.4625,Highly Recommended
2459,Volkswagen,Virtus,2022,18.44,Electric,Automatic,0,428.0,4,2,Yes,Yes,Yes,Aggressive,Low,0.2,91.9,12.39,Moderate,31.6,67.0,Low,13.873371837235453,Low,18.813954232233268,69,86.05,Highly Recommended
2460,Renault,Kwid,2021,7.27,Diesel,Manual,1997,18.5,3,4,Yes,No,Yes,Normal,Medium,0.22,84.1,12.95,Moderate,31.5,77.6,Low,5.776959606175035,Low,29.296223299917106,48,55.375,Consider
2461,Mahindra,XUV700,2021,9.94,Petrol,Manual,1597,18.6,4,2,Yes,Yes,No,Calm,Low,0.13,74.6,12.03,Good,32.6,69.2,Low,26.80130361285501,Low,6.16810354573106,78,62.89,Recommended
2462,Toyota,Urban Cruiser,2021,12.36,Electric,Manual,0,363.5,4,2,Yes,Yes,Yes,Normal,Low,0.07,91.3,11.97,Good,30.4,82.6,Low,22.337789014076574,Low,11.324988899211498,77,83.28125,Highly Recommended
2463,Kia,Seltos,2019,7.22,Petrol,Automatic,2198,18.3,4,2,Yes,Yes,Yes,Aggressive,Low,0.0,87.9,12.47,Good,33.7,72.4,Low,12.925006322213472,Low,28.943510206817074,72,71.145,Recommended
2464,Honda,Elevate,2023,10.13,Petrol,Manual,998,12.0,4,6,Yes,Yes,No,Normal,High,0.37,81.2,12.28,Moderate,29.6,72.4,Low,3.9412924885036853,Medium,43.172018272812444,70,58.3,Consider
2465,Kia,Seltos,2020,13.77,Petrol,Manual,1997,21.9,3,6,Yes,No,No,Normal,Medium,0.15,97.0,12.56,Moderate,30.7,100.0,Low,3.5515329564697242,Low,24.982651181484357,54,52.585,Consider
2466,Toyota,Urban Cruiser,2026,14.42,CNG,Manual,1197,24.9,4,6,Yes,Yes,Yes,Normal,Low,0.13,84.1,12.94,Good,32.4,90.0,Low,3.0184851689796384,Low,8.86629726842083,88,78.33500000000001,Highly Recommended
2467,Skoda,Kushaq,2025,9.39,Diesel,Manual,1199,19.9,5,2,Yes,Yes,No,Normal,Medium,0.24,83.2,13.15,Poor,33.2,78.4,Low,33.77861208574099,Medium,32.58427550522723,61,55.435,Consider
2468,Kia,Carens,2025,9.35,Petrol,Automatic,1498,18.5,4,2,Yes,Yes,Yes,Normal,Low,0.0,80.4,12.44,Moderate,30.1,64.1,Low,8.01354433322523,Low,11.268629529805459,73,71.625,Recommended
2469,Renault,Triber,2025,8.44,CNG,Automatic,1597,24.2,5,4,Yes,Yes,Yes,Calm,Low,0.21,92.0,12.61,Good,29.1,100.0,Low,0.0,Low,15.911077141388592,90,84.13,Highly Recommended
2470,Toyota,Hyryder,2026,16.08,CNG,Manual,998,27.6,3,7,Yes,No,Yes,Calm,Low,0.22,96.1,12.09,Good,28.1,54.2,Low,34.6157631605487,Low,10.188115161848376,62,67.03999999999999,Recommended
2471,Maruti Suzuki,Baleno,2021,10.49,Petrol,Manual,2198,15.4,3,6,Yes,No,Yes,Normal,Medium,0.28,83.2,12.33,Moderate,28.8,67.2,Low,8.124919516731161,Low,24.964269741239846,53,57.16,Consider
2472,Mahindra,XUV 3XO,2020,8.02,Petrol,Manual,1197,16.2,5,4,Yes,Yes,Yes,Calm,Medium,0.24,81.4,12.38,Good,31.9,88.7,Low,3.8288614239186556,Low,19.78588998749427,89,73.48,Recommended
2473,Skoda,Slavia,2021,6.14,Petrol,Automatic,1199,17.8,5,2,Yes,Yes,No,Normal,Low,0.09,78.1,12.34,Good,35.8,98.1,Low,0.9813983613347421,Low,13.667782578011664,87,71.82,Recommended
2474,Mahindra,Scorpio,2026,17.14,Diesel,Automatic,1597,19.8,4,2,Yes,Yes,Yes,Normal,Low,0.0,84.0,12.77,Good,31.4,82.3,Low,6.895795448173328,Low,4.0438534937774095,82,75.87,Highly Recommended
2475,Kia,Seltos,2026,15.2,Electric,Manual,0,319.6,5,4,Yes,Yes,Yes,Aggressive,Low,0.06,88.3,13.8,Good,30.1,74.2,Low,7.219591970518655,Low,22.69563274484891,87,86.13499999999999,Highly Recommended
2476,Volkswagen,Taigun,2022,20.51,Electric,Manual,0,330.2,3,7,Yes,No,No,Normal,Low,0.01,100.4,12.66,Good,30.1,64.5,Low,20.445472601085413,Low,15.477102832028587,63,69.7325,Recommended
2477,Volkswagen,Taigun,2024,18.72,Diesel,Automatic,2198,27.1,4,6,Yes,Yes,Yes,Normal,Medium,0.19,81.9,12.46,Good,30.7,87.5,Low,0.0,Low,14.203232230574075,87,79.215,Highly Recommended
2478,Tata,Nexon,2026,8.36,Diesel,Manual,1498,20.6,5,6,Yes,Yes,Yes,Risky,Low,0.14,88.3,12.25,Moderate,33.7,97.1,Low,3.154170001622941,Medium,43.06373554641592,78,69.19,Recommended
2479,Tata,Harrier,2025,12.8,Electric,Automatic,0,404.1,4,6,Yes,Yes,No,Normal,Low,0.06,81.9,12.33,Good,31.1,78.5,Low,2.3093298135168325,Low,9.273158309879705,88,88.6,Highly Recommended
2480,Mahindra,Scorpio,2022,15.67,Petrol,Automatic,998,16.4,4,2,Yes,Yes,Yes,Normal,Low,0.17,82.4,12.34,Good,32.8,78.3,Low,7.90786535258725,Low,12.70045411481502,78,73.56,Recommended
2481,Tata,Nexon,2021,10.84,Electric,Manual,0,312.5,3,4,Yes,No,Yes,Normal,Medium,0.18,85.7,12.5,Good,33.5,72.0,Low,8.7978818058351,Low,28.018745895680638,54,71.01875,Recommended
2482,Kia,Sonet,2026,12.63,Petrol,Automatic,998,17.4,5,2,Yes,No,No,Calm,Medium,0.17,95.7,13.13,Poor,35.6,80.9,Low,32.45972894868562,Low,28.721687779675104,47,53.760000000000005,Consider
2483,Tata,Harrier,2020,11.69,Petrol,Automatic,1290,15.3,4,6,Yes,Yes,Yes,Normal,Low,0.08,82.1,12.21,Good,33.4,53.3,Low,10.995999112041526,Low,13.460135579094302,86,76.995,Highly Recommended
2484,Honda,City,2022,15.22,Diesel,Manual,1498,24.7,5,4,Yes,Yes,Yes,Normal,Low,0.0,89.0,13.18,Good,29.6,73.3,Low,14.851185066828265,Low,2.652849015009288,93,76.555,Highly Recommended
2485,Maruti Suzuki,Swift,2020,6.37,Petrol,Manual,1997,18.4,5,6,Yes,Yes,Yes,Normal,Medium,0.25,104.4,11.67,Good,29.4,82.3,Medium,40.584159164095865,Low,26.150027995520716,85,72.00999999999999,Recommended
2486,Hyundai,i20,2023,10.93,Petrol,Automatic,1197,25.1,4,2,Yes,Yes,Yes,Aggressive,Low,0.1,92.2,12.94,Good,33.7,64.5,Low,7.122562968478458,Low,23.28342847283869,75,73.515,Recommended
2487,Mahindra,Scorpio,2019,10.62,CNG,Automatic,1199,20.9,4,6,Yes,Yes,No,Calm,Medium,0.36,75.4,13.07,Moderate,31.0,78.4,Low,4.062518304853652,Low,26.628021121032305,76,71.33500000000001,Recommended
2488,Skoda,Slavia,2020,15.48,Electric,Automatic,0,343.9,4,6,Yes,Yes,No,Aggressive,Low,0.1,78.1,12.72,Good,28.9,65.0,Low,12.472040057362538,Low,24.14030391996761,82,83.79625,Highly Recommended
2489,Kia,Seltos,2024,14.22,Petrol,Automatic,2198,17.4,4,7,Yes,Yes,Yes,Calm,High,0.37,90.1,12.5,Good,30.4,79.2,Low,2.9236293837618748,Medium,30.830112705954782,83,75.96000000000001,Highly Recommended
2490,Maruti Suzuki,Swift,2025,4.5,CNG,Automatic,1498,21.1,5,4,Yes,No,No,Normal,Medium,0.31,87.8,13.01,Good,35.4,67.9,Low,1.3877999423650103,Low,24.700617737594218,72,69.565,Recommended
2491,Toyota,Innova,2025,18.69,CNG,Manual,1597,26.4,4,6,Yes,Yes,Yes,Aggressive,High,0.27,87.1,13.3,Good,32.6,63.1,Low,23.699312663075354,Medium,49.5411312133336,71,70.91,Recommended
2492,Volkswagen,Taigun,2026,18.99,Electric,Manual,0,461.5,4,6,Yes,No,Yes,Calm,Medium,0.18,93.5,12.25,Good,31.7,68.7,Low,9.13704443243677,Low,19.53195131320439,69,81.05,Highly Recommended
2493,Honda,City,2025,13.0,CNG,Manual,1497,19.7,3,2,Yes,No,No,Normal,Low,0.04,78.0,12.67,Good,33.9,67.1,Low,11.197131933922511,Low,14.001306781893176,54,56.254999999999995,Consider
2494,Honda,City,2019,9.51,Diesel,Automatic,1597,20.9,4,6,Yes,Yes,Yes,Aggressive,Low,0.05,79.2,11.71,Good,26.3,62.6,Low,30.916766845957696,Low,26.245025826263884,78,74.235,Recommended
2495,Skoda,Slavia,2026,4.85,Diesel,Manual,1197,21.9,3,6,Yes,No,No,Aggressive,Low,0.31,84.0,12.92,Good,28.4,70.1,Low,10.766358875521982,Low,28.781866504718057,57,53.935,Consider
2496,Renault,Triber,2026,10.87,Petrol,Automatic,1597,23.7,3,2,Yes,No,Yes,Aggressive,Medium,0.23,84.1,12.79,Good,32.9,59.0,Low,9.962038799416897,Low,26.960107091029826,50,62.055,Recommended
2497,Skoda,Slavia,2021,12.45,Petrol,Manual,1497,18.2,4,6,Yes,Yes,Yes,Normal,Low,0.13,85.3,12.72,Moderate,32.9,93.6,Low,0.0,Low,10.170088657570606,82,70.63,Recommended
2498,Kia,Sonet,2024,8.07,Petrol,Manual,1199,25.7,4,4,Yes,Yes,Yes,Normal,Low,0.1,83.9,11.81,Moderate,33.6,76.6,Low,28.733685321763623,Low,16.569351527872083,72,67.255,Recommended
2499,Hyundai,Exter,2020,8.64,Diesel,Manual,2198,26.1,4,6,Yes,Yes,No,Normal,Low,0.14,86.7,12.44,Good,33.8,100.0,Low,3.4715404897351343,Low,11.820107262987236,87,68.065,Recommended
2500,Volkswagen,Virtus,2020,13.37,Petrol,Manual,1197,20.6,5,2,Yes,Yes,Yes,Normal,Low,0.01,88.6,12.25,Good,33.5,78.0,Low,0.0,Low,9.408614274645112,89,74.14000000000001,Recommended
2501,Volkswagen,Taigun,2019,6.72,Diesel,Manual,2198,23.6,4,6,Yes,Yes,No,Normal,Low,0.03,93.0,12.58,Moderate,31.4,67.6,Low,14.40646918315505,Low,10.579750051906851,80,64.53999999999999,Recommended
2502,Kia,Sonet,2024,13.46,Petrol,Manual,2198,15.3,2,7,Yes,No,No,Normal,Low,0.24,85.0,12.33,Good,29.2,73.0,Low,7.367073627885412,Low,10.055385098903358,58,53.395,Consider
2503,Maruti Suzuki,Swift,2020,6.27,Petrol,Manual,998,17.9,3,4,Yes,No,Yes,Normal,Low,0.21,79.6,12.27,Good,31.3,67.6,Low,11.973696283103008,Low,17.305817744459375,57,59.335,Consider
2504,Hyundai,Verna,2026,10.16,Diesel,Manual,1997,18.4,5,6,Yes,Yes,No,Normal,Medium,0.14,75.1,12.24,Good,33.1,87.8,Low,3.6565096718037524,Low,17.835450363821522,93,69.61,Recommended
2505,Hyundai,Verna,2019,13.22,Petrol,Manual,1497,16.7,3,6,Yes,No,Yes,Calm,Low,0.15,82.0,12.35,Good,34.3,67.7,Low,4.909842887906579,Low,5.76974316341674,66,63.205,Recommended
2506,Hyundai,Venue,2020,10.84,CNG,Automatic,1597,27.2,5,2,Yes,Yes,Yes,Normal,Low,0.14,96.1,11.95,Good,30.9,74.5,Low,34.58393485430691,Low,10.693177707336007,83,81.43,Highly Recommended
2507,Mahindra,XUV700,2023,14.44,Petrol,Automatic,1199,20.0,4,4,Yes,Yes,Yes,Aggressive,Low,0.03,99.3,12.39,Good,34.6,92.4,Low,7.5421826539747325,Low,16.821385362969888,81,75.45,Highly Recommended
2508,Maruti Suzuki,Dzire,2019,7.75,CNG,Manual,998,24.1,4,6,Yes,Yes,Yes,Normal,Low,0.2,95.4,12.64,Good,32.9,100.0,Low,5.207417418680821,Low,15.04250871331742,86,77.315,Highly Recommended
2509,Volkswagen,Taigun,2026,17.28,Electric,Manual,0,359.4,5,6,Yes,Yes,Yes,Aggressive,Low,0.11,81.6,13.25,Good,30.0,51.9,Low,13.917785397468649,Low,21.88116155766651,90,88.97749999999999,Highly Recommended
2510,Hyundai,Exter,2024,10.31,Petrol,Manual,1497,18.1,4,6,Yes,Yes,No,Normal,Low,0.0,86.4,13.63,Good,28.4,79.3,Low,2.007953155558676,Low,8.273849670759834,89,67.76500000000001,Recommended
2511,Tata,Altroz,2026,10.9,Petrol,Manual,2198,18.1,4,6,Yes,Yes,Yes,Normal,Medium,0.24,83.1,13.01,Moderate,32.0,74.1,Low,17.877696105010898,Medium,35.227676539254816,71,65.66499999999999,Recommended
2512,Kia,Carens,2020,8.9,CNG,Manual,998,24.0,5,6,Yes,Yes,Yes,Calm,Low,0.14,86.5,11.67,Good,30.1,66.5,Low,29.929752751418498,Low,7.879083009017533,93,80.45,Highly Recommended
2513,Mahindra,XUV700,2023,12.06,Petrol,Automatic,1498,18.6,4,6,Yes,No,Yes,Aggressive,Low,0.18,79.4,12.18,Good,32.3,93.7,Low,0.0,Low,27.872506292427115,67,68.94,Recommended
2514,Volkswagen,Taigun,2023,16.62,CNG,Manual,1498,27.9,4,2,Yes,Yes,Yes,Aggressive,High,0.26,82.0,12.52,Poor,32.0,57.6,Low,25.730988602728672,High,60.67963496719864,44,58.985,Consider
2515,Hyundai,Venue,2021,13.25,CNG,Manual,1290,28.2,3,6,Yes,No,No,Risky,High,0.27,98.7,12.15,Moderate,38.0,54.2,Low,22.906020504903264,High,64.1441992978715,37,49.88,Consider
2516,Toyota,Hyryder,2021,13.69,Petrol,Manual,1597,23.7,5,6,Yes,Yes,No,Calm,Medium,0.31,78.2,12.89,Moderate,32.9,91.7,Low,0.0,Low,22.87433862945447,86,67.255,Recommended
2517,Honda,Amaze,2026,14.7,Electric,Manual,0,365.5,4,2,Yes,Yes,Yes,Normal,Low,0.17,89.0,12.35,Good,31.8,85.2,Low,7.822054908994666,Low,13.975611494137437,78,83.80625,Highly Recommended
2518,Honda,City,2019,8.06,Petrol,Manual,1197,16.1,4,2,Yes,Yes,Yes,Aggressive,Low,0.16,84.5,11.89,Good,29.0,72.7,Low,31.022508623126015,Low,23.906786317013065,71,65.36500000000001,Recommended
2519,Hyundai,Venue,2023,7.12,CNG,Manual,1997,23.4,4,6,Yes,Yes,No,Normal,High,0.42,80.4,11.52,Good,30.7,53.9,Low,33.05440304200216,Medium,40.529033349203765,73,65.36,Recommended
2520,Kia,Sonet,2020,8.01,Diesel,Automatic,1199,20.9,5,4,Yes,Yes,Yes,Normal,Low,0.2,79.4,12.36,Good,32.9,65.3,Low,3.9011993096052286,Low,15.841231254193277,90,79.63499999999999,Highly Recommended
2521,Tata,Altroz,2022,11.62,Electric,Automatic,0,321.6,3,6,Yes,No,No,Normal,Low,0.02,81.9,12.1,Good,31.5,61.3,Low,17.117415156406768,Low,12.37719409004953,62,73.96000000000001,Recommended
2522,Skoda,Kushaq,2019,10.65,CNG,Manual,2198,25.8,3,4,Yes,No,No,Aggressive,Low,0.09,96.0,13.04,Moderate,28.3,75.5,Low,11.250048196828807,Low,25.993418830385693,48,54.47,Consider
2523,Skoda,Slavia,2019,11.05,Petrol,Automatic,1498,16.7,4,4,Yes,Yes,Yes,Calm,Low,0.04,92.8,12.1,Moderate,34.9,82.4,Low,18.60104909769198,Low,11.078424287854622,75,72.255,Recommended
2524,Tata,Curvv,2024,12.7,Petrol,Manual,998,19.5,5,6,Yes,Yes,Yes,Calm,Medium,0.06,97.1,12.16,Good,33.1,60.2,Low,13.307928741525222,Low,16.11301841237211,92,75.32499999999999,Highly Recommended
2525,Renault,Triber,2026,9.31,Petrol,Manual,1497,19.2,4,2,Yes,Yes,Yes,Normal,Low,0.04,71.6,12.23,Good,28.6,100.0,Low,0.0,Low,7.667222825712058,81,70.33000000000001,Recommended
2526,Kia,Carens,2020,9.03,Electric,Manual,0,284.1,4,6,Yes,Yes,Yes,Normal,Low,0.01,78.9,12.17,Good,32.1,95.8,Low,0.0,Low,11.425662379453248,88,85.25375,Highly Recommended
2527,Skoda,Kushaq,2019,9.27,Diesel,Automatic,1497,21.6,5,2,Yes,Yes,Yes,Normal,Low,0.16,80.3,12.52,Good,30.6,82.7,Low,0.0,Low,19.612485734021774,85,77.49000000000001,Highly Recommended
2528,Honda,City,2025,12.88,CNG,Manual,1498,30.2,4,4,Yes,Yes,Yes,Normal,Medium,0.12,85.0,12.47,Good,35.2,68.2,Low,4.669247380701206,Low,19.8498180744649,80,75.53,Highly Recommended
2529,Volkswagen,Taigun,2023,16.16,CNG,Automatic,1197,23.3,4,6,Yes,No,Yes,Normal,Low,0.21,85.2,12.74,Good,35.1,46.1,Low,25.167206793576987,Low,19.1524333316705,67,73.64500000000001,Recommended
2530,Honda,Elevate,2023,8.15,Diesel,Manual,1498,23.7,4,6,Yes,Yes,Yes,Risky,Medium,0.11,78.2,12.87,Good,30.3,94.4,Low,0.2425614423754494,Medium,48.0549029859222,75,68.305,Recommended
2531,Maruti Suzuki,Baleno,2020,8.44,Petrol,Manual,1197,21.6,3,6,Yes,No,No,Normal,Low,0.16,92.6,12.44,Moderate,32.5,84.1,Low,5.9522768557547545,Low,18.54194681319478,56,53.44,Consider
2532,Hyundai,Verna,2024,10.06,Electric,Manual,0,379.1,4,6,Yes,Yes,No,Calm,Low,0.29,97.8,12.88,Moderate,29.5,75.6,Low,10.327803276509268,Low,16.4612266778916,79,78.76625000000001,Highly Recommended
2533,Skoda,Slavia,2024,15.33,Petrol,Manual,1997,27.1,4,6,Yes,Yes,Yes,Normal,Medium,0.26,88.0,12.05,Moderate,38.0,90.5,Low,26.121917385916234,Low,28.740094708513254,72,67.465,Recommended
2534,Hyundai,Verna,2020,6.22,Petrol,Automatic,1498,18.6,4,6,Yes,No,Yes,Normal,Low,0.05,95.8,12.49,Good,28.8,69.6,Low,16.204053058847073,Low,7.098639775559647,72,71.19,Recommended
2535,Volkswagen,Taigun,2020,12.71,Petrol,Automatic,1290,20.3,4,2,Yes,Yes,Yes,Calm,High,0.38,86.3,12.45,Good,30.9,44.5,Low,23.437169741337392,Medium,31.512068928684947,69,70.095,Recommended
2536,Toyota,Glanza,2025,6.72,Diesel,Automatic,1290,21.8,4,6,Yes,Yes,Yes,Normal,Low,0.2,88.6,12.49,Good,33.9,91.2,Low,0.0,Low,14.615532213765672,87,78.42,Highly Recommended
2537,Renault,Kwid,2024,7.73,CNG,Manual,998,24.7,3,2,Yes,No,Yes,Normal,Medium,0.3,93.6,12.62,Moderate,31.0,61.1,Low,16.66358372978011,Medium,30.275929526625173,42,57.605000000000004,Consider
2538,Hyundai,Exter,2025,12.77,Diesel,Manual,1597,23.8,5,6,Yes,Yes,Yes,Calm,Low,0.22,87.2,12.12,Moderate,29.4,85.6,Low,0.0,Low,20.217302417229856,87,73.72,Recommended
2539,Tata,Harrier,2019,8.21,Petrol,Manual,1199,18.9,2,6,Yes,No,Yes,Normal,Low,0.08,76.7,12.98,Good,34.7,100.0,Low,6.585658701407561,Low,11.470330603956553,56,59.035,Consider
2540,Volkswagen,Virtus,2021,14.31,Petrol,Automatic,1197,20.7,4,6,Yes,Yes,No,Normal,Medium,0.25,84.4,12.77,Good,33.3,100.0,Low,0.0,Low,26.735913725568476,83,70.455,Recommended
2541,Hyundai,Exter,2020,14.97,Electric,Manual,0,294.0,3,4,Yes,No,No,Normal,High,0.54,95.4,11.9,Good,27.3,76.6,Low,28.777948905942395,Medium,45.35136902936391,45,60.275,Recommended
2542,Maruti Suzuki,Brezza,2024,11.72,Petrol,Manual,2198,27.1,5,2,Yes,Yes,No,Normal,High,0.2,87.1,12.38,Good,28.9,85.9,Low,6.948255687252826,Medium,37.29119688468189,78,64.16499999999999,Recommended
2543,Volkswagen,Virtus,2022,12.85,Diesel,Manual,1197,16.9,4,4,Yes,No,Yes,Normal,Medium,0.29,94.1,11.43,Moderate,29.9,56.5,Low,25.251251117542378,Low,28.704743612456358,53,57.385000000000005,Consider
2544,Tata,Curvv,2020,8.67,CNG,Manual,1497,25.0,3,6,Yes,No,Yes,Risky,Medium,0.12,76.7,12.08,Good,34.1,82.3,Low,26.913092572660734,Medium,47.81814373839603,48,60.35,Recommended
2545,Toyota,Glanza,2025,10.86,Petrol,Automatic,998,14.1,4,2,Yes,Yes,Yes,Normal,Low,0.18,78.9,12.53,Moderate,30.3,70.7,Low,13.163497704309819,Low,15.000673593916975,71,70.065,Recommended
2546,Honda,Elevate,2026,12.84,Diesel,Manual,1290,19.3,5,6,Yes,Yes,Yes,Normal,Low,0.12,77.5,12.18,Good,32.5,84.0,Low,2.0778766139295852,Low,11.937162769521303,96,77.095,Highly Recommended
2547,Kia,Carens,2026,11.47,Petrol,Manual,1197,19.8,3,6,Yes,No,Yes,Aggressive,Low,0.07,87.7,12.25,Good,34.1,91.5,Low,13.75020381224045,Low,27.77817503311759,57,59.620000000000005,Consider
2548,Renault,Kiger,2022,5.28,Petrol,Manual,1197,15.5,3,7,Yes,No,Yes,Aggressive,Medium,0.22,95.1,12.57,Moderate,31.3,100.0,Low,0.4330750824096503,Medium,43.06673886199807,50,55.825,Consider
2549,Kia,Seltos,2019,12.01,Diesel,Automatic,1497,17.9,4,4,Yes,Yes,No,Calm,Low,0.06,83.8,12.77,Poor,29.7,78.1,Low,27.821823260346793,Low,15.963086758839637,63,61.035,Recommended
2550,Mahindra,XUV700,2025,16.89,Diesel,Automatic,1197,23.4,4,6,Yes,Yes,Yes,Normal,Low,0.08,83.6,13.56,Good,36.1,77.6,Low,7.3531590187482925,Low,-0.10079427524094875,91,80.46000000000001,Highly Recommended
2551,Skoda,Slavia,2021,13.43,Diesel,Automatic,2198,18.2,4,6,Yes,Yes,Yes,Aggressive,Low,0.05,84.3,12.69,Good,29.1,89.8,Low,2.8791895443357376,Low,25.072043862411533,83,76.08,Highly Recommended
2552,Honda,Elevate,2025,8.16,Diesel,Manual,1997,21.8,3,2,Yes,No,Yes,Normal,Medium,0.3,81.2,12.96,Moderate,33.4,68.9,Low,10.221304469379975,Medium,37.32607016488176,40,52.269999999999996,Consider
2553,Toyota,Glanza,2026,7.82,Diesel,Manual,998,23.2,4,2,Yes,Yes,Yes,Normal,Medium,0.28,81.6,12.32,Good,34.1,95.3,Low,10.22643719226825,Low,23.270518216193686,74,67.78,Recommended
2554,Volkswagen,Virtus,2022,7.81,Petrol,Manual,2198,14.8,3,2,Yes,No,Yes,Normal,Low,0.05,90.1,12.52,Poor,38.0,70.7,Low,23.658683146446577,Low,25.330215948424016,34,48.519999999999996,Consider
2555,Mahindra,XUV 3XO,2021,14.13,Electric,Automatic,0,333.7,4,6,Yes,Yes,Yes,Calm,Low,0.08,82.3,12.31,Good,34.6,86.7,Low,0.0,Low,14.496731318927107,87,91.66375,Highly Recommended
2556,Tata,Curvv,2022,5.53,Diesel,Automatic,1498,26.1,3,2,Yes,No,Yes,Calm,Medium,0.27,90.9,12.22,Good,36.5,56.5,Low,21.258430701008884,Low,23.63194577325492,50,62.415,Recommended
2557,Honda,Amaze,2023,5.95,Diesel,Automatic,1997,23.7,3,7,Yes,No,No,Aggressive,Low,0.06,94.7,12.35,Good,33.0,78.9,Low,9.878597081102484,Low,23.973737660333157,61,61.004999999999995,Recommended
2558,Tata,Harrier,2022,6.76,Petrol,Automatic,2198,13.3,4,6,Yes,Yes,Yes,Aggressive,Low,0.2,81.9,11.48,Moderate,37.1,62.0,Low,28.80175074583552,Low,28.385290515165817,72,70.395,Recommended
2559,Maruti Suzuki,Fronx,2023,8.72,Diesel,Automatic,1290,22.5,4,6,Yes,Yes,No,Aggressive,Low,0.2,90.1,12.26,Good,29.8,100.0,Low,5.0906313031822865,Low,23.829173708212036,83,70.725,Recommended
2560,Hyundai,Verna,2019,7.33,Petrol,Manual,1290,13.7,5,2,Yes,Yes,Yes,Normal,Low,0.07,71.9,12.12,Good,31.3,73.4,Low,14.844166615610305,Low,7.544088928091453,87,72.205,Recommended
2561,Maruti Suzuki,Fronx,2022,12.15,CNG,Manual,998,21.8,4,6,Yes,Yes,No,Normal,Medium,0.2,91.1,13.47,Good,29.7,85.5,Low,16.06570242695197,Low,23.5438276555104,81,68.72,Recommended
2562,Honda,Amaze,2024,5.72,Diesel,Automatic,998,19.9,2,4,Yes,No,No,Calm,Low,0.0,96.9,13.35,Poor,31.1,72.9,Medium,35.10169274021488,Low,18.360000643972384,30,46.485,Consider
2563,Renault,Triber,2025,6.34,Petrol,Manual,2198,16.1,4,6,Yes,Yes,Yes,Calm,Low,0.23,96.6,12.69,Good,34.2,80.0,Low,7.915342849074907,Low,9.019000507055477,88,73.015,Recommended
2564,Toyota,Hyryder,2020,15.38,Diesel,Automatic,1197,13.3,5,6,Yes,Yes,No,Calm,Low,0.2,94.0,12.58,Good,31.8,47.4,Low,22.63852190543928,Low,8.321206017425302,94,74.295,Recommended
2565,Hyundai,Exter,2022,8.98,Petrol,Manual,1199,18.4,5,6,Yes,Yes,No,Normal,Low,0.0,86.3,12.01,Good,29.5,55.5,Low,21.723142907817035,Low,5.8549426466489845,95,70.50999999999999,Recommended
2566,Skoda,Slavia,2019,13.76,Electric,Manual,0,323.3,5,6,Yes,Yes,Yes,Aggressive,Low,0.1,95.2,11.47,Moderate,34.0,56.3,Low,30.47869707333833,Medium,31.992513715656642,78,82.22375,Highly Recommended
2567,Toyota,Hyryder,2022,13.6,Petrol,Manual,1290,13.0,4,6,Yes,No,No,Aggressive,High,0.51,93.2,12.62,Poor,28.7,100.0,Low,25.988647808130967,High,64.05966869466384,36,43.15,Not Recommended
2568,Maruti Suzuki,Fronx,2020,5.4,Petrol,Manual,1497,21.6,5,6,Yes,Yes,No,Aggressive,Medium,0.18,83.5,12.6,Good,34.0,78.8,Low,0.0,Medium,37.41768194111249,87,67.39,Recommended
2569,Skoda,Slavia,2020,18.03,Petrol,Manual,1290,17.4,3,6,Yes,No,No,Normal,Low,0.08,91.2,12.46,Good,31.1,75.6,Low,10.253139642170636,Low,12.725134854027324,63,55.96,Consider
2570,Hyundai,Venue,2024,7.66,Diesel,Manual,1197,24.5,4,6,Yes,No,Yes,Calm,Low,0.12,83.4,12.9,Good,25.4,79.6,Low,10.917375427494362,Low,9.209738236770452,72,67.07499999999999,Recommended
2571,Kia,Seltos,2020,13.17,Electric,Manual,0,360.1,5,6,Yes,Yes,No,Normal,Medium,0.25,92.1,12.68,Good,30.6,48.1,Low,16.728564203795568,Medium,30.615459119087895,87,81.65375,Highly Recommended
2572,Hyundai,Exter,2024,10.47,Petrol,Manual,1199,16.1,4,6,Yes,Yes,Yes,Risky,High,0.23,89.2,12.2,Moderate,29.9,78.9,Low,13.521127551987501,High,64.48879880189655,61,60.864999999999995,Recommended
2573,Hyundai,Creta,2019,14.87,Electric,Manual,0,321.1,3,6,Yes,No,Yes,Normal,Medium,0.28,80.7,12.56,Good,30.6,57.4,Low,6.433203290707439,Low,25.221258702261824,59,73.59125,Recommended
2574,Mahindra,XUV700,2022,6.22,CNG,Manual,998,21.7,4,6,Yes,Yes,Yes,Aggressive,Medium,0.17,92.2,13.17,Good,28.9,79.5,Low,0.0,Medium,32.07604523811918,81,74.70500000000001,Recommended
2575,Volkswagen,Virtus,2020,16.36,Petrol,Manual,1498,15.9,4,2,Yes,Yes,Yes,Risky,Low,0.24,80.8,12.48,Moderate,30.6,81.2,Low,1.006168692914259,Medium,47.63793926194286,61,60.835,Recommended
2576,Volkswagen,Virtus,2021,11.55,CNG,Automatic,1199,19.8,4,2,Yes,Yes,Yes,Risky,Low,0.08,81.3,12.84,Moderate,30.4,60.9,Low,10.305825691153167,Medium,41.16780800406338,62,70.87,Recommended
2577,Honda,Amaze,2020,19.27,Electric,Manual,0,329.5,4,7,Yes,Yes,No,Aggressive,Medium,0.22,84.1,12.35,Good,32.2,71.2,Low,9.752457945434616,Medium,31.290624112430965,82,78.25625,Highly Recommended
2578,Toyota,Glanza,2020,14.76,Petrol,Automatic,998,20.0,4,2,Yes,Yes,Yes,Calm,Low,0.13,88.3,12.25,Moderate,34.0,96.1,Low,12.694165117255732,Low,15.43304651686601,71,70.95,Recommended
2579,Maruti Suzuki,Swift,2021,13.27,Electric,Manual,0,406.3,4,6,Yes,Yes,Yes,Risky,Low,0.17,91.9,12.57,Good,33.4,69.0,Low,0.0,Medium,35.076660042784,80,86.0,Highly Recommended
2580,Mahindra,XUV700,2026,13.29,Petrol,Manual,1197,15.4,5,2,Yes,Yes,Yes,Aggressive,Low,0.18,95.5,12.68,Moderate,35.3,74.0,Low,10.512839616166206,Medium,31.659551983861835,73,66.16,Recommended
2581,Tata,Nexon,2022,8.96,Petrol,Manual,998,12.1,3,6,Yes,No,Yes,Aggressive,Low,0.18,90.4,11.53,Good,32.6,69.5,Low,28.526003921157173,Low,16.261374449810027,59,59.365,Consider
2582,Skoda,Kushaq,2019,11.24,Electric,Automatic,0,357.7,5,4,Yes,Yes,Yes,Calm,Medium,0.23,85.6,13.01,Poor,33.1,68.9,Low,32.58126219672169,Medium,32.67160634987332,65,82.66375,Highly Recommended
2583,Kia,Seltos,2022,13.08,Petrol,Automatic,1498,14.1,4,4,Yes,Yes,Yes,Normal,Low,0.2,81.3,12.37,Good,33.0,60.2,Low,5.385843231019319,Low,11.497589807711552,83,75.465,Highly Recommended
2584,Honda,Amaze,2023,5.59,Petrol,Automatic,1197,22.0,4,4,Yes,Yes,Yes,Normal,Low,0.11,90.5,12.28,Poor,34.9,80.5,Low,28.877823148655075,Low,27.712012290689987,59,65.85,Recommended
2585,Renault,Kwid,2023,8.57,Petrol,Manual,1197,22.0,4,6,Yes,Yes,Yes,Normal,Medium,0.27,83.3,12.06,Good,31.5,100.0,Low,17.344044829957348,Low,27.903328291328677,80,70.3,Recommended
2586,Honda,City,2026,19.91,Electric,Manual,0,379.6,4,6,Yes,Yes,Yes,Calm,Medium,0.14,85.0,12.6,Moderate,30.8,88.2,Low,1.8246806951352479,Low,20.409591476764795,79,84.785,Highly Recommended
2587,Kia,Seltos,2022,10.01,Electric,Manual,0,289.1,5,4,Yes,Yes,Yes,Normal,Medium,0.31,84.0,11.8,Good,31.7,100.0,Low,19.997834343708583,Low,21.12876298238785,86,84.54125,Highly Recommended
2588,Renault,Kwid,2019,4.5,Petrol,Automatic,998,24.3,4,4,Yes,Yes,No,Calm,Medium,0.17,83.7,13.41,Good,34.2,68.6,Low,14.529724520108381,Low,16.927867401608346,80,69.64500000000001,Recommended
2589,Volkswagen,Virtus,2025,12.29,Petrol,Manual,1290,20.7,4,4,Yes,Yes,Yes,Normal,Low,0.08,69.7,12.58,Good,32.8,100.0,Low,0.0,Low,12.485792861319272,84,71.905,Recommended
2590,Toyota,Innova,2026,14.88,Electric,Manual,0,350.5,5,6,Yes,No,Yes,Calm,Low,0.08,92.7,13.39,Moderate,31.4,85.1,Low,7.465131614238091,Low,13.620997071014349,73,80.99375,Highly Recommended
2591,Volkswagen,Taigun,2025,14.39,Diesel,Manual,1197,18.5,4,6,Yes,Yes,Yes,Normal,Low,0.0,82.7,13.31,Good,33.8,70.4,Low,11.360539416223972,Low,6.810784858724212,88,73.375,Recommended
2592,Skoda,Slavia,2026,15.43,Diesel,Automatic,1197,18.7,4,4,Yes,No,No,Normal,Medium,0.24,78.5,12.29,Poor,33.1,82.5,Low,20.977497622511503,Medium,37.76896826152601,42,51.705,Consider
2593,Tata,Nexon,2020,10.57,CNG,Automatic,2198,25.2,4,2,Yes,No,Yes,Normal,Medium,0.26,89.7,12.2,Good,29.4,100.0,Low,2.436913283887747,Low,18.763289008418578,62,71.68,Recommended
2594,Kia,Sonet,2026,12.54,Petrol,Automatic,1498,19.0,4,2,Yes,Yes,No,Calm,Low,0.1,90.2,13.12,Good,31.8,82.6,Low,5.404671698060181,Low,7.90918668472689,80,68.85,Recommended
2595,Mahindra,Thar,2026,12.97,Petrol,Manual,1197,15.8,5,4,Yes,Yes,Yes,Normal,Medium,0.21,104.9,12.57,Good,34.9,61.7,Low,5.688387302190662,Medium,30.1354069948031,85,71.62,Recommended
2596,Skoda,Slavia,2024,18.86,Electric,Manual,0,342.9,5,6,Yes,Yes,No,Normal,Low,0.14,83.2,11.82,Good,32.5,95.4,Low,16.14194324165154,Low,9.501516171967804,94,84.15875,Highly Recommended
2597,Renault,Kwid,2023,9.1,Diesel,Manual,998,19.6,4,6,Yes,Yes,Yes,Normal,Medium,0.21,86.1,12.52,Good,29.0,100.0,Low,0.0,Low,23.46682882276066,84,71.74000000000001,Recommended
2598,Volkswagen,Virtus,2025,6.6,Petrol,Automatic,2198,18.9,5,6,Yes,Yes,Yes,Calm,Medium,0.29,84.8,13.72,Good,31.8,80.4,Low,5.64742533463418,Low,16.811327391511142,93,80.685,Highly Recommended
2599,Tata,Punch,2024,10.78,Diesel,Automatic,2198,18.9,4,4,Yes,Yes,Yes,Normal,Medium,0.22,94.5,12.39,Good,26.7,67.6,Low,5.33727308721055,Low,17.79413108767807,81,75.285,Highly Recommended
2600,Renault,Kwid,2019,7.03,CNG,Automatic,1997,26.0,3,6,Yes,No,Yes,Normal,Medium,0.24,85.0,12.77,Good,32.9,81.4,Low,9.808082561627646,Medium,34.618814005993165,55,68.65,Recommended
2601,Toyota,Urban Cruiser,2025,16.13,Diesel,Automatic,2198,20.8,4,2,Yes,Yes,Yes,Normal,Medium,0.18,80.6,12.71,Good,28.4,100.0,Low,0.0,Low,16.840837732800104,78,74.22,Recommended
2602,Hyundai,Creta,2021,11.02,Petrol,Manual,2198,20.3,5,2,Yes,Yes,Yes,Normal,Medium,0.2,91.8,12.66,Moderate,33.3,49.7,Low,15.372344312162365,Low,28.332691734657484,74,67.345,Recommended
2603,Kia,Seltos,2026,15.15,Diesel,Manual,1290,18.6,5,6,Yes,Yes,Yes,Calm,Low,0.05,86.7,12.25,Good,30.8,79.4,Low,5.514439092190072,Low,3.4203318815889654,98,77.89,Highly Recommended
2604,Renault,Kiger,2020,10.34,Electric,Automatic,0,377.4,4,6,Yes,Yes,Yes,Risky,Low,0.14,76.8,12.28,Good,33.9,76.2,Low,11.6940363511769,Medium,34.41960768270693,78,89.2525,Highly Recommended
2605,Volkswagen,Virtus,2023,10.71,Petrol,Automatic,998,21.2,4,6,Yes,Yes,No,Aggressive,Medium,0.15,79.1,12.84,Moderate,31.4,67.1,Low,15.98784361207887,Medium,36.26105641039184,71,65.13,Recommended
2606,Skoda,Slavia,2026,16.3,Petrol,Automatic,1199,19.2,5,6,Yes,Yes,Yes,Normal,Low,0.07,85.2,12.98,Moderate,33.1,81.5,Low,0.0,Low,12.124758122127204,90,79.38,Highly Recommended
2607,Tata,Altroz,2026,7.85,CNG,Manual,1197,29.0,2,4,Yes,No,Yes,Normal,Low,0.0,85.9,12.44,Good,33.8,58.8,Low,4.880142996390493,Low,11.998717260282492,52,62.75,Recommended
2608,Toyota,Innova,2024,8.43,Diesel,Manual,998,22.9,5,6,Yes,Yes,No,Normal,High,0.34,93.5,12.03,Moderate,30.7,86.0,Low,24.85126147479621,Medium,43.8926709366634,75,62.185,Recommended
2609,Mahindra,XUV700,2022,10.42,CNG,Manual,998,28.8,4,6,Yes,Yes,Yes,Normal,Medium,0.35,92.0,12.53,Moderate,31.6,78.4,Low,6.403886174424432,Medium,32.91002258364396,74,72.62,Recommended
2610,Volkswagen,Taigun,2026,12.32,Diesel,Manual,1997,22.9,4,6,Yes,Yes,Yes,Normal,High,0.29,90.8,12.6,Moderate,37.4,86.6,Low,1.636026105686474,Medium,45.77355796047954,70,65.935,Recommended
2611,Renault,Triber,2026,5.22,Petrol,Manual,1197,19.0,4,6,Yes,Yes,Yes,Aggressive,Low,0.11,93.1,11.9,Good,33.8,82.6,Medium,38.37366780331283,Low,20.378717969375128,79,69.4,Recommended
2612,Honda,City,2022,12.81,Petrol,Manual,1497,16.4,3,2,Yes,No,Yes,Aggressive,Medium,0.29,94.2,11.77,Good,29.1,72.3,Medium,35.62480106574758,Medium,31.899438917306103,44,53.260000000000005,Consider
2613,Mahindra,Thar,2023,17.08,Petrol,Manual,1197,21.8,3,6,Yes,No,Yes,Normal,Medium,0.27,90.6,12.42,Good,32.2,84.6,Low,9.422090521096212,Medium,35.88573735385873,55,59.019999999999996,Consider
2614,Renault,Kiger,2022,4.5,Petrol,Manual,1197,21.4,4,4,Yes,No,No,Aggressive,Medium,0.25,84.9,11.95,Moderate,33.0,86.9,Low,29.36266277404764,Medium,39.00476499235067,49,50.260000000000005,Consider
2615,Volkswagen,Taigun,2020,10.38,Diesel,Manual,1197,18.8,3,4,Yes,No,Yes,Calm,Low,0.17,98.2,12.28,Good,34.4,78.2,Low,10.813117639222527,Low,13.471011401769127,59,60.370000000000005,Recommended
2616,Tata,Altroz,2025,11.74,Diesel,Automatic,1597,30.7,5,2,Yes,Yes,Yes,Calm,Medium,0.21,91.5,12.16,Good,27.3,83.5,Low,3.2800364888606266,Low,27.98198495290415,82,77.505,Highly Recommended
2617,Renault,Kwid,2025,7.81,CNG,Automatic,998,24.6,5,6,Yes,Yes,No,Risky,Medium,0.36,82.6,11.78,Good,32.9,71.7,Low,26.498206294920315,Medium,49.841356747849986,79,73.24000000000001,Recommended
2618,Volkswagen,Taigun,2019,14.61,Petrol,Automatic,1199,18.5,3,6,Yes,No,Yes,Normal,Low,0.1,98.0,12.38,Good,31.9,65.3,Low,7.82143622135685,Low,10.216316699666724,64,67.575,Recommended
2619,Honda,Amaze,2024,14.61,Petrol,Manual,1290,14.5,4,6,Yes,Yes,Yes,Normal,High,0.32,90.6,11.28,Good,27.5,78.0,Medium,38.35039501767733,Medium,42.00401430068905,72,65.57499999999999,Recommended
2620,Kia,Seltos,2025,15.93,Petrol,Automatic,1498,17.5,3,6,Yes,No,Yes,Normal,Low,0.25,87.3,12.42,Good,32.0,71.6,Low,6.266921386695989,Low,9.394328585316106,65,67.875,Recommended
2621,Kia,Seltos,2021,15.63,Electric,Manual,0,322.2,5,4,Yes,Yes,No,Risky,Low,0.18,83.9,12.48,Good,31.0,58.8,Low,15.471957249690682,Medium,36.93475030810955,81,77.5325,Highly Recommended
2622,Hyundai,Exter,2026,12.3,Diesel,Automatic,1199,21.4,4,6,Yes,Yes,Yes,Calm,Low,0.2,94.3,12.7,Good,30.7,49.6,Low,24.84478287423743,Low,9.233554228670037,85,77.46000000000001,Highly Recommended
2623,Mahindra,XUV 3XO,2024,13.64,Diesel,Automatic,1498,21.2,4,4,Yes,Yes,Yes,Aggressive,Low,0.14,83.3,13.11,Moderate,33.6,59.5,Low,11.493878991443971,Low,27.717665929390968,71,71.13,Recommended
2624,Maruti Suzuki,Swift,2025,12.21,Petrol,Automatic,1497,18.7,3,4,Yes,No,Yes,Normal,Low,0.07,83.8,12.79,Good,35.7,60.2,Low,19.844596685157853,Low,9.157623029722242,59,65.355,Recommended
2625,Mahindra,XUV 3XO,2026,17.84,Diesel,Manual,998,20.2,5,2,Yes,Yes,Yes,Calm,High,0.42,89.9,12.18,Good,28.7,57.1,Low,9.384653278456422,Medium,38.017160109975734,77,68.68,Recommended
2626,Maruti Suzuki,Baleno,2025,5.22,Petrol,Manual,1497,21.7,4,4,Yes,Yes,Yes,Normal,Medium,0.19,87.9,12.87,Good,29.6,50.3,Low,14.210377301220289,Low,23.952967165586887,77,68.905,Recommended
2627,Skoda,Kushaq,2024,9.2,Petrol,Automatic,2198,17.8,5,6,Yes,No,Yes,Aggressive,Medium,0.31,94.9,12.17,Good,31.5,70.6,Low,17.630121369544575,Medium,37.0651925179503,69,69.72,Recommended
2628,Toyota,Innova,2023,13.51,Petrol,Automatic,1197,20.4,5,4,Yes,Yes,Yes,Normal,Medium,0.17,84.9,12.84,Good,34.7,80.3,Low,0.0,Low,22.521579380964678,88,78.66,Highly Recommended
2629,Volkswagen,Taigun,2019,10.97,Petrol,Automatic,1597,20.8,5,6,Yes,Yes,Yes,Aggressive,Low,0.13,87.2,12.44,Good,34.6,73.6,Low,11.287519519698,Low,25.191445363155047,89,79.17,Highly Recommended
2630,Toyota,Hyryder,2022,17.08,Diesel,Manual,998,17.3,5,6,Yes,Yes,Yes,Calm,Low,0.1,72.8,12.38,Good,33.5,85.2,Low,7.7954021890788185,Low,6.5225015144431335,97,77.245,Highly Recommended
2631,Hyundai,Verna,2020,7.03,Diesel,Manual,1197,23.9,4,7,Yes,Yes,No,Normal,Low,0.19,88.8,12.25,Good,32.7,90.3,Low,10.291612615533388,Low,16.496456388842955,87,67.735,Recommended
2632,Tata,Harrier,2022,11.2,Petrol,Automatic,1997,20.5,4,6,Yes,Yes,Yes,Normal,Low,0.21,88.4,12.4,Moderate,29.6,85.0,Low,4.008156782417656,Low,20.730718866386606,78,74.17500000000001,Recommended
2633,Honda,City,2025,17.14,Electric,Automatic,0,285.9,4,6,Yes,Yes,Yes,Normal,High,0.31,108.6,12.46,Good,31.3,87.4,Low,18.459453566883653,Medium,32.18287152401484,78,85.82124999999999,Highly Recommended
2634,Maruti Suzuki,Brezza,2021,8.33,Electric,Manual,0,318.8,3,7,Yes,No,No,Normal,Low,0.2,100.4,11.8,Good,31.9,57.7,Medium,42.06853465431079,Low,13.53233099095046,60,67.955,Recommended
2635,Maruti Suzuki,Brezza,2025,5.46,Petrol,Manual,2198,21.6,4,6,Yes,Yes,Yes,Normal,Low,0.09,77.1,12.48,Moderate,29.8,47.5,Low,10.024195076584846,Low,23.94098523426718,76,68.44,Recommended
2636,Maruti Suzuki,Swift,2020,8.15,Petrol,Automatic,1197,18.2,5,7,Yes,Yes,Yes,Normal,Low,0.2,89.2,11.96,Moderate,33.4,53.0,Low,31.98243506591054,Low,17.136534369173877,85,76.97999999999999,Highly Recommended
2637,Renault,Kwid,2024,7.85,Electric,Manual,0,542.3,2,6,Yes,No,Yes,Normal,Low,0.03,103.4,11.86,Good,34.6,69.7,Medium,39.73674738818254,Low,13.922787082496075,50,72.5,Recommended
2638,Renault,Triber,2022,6.35,Petrol,Manual,998,21.8,5,6,Yes,Yes,Yes,Normal,Low,0.18,80.6,12.45,Good,32.8,76.5,Low,2.1356800232696864,Low,15.771321412651593,94,76.57000000000001,Highly Recommended
2639,Volkswagen,Taigun,2020,11.98,Petrol,Manual,1597,17.9,4,7,Yes,Yes,Yes,Normal,Low,0.2,93.2,11.92,Good,35.4,88.6,Low,13.52245463628676,Low,15.059019959022955,87,72.83500000000001,Recommended
2640,Skoda,Slavia,2020,7.76,Electric,Automatic,0,358.0,4,2,Yes,Yes,Yes,Calm,Medium,0.05,94.3,12.45,Good,34.1,100.0,Low,9.143566075076038,Low,11.193036029254813,79,88.975,Highly Recommended
2641,Mahindra,Scorpio,2025,13.58,Petrol,Manual,1498,20.0,5,6,Yes,No,No,Normal,Medium,0.21,91.3,13.34,Poor,29.3,69.4,Low,32.44595923873034,Medium,39.073537229813795,51,50.95,Consider
2642,Volkswagen,Taigun,2026,10.93,Petrol,Automatic,1497,11.4,3,6,Yes,No,No,Normal,Medium,0.3,99.7,12.93,Good,35.3,87.5,Low,14.778472896921347,Low,25.474697464780164,58,57.81,Consider
2643,Mahindra,XUV 3XO,2019,12.52,Petrol,Automatic,1597,19.4,3,4,Yes,No,No,Aggressive,Low,0.12,87.2,12.16,Good,32.8,64.8,Low,14.393679810352342,Low,20.906245227557573,56,58.11,Consider
2644,Volkswagen,Virtus,2025,12.38,Petrol,Automatic,2198,20.1,4,4,Yes,Yes,No,Aggressive,Medium,0.07,88.2,11.93,Good,29.8,67.2,Low,28.204087460556153,Medium,33.34213212297626,72,65.41499999999999,Recommended
2645,Volkswagen,Taigun,2021,12.67,Diesel,Automatic,1290,23.7,5,6,Yes,Yes,Yes,Normal,Low,0.23,89.8,12.32,Good,32.9,57.7,Low,17.149459835782476,Low,17.929319079366923,91,80.505,Highly Recommended
2646,Skoda,Slavia,2019,17.93,Diesel,Automatic,2198,19.2,4,4,Yes,Yes,Yes,Aggressive,Low,0.29,88.7,12.87,Good,31.4,67.4,Low,16.03996300078997,Low,29.75041478324653,75,72.63,Recommended
2647,Honda,City,2026,4.57,Petrol,Manual,1497,20.6,5,6,Yes,Yes,No,Normal,Low,0.05,87.7,12.39,Good,31.0,81.2,Low,1.2480357911903788,Low,17.094121320687925,94,70.39000000000001,Recommended
2648,Tata,Nexon,2025,8.02,Diesel,Automatic,1290,16.5,4,2,Yes,Yes,No,Normal,Low,0.0,89.3,12.29,Good,35.1,91.9,Low,4.543843415294469,Low,10.308055804771596,80,68.475,Recommended
2649,Mahindra,XUV 3XO,2019,15.57,Petrol,Manual,1997,15.3,3,2,Yes,No,No,Normal,Medium,0.25,82.9,12.14,Good,28.3,73.2,Low,1.69480663460687,Low,18.579912543847207,54,51.595,Consider
2650,Volkswagen,Taigun,2023,16.7,Petrol,Automatic,1197,19.9,4,7,Yes,Yes,Yes,Aggressive,Medium,0.1,81.8,12.28,Moderate,32.6,81.3,Low,6.838039196425493,Medium,35.38923007680529,75,72.735,Recommended
2651,Kia,Carens,2022,16.23,Electric,Manual,0,361.8,5,6,Yes,Yes,Yes,Aggressive,Low,0.22,91.2,12.78,Good,32.0,52.8,Low,13.625600732052181,Low,28.57827510890166,88,88.1675,Highly Recommended
2652,Honda,Amaze,2021,10.67,Petrol,Automatic,998,18.7,4,4,Yes,Yes,No,Normal,Low,0.24,91.8,12.68,Moderate,37.2,77.3,Low,9.664540120577216,Low,20.219204728427822,73,65.655,Recommended
2653,Hyundai,Exter,2021,11.19,Diesel,Manual,1197,23.4,5,6,Yes,Yes,No,Normal,Medium,0.35,86.6,12.03,Good,36.4,79.1,Low,28.599809232391625,Medium,34.34477255080276,84,66.31,Recommended
2654,Kia,Sonet,2024,13.62,Petrol,Manual,1997,21.3,4,4,Yes,Yes,Yes,Aggressive,Low,0.14,91.5,12.57,Good,29.2,54.2,Low,17.378368672013387,Low,25.90685503617075,76,68.39500000000001,Recommended
2655,Hyundai,Exter,2019,8.69,CNG,Automatic,1197,23.7,5,6,Yes,Yes,Yes,Aggressive,Medium,0.25,89.3,12.98,Good,32.8,74.1,Low,11.189859063180755,Medium,39.88556067367686,84,81.355,Highly Recommended
2656,Tata,Curvv,2021,7.73,CNG,Manual,998,26.8,3,6,Yes,No,No,Normal,Low,0.0,85.9,12.37,Good,33.5,100.0,Low,0.0,Low,2.1953003351331972,68,63.620000000000005,Recommended
2657,Maruti Suzuki,Dzire,2024,11.24,Diesel,Manual,1498,19.5,4,6,Yes,Yes,Yes,Calm,Low,0.11,89.7,12.49,Good,33.0,73.9,Low,17.45094246741267,Low,5.042239832233926,88,73.525,Recommended
2658,Kia,Seltos,2023,7.37,Petrol,Manual,1597,14.9,4,4,Yes,Yes,Yes,Normal,Low,0.16,83.4,11.62,Good,31.3,77.3,Low,30.73874192392579,Low,12.619043558327498,79,68.785,Recommended
2659,Maruti Suzuki,Dzire,2020,4.5,Diesel,Automatic,2198,21.4,4,7,Yes,Yes,Yes,Calm,Low,0.25,75.3,13.27,Good,29.9,69.6,Low,2.47359117121807,Low,10.340554861628773,90,79.71000000000001,Highly Recommended
2660,Honda,City,2026,12.42,Diesel,Manual,998,22.9,4,2,Yes,Yes,No,Normal,Low,0.11,71.9,12.53,Good,33.4,74.7,Low,8.217074969394726,Low,12.40875363834381,78,63.535000000000004,Recommended
2661,Volkswagen,Virtus,2021,10.77,Diesel,Manual,1498,22.4,3,6,Yes,No,Yes,Normal,Medium,0.22,93.4,12.79,Good,30.7,73.0,Low,12.706901870186755,Low,23.581914469854176,59,60.91,Recommended
2662,Honda,Elevate,2020,14.25,Petrol,Manual,1597,30.6,3,4,Yes,No,No,Calm,High,0.39,85.3,12.37,Good,34.1,72.3,Low,15.426892635859971,Medium,33.66956053072783,51,52.54,Consider
2663,Volkswagen,Taigun,2024,17.72,Electric,Manual,0,247.1,5,2,Yes,Yes,Yes,Normal,Low,0.04,95.2,12.26,Good,31.5,100.0,Low,9.842511533643538,Low,19.326415792449822,84,82.06625,Highly Recommended
2664,Mahindra,XUV 3XO,2020,16.6,Electric,Automatic,0,351.3,3,4,Yes,No,Yes,Normal,High,0.38,87.5,11.86,Poor,33.3,77.3,Medium,38.23227186476548,Medium,54.395204753852504,25,64.42375,Recommended
2665,Skoda,Kushaq,2024,13.2,Petrol,Automatic,1498,20.5,5,2,Yes,Yes,Yes,Normal,Medium,0.15,91.3,12.7,Good,35.0,67.6,Low,13.693359943465428,Low,23.319836905189685,82,75.975,Highly Recommended
2666,Toyota,Innova,2023,11.48,CNG,Automatic,1197,20.7,5,4,Yes,Yes,Yes,Calm,Medium,0.31,98.3,13.18,Good,30.9,72.6,Low,15.176776069162358,Low,21.718339017214937,86,81.805,Highly Recommended
2667,Skoda,Kushaq,2023,8.23,Petrol,Manual,1597,24.0,4,6,Yes,Yes,Yes,Aggressive,Medium,0.28,99.6,12.53,Moderate,30.3,100.0,Low,0.0,Medium,35.840288796318234,73,67.45,Recommended
2668,Hyundai,Exter,2023,12.54,CNG,Manual,1199,29.5,4,6,Yes,Yes,No,Normal,Medium,0.01,85.6,12.93,Good,32.1,80.8,Low,8.28368156140897,Low,15.976518136876042,85,71.675,Recommended
2669,Toyota,Glanza,2022,11.6,Diesel,Manual,1497,21.6,4,6,Yes,Yes,Yes,Risky,Low,0.18,79.0,11.87,Good,33.7,73.8,Low,32.36055502510499,Medium,37.83950850672708,74,67.54,Recommended
2670,Mahindra,Thar,2022,13.67,Electric,Manual,0,413.2,4,2,Yes,Yes,Yes,Calm,Medium,0.18,80.5,12.16,Good,30.1,73.4,Low,11.05059597584062,Low,16.676725676663313,77,84.65,Highly Recommended
2671,Maruti Suzuki,Brezza,2021,10.29,Electric,Automatic,0,389.9,4,4,Yes,Yes,Yes,Aggressive,Low,0.03,90.7,13.15,Good,32.7,84.8,Low,6.870017868604348,Low,17.613220518349205,81,91.07124999999999,Highly Recommended
2672,Skoda,Kushaq,2022,14.57,Diesel,Automatic,1997,21.4,4,4,Yes,Yes,Yes,Normal,High,0.18,96.3,12.88,Good,27.5,87.0,Low,12.86777493748951,Medium,44.22558592523539,71,71.16,Recommended
2673,Renault,Kwid,2021,10.06,Petrol,Automatic,1497,20.4,4,6,Yes,Yes,No,Calm,Low,0.15,89.9,12.75,Good,35.4,71.2,Low,12.227749156759339,Low,6.614894282750376,88,72.66,Recommended
2674,Tata,Curvv,2019,8.07,Petrol,Automatic,1498,16.8,4,2,Yes,Yes,Yes,Normal,Medium,0.25,87.7,12.42,Good,33.3,90.6,Low,8.095973815064918,Low,24.60053412950246,74,71.82000000000001,Recommended
2675,Tata,Altroz,2021,9.09,Petrol,Manual,1997,13.1,4,4,Yes,Yes,Yes,Aggressive,Medium,0.35,86.8,11.8,Moderate,36.5,99.5,Low,24.87301128431574,Medium,44.80609610370343,63,61.315,Recommended
2676,Tata,Nexon,2019,11.17,Petrol,Automatic,998,16.9,4,2,Yes,Yes,No,Aggressive,Low,0.01,94.2,12.26,Moderate,29.9,79.2,Low,9.045879886767315,Low,20.63576301956297,69,63.585,Recommended
2677,Maruti Suzuki,Fronx,2019,8.6,Diesel,Manual,1290,20.4,4,2,Yes,Yes,Yes,Normal,Low,0.12,86.1,12.24,Good,30.0,88.9,Low,11.25425161702785,Low,11.264196700357534,78,69.16,Recommended
2678,Renault,Kwid,2023,9.91,Petrol,Manual,1498,21.2,4,6,Yes,Yes,No,Normal,Low,0.14,87.9,12.4,Good,33.3,80.1,Low,6.020526552394551,Low,8.453364414822644,88,67.78,Recommended
2679,Tata,Altroz,2025,5.33,Petrol,Manual,1290,20.1,3,6,Yes,No,No,Calm,High,0.36,94.4,12.71,Good,32.3,64.3,Low,23.398479843185697,Medium,33.92579706339568,54,52.315,Consider
2680,Maruti Suzuki,Fronx,2023,10.6,Electric,Manual,0,323.9,5,6,Yes,Yes,Yes,Normal,Medium,0.23,91.8,12.14,Moderate,32.3,98.0,Low,0.0,Low,28.00322874613641,84,84.94625,Highly Recommended
2681,Hyundai,i20,2021,11.03,Diesel,Automatic,1498,22.4,5,4,Yes,Yes,Yes,Normal,Low,0.22,77.5,12.37,Good,28.0,95.7,Low,0.0,Low,22.02819087059803,88,78.96000000000001,Highly Recommended
2682,Maruti Suzuki,Dzire,2020,13.66,Petrol,Automatic,1197,20.5,4,4,Yes,Yes,Yes,Calm,Medium,0.31,91.1,11.79,Good,30.5,77.4,Medium,35.95504663794304,Low,29.41042163055903,72,71.475,Recommended
2683,Honda,Amaze,2019,10.79,Electric,Manual,0,315.0,4,4,Yes,Yes,Yes,Normal,Low,0.11,81.7,12.12,Poor,30.1,100.0,Low,24.748079401838915,Low,25.55860782051239,60,73.8125,Recommended
2684,Hyundai,Creta,2020,9.23,Electric,Automatic,0,326.7,4,6,Yes,Yes,No,Normal,Low,0.13,92.2,11.67,Good,29.5,82.6,Low,26.97436938838272,Low,11.632542196283033,84,84.05125000000001,Highly Recommended
2685,Kia,Carens,2024,18.25,Electric,Manual,0,330.6,5,4,Yes,Yes,No,Calm,Medium,0.28,92.8,13.25,Moderate,34.7,72.7,Low,12.40715543289053,Low,21.380259154360736,81,77.8475,Highly Recommended
2686,Hyundai,Creta,2022,6.16,CNG,Manual,1498,16.8,3,7,Yes,No,Yes,Normal,Low,0.14,93.7,12.81,Good,31.3,90.8,Low,1.7929639796967098,Low,11.192015966891052,67,67.67,Recommended
2687,Toyota,Urban Cruiser,2026,18.63,Petrol,Manual,1290,19.7,3,2,Yes,No,No,Normal,Medium,0.19,84.2,11.86,Good,30.5,84.9,Low,10.146141526473649,Low,22.51629478347296,52,51.355000000000004,Consider
2688,Volkswagen,Virtus,2024,14.57,Electric,Manual,0,397.9,4,6,Yes,Yes,Yes,Aggressive,Low,0.14,88.2,12.08,Moderate,32.2,68.9,Low,28.802152218058414,Low,26.207873582880016,73,82.77125000000001,Highly Recommended
2689,Hyundai,Verna,2024,14.32,CNG,Automatic,1497,26.2,4,7,Yes,Yes,Yes,Normal,Low,0.21,79.4,13.24,Good,31.6,88.1,Low,8.788270004153958,Low,11.166711187253881,89,83.98,Highly Recommended
2690,Tata,Curvv,2025,10.53,Electric,Automatic,0,384.7,4,6,Yes,Yes,Yes,Calm,Low,0.25,88.0,12.25,Good,31.1,74.0,Low,21.968365574176126,Low,7.047953735595396,86,93.12625,Highly Recommended
2691,Volkswagen,Taigun,2022,12.46,Diesel,Automatic,998,15.8,4,6,Yes,Yes,Yes,Aggressive,Low,0.08,86.7,12.36,Good,32.4,86.0,Low,4.182390326942664,Low,24.4884348461393,83,75.72,Highly Recommended
2692,Skoda,Kushaq,2019,10.34,Diesel,Manual,1197,17.2,5,6,Yes,Yes,Yes,Normal,Low,0.0,89.0,12.14,Good,35.4,100.0,Low,0.0,Low,14.981096969927023,95,76.33,Highly Recommended
2693,Skoda,Slavia,2025,11.81,Petrol,Automatic,1199,17.2,5,6,Yes,Yes,Yes,Normal,Medium,0.15,92.7,13.04,Good,38.0,84.2,Low,15.356127121798735,Low,22.735221088303664,90,79.08,Highly Recommended
2694,Hyundai,Exter,2025,13.68,Electric,Automatic,0,290.5,5,2,Yes,Yes,Yes,Normal,Low,0.03,95.4,12.1,Good,32.8,54.5,Low,22.50969110062207,Low,14.640252709267134,83,88.24375,Highly Recommended
2695,Renault,Kwid,2019,6.61,Diesel,Automatic,1597,20.9,2,2,Yes,No,Yes,Normal,Low,0.29,91.1,12.41,Good,32.9,83.2,Low,3.3866262928256843,Low,18.585327960503577,46,59.835,Consider
2696,Hyundai,i20,2019,4.5,Petrol,Manual,1997,22.3,5,4,Yes,Yes,Yes,Normal,Low,0.04,96.1,12.48,Moderate,33.1,74.4,Low,16.12208983564251,Low,22.432048209962172,80,70.345,Recommended
2697,Mahindra,Scorpio,2021,16.88,Diesel,Manual,998,19.4,5,2,Yes,Yes,Yes,Aggressive,Medium,0.23,85.9,12.74,Good,33.4,74.9,Low,8.962492798595623,Medium,32.77877709025498,79,69.46000000000001,Recommended
2698,Mahindra,Thar,2021,7.18,Diesel,Manual,1997,16.2,4,2,Yes,Yes,Yes,Normal,Low,0.08,98.7,12.7,Good,30.6,54.9,Low,22.507365517455973,Low,13.821004934854495,76,67.63,Recommended
2699,Honda,Amaze,2021,12.15,Petrol,Manual,1197,19.0,4,7,Yes,Yes,No,Aggressive,Low,0.16,88.2,11.56,Good,28.9,70.2,Low,31.955921902264144,Low,23.70841174075869,81,64.30000000000001,Recommended
2700,Tata,Altroz,2020,9.14,Petrol,Manual,998,20.5,3,6,Yes,No,No,Normal,Low,0.18,86.1,12.62,Moderate,31.4,60.1,Low,25.01173770739053,Low,14.527549520005971,54,52.375,Consider
2701,Kia,Carens,2023,16.98,Electric,Manual,0,341.1,4,4,Yes,Yes,Yes,Calm,Low,0.02,94.2,12.26,Moderate,27.4,99.1,Low,3.793320459199192,Low,13.581960530482899,77,82.44125,Highly Recommended
2702,Mahindra,XUV 3XO,2019,15.24,Electric,Automatic,0,296.3,5,6,Yes,Yes,No,Normal,Low,0.13,82.0,12.36,Good,31.0,90.2,Low,14.050459013579104,Low,10.912154082676071,94,87.41125,Highly Recommended
2703,Volkswagen,Taigun,2023,18.15,Electric,Manual,0,276.6,4,2,Yes,No,Yes,Normal,Medium,0.17,87.2,11.78,Good,35.1,90.2,Low,21.211177156773584,Low,18.347700913749122,59,71.9225,Recommended
2704,Mahindra,XUV700,2026,16.67,Electric,Automatic,0,325.4,5,6,Yes,Yes,Yes,Risky,Medium,0.24,98.3,12.94,Good,29.0,91.4,Low,8.358668058648272,Medium,53.94941402326888,80,88.2025,Highly Recommended
2705,Kia,Sonet,2023,8.58,Electric,Automatic,0,380.5,5,7,Yes,Yes,No,Calm,Low,0.15,73.8,12.45,Good,35.6,43.0,Low,25.013473427925348,Low,8.361889093738387,95,91.01875,Highly Recommended
2706,Tata,Harrier,2020,12.55,Petrol,Manual,1199,16.6,5,2,Yes,Yes,Yes,Normal,Low,0.19,98.7,12.89,Good,32.0,83.8,Low,14.065971400503797,Low,17.232393399119687,84,71.29,Recommended
2707,Hyundai,Creta,2020,10.43,Diesel,Manual,1497,18.9,4,6,Yes,Yes,Yes,Calm,Medium,0.24,77.8,12.55,Moderate,26.6,87.2,Low,0.0,Low,26.536842797681132,77,68.485,Recommended
2708,Hyundai,Verna,2020,8.91,Petrol,Automatic,1199,22.3,4,6,Yes,Yes,No,Normal,Low,0.2,88.6,12.63,Good,36.5,46.9,Low,17.945972163676277,Low,14.120251145548616,84,71.14500000000001,Recommended
2709,Hyundai,Venue,2024,10.05,Petrol,Automatic,1597,27.8,4,6,Yes,Yes,No,Normal,Low,0.27,91.2,12.2,Good,33.5,68.9,Low,4.449324248516245,Low,18.190311990470004,85,72.42,Recommended
2710,Toyota,Glanza,2022,17.68,Diesel,Manual,998,19.0,5,2,Yes,Yes,No,Normal,High,0.4,94.7,12.84,Good,31.5,82.9,Low,8.895353968322748,Medium,45.256950495578025,75,61.6,Recommended
2711,Kia,Sonet,2021,9.93,Petrol,Manual,1497,16.5,4,6,Yes,Yes,Yes,Normal,Low,0.25,86.6,12.53,Moderate,32.2,78.4,Low,7.293876099075796,Low,13.730259967213104,80,69.475,Recommended
2712,Renault,Kwid,2025,10.65,Petrol,Automatic,1498,15.9,4,6,Yes,No,No,Risky,Medium,0.34,90.7,12.22,Good,28.5,79.4,Low,8.211249490327555,Medium,47.79723079417065,59,58.935,Consider
2713,Hyundai,Venue,2020,13.85,Petrol,Manual,1199,20.9,4,6,Yes,Yes,Yes,Aggressive,Medium,0.08,107.6,12.85,Moderate,38.0,73.3,Low,17.681310880347837,Medium,30.1935292828084,73,66.985,Recommended
2714,Hyundai,Creta,2022,13.3,Petrol,Manual,1199,22.4,4,4,Yes,Yes,Yes,Aggressive,Low,0.21,86.5,12.73,Good,30.8,68.4,Low,10.902170167170421,Low,23.468731792532743,78,69.46000000000001,Recommended
2715,Mahindra,Scorpio,2020,10.57,Petrol,Automatic,998,20.7,5,4,Yes,No,Yes,Normal,Low,0.06,89.4,12.11,Good,30.9,72.9,Low,9.337617155275275,Low,2.9348679842870116,79,74.655,Recommended
2716,Honda,City,2023,12.53,CNG,Manual,2198,24.7,4,2,Yes,Yes,Yes,Aggressive,Low,0.09,88.5,12.42,Good,32.0,55.9,Low,17.25706818283737,Low,23.699173435115018,73,71.555,Recommended
2717,Maruti Suzuki,Swift,2019,7.74,CNG,Manual,1290,30.9,4,7,Yes,Yes,Yes,Normal,High,0.35,85.9,11.65,Good,31.1,48.0,Low,34.36873218360871,Medium,44.545543295777975,73,72.485,Recommended
2718,Tata,Curvv,2024,12.78,CNG,Automatic,1497,26.8,5,6,Yes,Yes,No,Normal,Low,0.0,87.7,12.72,Poor,33.9,76.1,Low,32.94905432037226,Low,21.062053683342068,73,70.87,Recommended
2719,Hyundai,Exter,2019,8.38,Petrol,Automatic,1197,18.0,4,4,Yes,Yes,Yes,Normal,Low,0.1,83.1,12.27,Good,30.7,100.0,Low,0.0,Low,11.590764992973986,84,76.5,Highly Recommended
2720,Toyota,Innova,2021,9.56,Diesel,Automatic,1997,22.6,4,6,Yes,Yes,Yes,Normal,Low,0.05,79.0,12.01,Moderate,31.7,63.2,Medium,35.227687679383806,Low,12.689876619126755,76,73.59,Recommended
2721,Honda,City,2020,7.45,CNG,Automatic,1498,28.3,5,4,Yes,Yes,Yes,Normal,Medium,0.2,93.3,12.23,Moderate,32.1,92.6,Low,9.508096540744438,Low,29.334364572110882,78,79.345,Highly Recommended
2722,Honda,Elevate,2020,10.63,Petrol,Manual,1290,24.6,5,2,Yes,Yes,Yes,Normal,Low,0.11,86.5,12.5,Good,31.5,54.2,Low,24.902066408177777,Low,13.265183655727402,84,72.49000000000001,Recommended
2723,Hyundai,Venue,2025,11.19,Petrol,Automatic,1497,18.1,4,6,Yes,Yes,No,Aggressive,Medium,0.15,92.7,12.82,Good,31.5,55.8,Low,20.140704246639775,Low,26.619768604980763,80,68.715,Recommended
2724,Toyota,Innova,2022,10.31,CNG,Automatic,1290,26.6,3,6,Yes,No,Yes,Normal,Low,0.03,91.3,12.94,Moderate,31.3,97.5,Low,0.0,Low,14.48023061438692,58,70.09,Recommended
2725,Hyundai,Creta,2019,12.62,Diesel,Automatic,1597,17.9,5,4,Yes,Yes,Yes,Calm,Low,0.17,81.9,12.23,Good,27.2,72.9,Low,5.523272247393425,Low,10.085602479533204,92,80.08500000000001,Highly Recommended
2726,Tata,Nexon,2019,8.14,Diesel,Automatic,1597,22.8,4,6,Yes,Yes,Yes,Normal,Low,0.12,87.5,12.67,Moderate,30.9,92.1,Low,0.0,Low,18.147650419317777,80,75.42,Highly Recommended
2727,Mahindra,Thar,2021,9.69,CNG,Automatic,1997,32.8,5,2,Yes,Yes,Yes,Normal,Low,0.0,100.5,12.46,Good,32.3,57.3,Low,15.50570066540648,Low,16.14586248859721,84,82.72,Highly Recommended
2728,Honda,City,2024,10.68,Diesel,Automatic,998,27.8,3,7,Yes,No,Yes,Normal,Low,0.1,88.9,12.63,Good,34.3,87.7,Low,6.887219622484792,Low,5.942775031624405,68,70.77000000000001,Recommended
2729,Skoda,Kushaq,2023,8.11,Petrol,Automatic,1597,22.8,4,2,Yes,Yes,No,Normal,High,0.38,88.6,12.9,Good,36.3,70.0,Low,15.615453333290546,Medium,41.62361598920867,67,63.57,Recommended
2730,Skoda,Slavia,2025,16.12,Electric,Manual,0,357.0,4,2,Yes,Yes,Yes,Normal,Medium,0.16,78.9,12.02,Good,38.0,100.0,Low,12.299376702217138,Low,16.692249459904232,76,82.5875,Highly Recommended
2731,Mahindra,XUV700,2025,15.12,CNG,Manual,1597,22.2,4,6,Yes,Yes,No,Calm,Low,0.13,85.2,12.55,Good,30.0,91.3,Low,10.918369767395705,Low,9.28044284002873,87,71.47999999999999,Recommended
2732,Tata,Nexon,2024,10.52,CNG,Automatic,1497,26.8,5,7,Yes,Yes,Yes,Aggressive,Medium,0.29,98.7,12.16,Good,32.0,76.6,Low,6.459062596000274,Medium,37.80292577403851,88,83.62,Highly Recommended
2733,Hyundai,Exter,2025,10.24,Electric,Automatic,0,348.2,4,2,Yes,Yes,Yes,Normal,Low,0.19,81.8,12.53,Moderate,30.0,80.0,Low,5.73032531488609,Low,16.828005989914615,71,85.0075,Highly Recommended
2734,Maruti Suzuki,Fronx,2025,17.04,Electric,Automatic,0,369.8,5,4,Yes,No,Yes,Normal,Medium,0.38,81.1,12.99,Good,31.0,62.3,Low,10.275507330610386,Low,28.893115928660865,69,84.9175,Highly Recommended
2735,Maruti Suzuki,Brezza,2024,6.76,Petrol,Automatic,1199,20.5,4,6,Yes,Yes,Yes,Aggressive,Low,0.25,90.5,12.37,Good,32.9,88.4,Low,0.0,Low,25.405588163010027,83,76.42500000000001,Highly Recommended
2736,Mahindra,Thar,2022,16.37,Petrol,Automatic,1290,20.3,5,6,Yes,Yes,Yes,Aggressive,Medium,0.18,89.2,12.77,Good,28.5,72.3,Low,8.603686900386998,Medium,40.55022013708573,85,77.295,Highly Recommended
2737,Renault,Kwid,2019,6.51,Petrol,Manual,1597,13.3,4,2,Yes,Yes,Yes,Aggressive,High,0.25,82.9,12.64,Poor,30.6,72.9,Low,31.200886606593187,High,58.89276727017376,44,52.795,Consider
2738,Tata,Nexon,2024,12.07,Diesel,Manual,1498,18.7,4,6,Yes,Yes,Yes,Normal,Medium,0.2,94.2,12.57,Good,33.2,69.0,Low,17.178206028700522,Low,25.036577512001898,81,70.255,Recommended
2739,Volkswagen,Taigun,2025,5.68,CNG,Manual,1997,19.7,5,4,Yes,Yes,Yes,Normal,Medium,0.21,90.8,12.73,Moderate,35.2,90.2,Low,0.0,Low,26.280923992156303,81,74.405,Recommended
2740,Kia,Carens,2019,7.5,Electric,Manual,0,304.2,4,7,Yes,Yes,Yes,Normal,High,0.3,83.7,11.41,Good,29.9,78.3,Low,27.384261468829216,Medium,39.28009317825977,76,80.6075,Highly Recommended
2741,Kia,Carens,2021,9.87,Diesel,Automatic,1199,20.6,4,4,Yes,Yes,Yes,Normal,Low,0.17,85.2,13.02,Good,30.6,64.8,Low,18.26218877562128,Low,13.328416686832053,81,75.54,Highly Recommended
2742,Mahindra,Thar,2025,15.59,Petrol,Automatic,1290,17.5,4,6,Yes,Yes,No,Normal,High,0.45,91.0,11.61,Moderate,32.0,100.0,Low,21.37098895267075,Medium,41.83704263994384,68,63.225,Recommended
2743,Mahindra,XUV700,2026,14.64,Electric,Automatic,0,338.8,4,6,Yes,Yes,No,Normal,Low,0.0,92.3,12.59,Good,35.5,85.0,Low,5.87383712382992,Low,8.106747127455598,88,86.305,Highly Recommended
2744,Hyundai,i20,2025,10.9,Electric,Manual,0,421.3,3,4,Yes,No,No,Aggressive,Low,0.12,90.3,12.16,Good,32.1,62.3,Low,11.549695984148459,Low,20.15904987439019,56,69.2,Recommended
2745,Honda,Elevate,2022,7.98,Diesel,Automatic,1290,18.0,4,6,Yes,No,No,Aggressive,Low,0.06,87.8,12.62,Good,33.7,96.1,Low,1.9031947936905587,Low,16.644193568678595,71,64.65,Recommended
2746,Kia,Carens,2019,14.07,Petrol,Automatic,1197,23.1,4,4,Yes,Yes,Yes,Normal,Low,0.01,89.7,12.75,Good,36.8,94.4,Low,7.463568175170275,Low,11.835577922405774,83,76.815,Highly Recommended
2747,Maruti Suzuki,Fronx,2024,10.29,Petrol,Manual,1199,25.0,4,6,Yes,Yes,Yes,Normal,Low,0.14,93.7,12.16,Good,32.0,92.6,Low,4.482077913257137,Low,1.372439325307294,91,75.7,Highly Recommended
2748,Toyota,Innova,2020,16.54,Petrol,Manual,1199,15.5,4,7,Yes,Yes,No,Normal,Low,0.0,105.5,13.18,Good,33.5,100.0,Low,12.213929525196582,Low,5.982082634635444,90,67.825,Recommended
2749,Skoda,Kushaq,2020,11.28,Petrol,Manual,1290,17.8,3,6,Yes,No,Yes,Aggressive,Low,0.07,90.0,12.8,Moderate,34.7,100.0,Low,0.0,Medium,31.294946012455163,52,57.07,Consider
2750,Mahindra,XUV700,2026,12.31,Petrol,Manual,998,25.9,4,2,Yes,Yes,Yes,Normal,Low,0.24,97.2,12.66,Good,31.6,84.1,Low,8.931878221246052,Low,14.437060444932953,78,69.985,Recommended
2751,Honda,Amaze,2021,10.88,Electric,Automatic,0,431.9,3,6,Yes,No,Yes,Normal,Low,0.11,94.0,12.47,Good,28.1,61.5,Low,15.634849611447143,Low,9.299332242082235,63,83.35,Highly Recommended
2752,Mahindra,XUV 3XO,2025,14.88,Petrol,Manual,1498,11.6,4,2,Yes,Yes,Yes,Normal,Low,0.11,96.6,11.73,Good,32.1,82.7,Medium,36.373284279386894,Low,6.744800313900975,76,66.94,Recommended
2753,Tata,Punch,2025,13.35,Petrol,Manual,1497,20.8,5,2,Yes,Yes,Yes,Normal,Low,0.05,84.3,12.67,Good,28.8,75.2,Low,8.409876194118665,Low,5.437291220139635,89,74.17,Recommended
2754,Mahindra,Thar,2020,14.41,Petrol,Automatic,1197,22.4,5,4,Yes,Yes,No,Normal,Low,0.06,95.9,12.15,Moderate,25.9,70.6,Low,6.2513928313555285,Low,15.055008488155204,84,71.16,Recommended
2755,Renault,Kwid,2022,6.54,Petrol,Automatic,1290,19.8,5,4,Yes,Yes,No,Aggressive,Medium,0.23,87.4,12.28,Moderate,35.2,66.6,Low,14.866569850913983,Medium,42.5755087429468,73,65.82,Recommended
2756,Toyota,Glanza,2026,15.92,Petrol,Automatic,1497,18.0,5,7,Yes,Yes,Yes,Normal,Medium,0.19,87.2,12.22,Good,29.1,88.7,Low,12.096503473161132,Medium,32.32798279937023,89,78.75,Highly Recommended
2757,Toyota,Innova,2026,18.43,Petrol,Automatic,1497,18.2,4,2,Yes,Yes,Yes,Normal,Low,0.08,94.6,12.82,Good,30.1,61.3,Low,7.623616444432583,Low,8.98295426702758,80,74.72999999999999,Recommended
2758,Mahindra,Thar,2022,7.88,Petrol,Manual,1199,20.0,5,4,Yes,Yes,Yes,Normal,Medium,0.23,87.0,11.9,Good,29.5,62.9,Low,29.32038532980082,Low,15.753849517954563,86,72.7,Recommended
2759,Renault,Kiger,2026,10.4,Diesel,Automatic,1997,23.4,5,2,Yes,Yes,No,Normal,Medium,0.17,97.0,11.89,Poor,33.0,79.5,Medium,49.767035539532095,Medium,30.316498121915966,59,60.06,Recommended
2760,Skoda,Slavia,2025,15.74,Petrol,Manual,1498,18.9,5,2,Yes,Yes,Yes,Calm,High,0.59,89.1,12.94,Good,31.1,94.5,Low,4.500526990182021,Medium,46.51091346741079,75,67.58500000000001,Recommended
2761,Renault,Kiger,2026,10.16,CNG,Automatic,998,21.0,4,4,Yes,Yes,Yes,Normal,Low,0.14,87.4,12.15,Moderate,35.2,83.8,Low,6.906627099342464,Low,18.01944491043796,75,76.9,Highly Recommended
2762,Volkswagen,Virtus,2021,9.29,Petrol,Manual,1199,20.9,5,6,Yes,Yes,Yes,Normal,Medium,0.32,81.1,13.29,Good,31.5,70.1,Low,18.00377203400987,Low,21.156521775257634,90,74.63499999999999,Recommended
2763,Honda,Amaze,2019,8.33,Diesel,Automatic,998,18.9,4,6,Yes,Yes,Yes,Normal,Low,0.06,88.3,12.72,Good,32.8,96.1,Low,1.6108648574981728,Low,10.255587489549939,88,78.435,Highly Recommended
2764,Honda,Elevate,2023,16.29,Petrol,Automatic,1197,26.3,5,6,Yes,Yes,No,Aggressive,Low,0.11,73.4,12.05,Good,27.4,70.6,Low,32.11442326945608,Low,20.539003302481476,88,73.545,Recommended
2765,Toyota,Glanza,2024,10.68,Petrol,Manual,1597,22.3,3,6,Yes,No,Yes,Aggressive,High,0.29,88.6,12.05,Good,30.7,63.3,Low,24.82689358770813,Medium,46.63693804951888,49,56.394999999999996,Consider
2766,Honda,Elevate,2023,10.33,Diesel,Manual,1197,21.0,4,6,Yes,Yes,Yes,Normal,Medium,0.28,97.8,13.03,Good,29.0,69.8,Low,10.660856225272695,Low,18.963827809859186,84,71.95,Recommended
2767,Renault,Triber,2022,9.33,Diesel,Manual,998,20.9,4,2,Yes,Yes,Yes,Normal,Medium,0.23,91.9,12.36,Good,32.5,65.7,Low,9.986227485651959,Low,24.194524286311893,74,67.435,Recommended
2768,Toyota,Innova,2019,11.44,Petrol,Manual,1997,14.6,3,2,Yes,No,Yes,Aggressive,Low,0.02,86.3,12.76,Good,28.7,82.7,Low,10.80394699046667,Low,23.450808079935616,51,56.14,Consider
2769,Renault,Kwid,2021,12.25,Diesel,Automatic,1199,22.9,4,2,Yes,Yes,Yes,Normal,Low,0.06,97.1,11.51,Good,31.2,81.4,Low,28.238363686243726,Low,16.743987652051878,74,72.73500000000001,Recommended
2770,Renault,Kiger,2020,8.97,Petrol,Automatic,1199,22.2,3,4,Yes,No,No,Normal,Low,0.13,91.9,12.84,Good,28.8,69.2,Low,15.836814793197238,Low,15.011483236879101,57,58.980000000000004,Consider
2771,Maruti Suzuki,Swift,2021,4.5,Petrol,Manual,1597,23.4,4,2,Yes,Yes,Yes,Normal,Medium,0.26,96.6,12.66,Good,26.8,96.7,Low,0.0,Low,16.71714098235136,78,69.61,Recommended
2772,Toyota,Urban Cruiser,2019,15.97,Electric,Manual,0,445.5,4,6,Yes,No,Yes,Aggressive,Medium,0.27,76.2,11.79,Good,33.9,100.0,Low,19.626330559037463,Medium,39.171539305251216,60,77.0,Highly Recommended
2773,Kia,Seltos,2025,14.05,Diesel,Automatic,1199,15.2,4,4,Yes,Yes,No,Normal,Low,0.01,91.1,12.87,Good,31.8,100.0,Low,0.0,Low,8.063024069210265,85,70.53,Recommended
2774,Volkswagen,Virtus,2024,8.55,Petrol,Manual,1497,14.7,3,7,Yes,No,Yes,Calm,Medium,0.14,99.8,12.65,Moderate,33.0,96.2,Low,14.276147189182606,Low,23.571454590524446,55,57.955,Consider
2775,Tata,Punch,2026,8.97,Petrol,Automatic,1199,19.7,3,6,Yes,No,Yes,Normal,High,0.41,107.1,12.85,Moderate,31.3,81.5,Low,22.71065751932131,Medium,43.81302415435113,44,58.754999999999995,Consider
2776,Kia,Carens,2019,13.22,Petrol,Manual,2198,19.4,5,4,Yes,Yes,No,Calm,Medium,0.24,77.3,12.3,Good,32.4,80.3,Low,2.5714161403775178,Low,23.995469799387806,87,67.06,Recommended
2777,Renault,Triber,2024,4.5,Petrol,Manual,1497,17.3,3,6,Yes,No,Yes,Normal,Medium,0.21,94.2,11.77,Good,30.5,78.4,Low,26.724959636894642,Low,18.47926926152568,59,60.144999999999996,Recommended
2778,Renault,Kwid,2025,6.37,Petrol,Automatic,998,22.3,5,6,Yes,Yes,Yes,Normal,High,0.43,89.9,13.02,Poor,30.4,72.0,Medium,37.21758102985728,Medium,54.4647937240159,60,66.345,Recommended
2779,Maruti Suzuki,Baleno,2026,4.5,Petrol,Manual,998,18.2,4,6,Yes,Yes,No,Aggressive,Medium,0.34,83.5,13.09,Good,32.9,61.8,Low,7.289330425146456,Medium,39.12451947043542,77,62.379999999999995,Recommended
2780,Maruti Suzuki,Brezza,2026,7.66,Diesel,Manual,2198,25.6,4,6,Yes,Yes,No,Normal,Low,0.13,77.8,12.76,Good,32.1,78.6,Low,3.252385232549093,Low,12.456721535840051,87,67.99,Recommended
2781,Toyota,Hyryder,2021,10.02,Petrol,Automatic,1997,17.5,4,6,Yes,No,Yes,Normal,Low,0.11,89.3,13.45,Good,30.8,63.1,Low,11.468935341378824,Low,16.287075110569532,70,70.125,Recommended
2782,Kia,Sonet,2022,4.5,Petrol,Manual,1290,19.4,5,6,Yes,Yes,Yes,Aggressive,High,0.32,85.8,12.75,Poor,35.8,63.5,Low,32.33434620570947,High,61.446520820611006,59,60.46,Recommended
2783,Maruti Suzuki,Baleno,2019,4.64,Petrol,Manual,1997,18.7,4,4,Yes,Yes,No,Normal,Medium,0.18,82.2,12.27,Good,31.0,73.6,Low,4.599753748995139,Low,22.74812176557619,79,63.355000000000004,Recommended
2784,Honda,City,2026,4.5,Petrol,Automatic,1197,20.8,4,6,Yes,Yes,No,Normal,Medium,0.12,83.0,13.18,Good,32.8,47.1,Low,18.63904402702138,Low,28.34070534417256,79,68.67,Recommended
2785,Skoda,Slavia,2025,11.66,Petrol,Manual,1197,18.6,4,6,Yes,Yes,Yes,Normal,High,0.4,95.1,12.37,Good,29.9,77.7,Low,16.431108216809836,Medium,40.01581148745733,76,67.99000000000001,Recommended
2786,Skoda,Slavia,2024,18.43,Petrol,Manual,998,18.1,4,6,Yes,Yes,No,Normal,Medium,0.31,80.2,12.43,Good,30.2,97.6,Low,4.65014540216289,Low,26.643434406698947,82,64.61500000000001,Recommended
2787,Tata,Harrier,2025,15.29,Electric,Automatic,0,372.5,4,6,Yes,Yes,Yes,Normal,High,0.4,82.9,12.43,Moderate,25.8,85.9,Low,0.6684841054309354,Medium,37.107089062806644,73,86.81875,Highly Recommended
2788,Skoda,Slavia,2021,15.36,CNG,Manual,2198,22.9,4,4,Yes,Yes,Yes,Normal,High,0.39,86.6,12.55,Good,30.8,87.8,Low,3.217943440152197,Medium,45.49817044058032,72,70.83500000000001,Recommended
2789,Hyundai,Venue,2026,15.71,Electric,Manual,0,396.8,5,4,Yes,Yes,Yes,Normal,Medium,0.17,88.1,12.73,Moderate,31.4,72.1,Low,14.12261498074115,Medium,32.006188738850526,77,84.53,Highly Recommended
2790,Hyundai,Exter,2022,10.24,Petrol,Automatic,998,24.7,5,4,Yes,Yes,Yes,Calm,Medium,0.46,83.8,12.88,Good,31.7,65.0,Low,20.596169752570813,Low,25.151331988541298,84,77.505,Highly Recommended
2791,Honda,Elevate,2020,11.03,Diesel,Manual,1498,15.9,3,6,Yes,No,Yes,Normal,Low,0.14,75.2,12.32,Good,29.1,70.6,Low,5.56317417291886,Low,20.339666156912394,61,60.835,Recommended
2792,Renault,Kwid,2022,4.58,CNG,Manual,1997,27.6,5,4,Yes,Yes,Yes,Normal,Medium,0.23,77.5,12.59,Good,31.7,70.9,Low,12.642563172281065,Low,19.637528243318204,87,78.28999999999999,Highly Recommended
2793,Renault,Triber,2021,6.12,Diesel,Automatic,1290,18.7,4,6,Yes,Yes,Yes,Normal,High,0.25,89.0,12.78,Good,34.2,87.7,Low,5.801082275391643,Medium,40.3840447720193,77,73.455,Recommended
2794,Kia,Seltos,2023,16.9,Petrol,Automatic,1497,14.5,3,6,Yes,No,Yes,Calm,Low,0.04,88.9,12.09,Good,30.7,87.4,Low,16.99031573073666,Low,3.7820641165811515,65,67.425,Recommended
2795,Toyota,Urban Cruiser,2020,12.43,Petrol,Automatic,1197,17.7,4,6,Yes,Yes,No,Normal,Low,0.12,81.0,12.41,Moderate,31.7,65.9,Low,14.557867097221086,Low,12.828808423451761,79,68.20500000000001,Recommended
2796,Maruti Suzuki,Fronx,2020,5.74,Diesel,Manual,1497,20.9,4,6,Yes,Yes,Yes,Normal,Low,0.18,85.5,12.06,Good,28.4,59.0,Medium,37.384911157034324,Low,12.796871982051453,82,71.035,Recommended
2797,Tata,Nexon,2020,15.34,Diesel,Automatic,1497,18.5,5,6,Yes,Yes,Yes,Normal,Medium,0.31,83.0,12.45,Good,36.0,76.7,Low,18.839774083188967,Low,23.74922602386342,89,78.825,Highly Recommended
2798,Kia,Carens,2025,14.26,Electric,Manual,0,418.0,4,6,Yes,Yes,Yes,Risky,High,0.38,90.6,12.53,Good,38.0,81.3,Low,13.344502690698413,High,64.35227673324302,67,80.15,Highly Recommended
2799,Volkswagen,Virtus,2021,9.43,Petrol,Automatic,998,19.9,3,2,Yes,No,Yes,Aggressive,Low,0.0,84.4,12.16,Good,30.6,93.7,Low,1.9695923630998529,Low,22.959095750358863,53,62.835,Recommended
2800,Kia,Seltos,2021,11.24,CNG,Automatic,1997,21.1,4,2,Yes,Yes,Yes,Normal,Medium,0.27,85.0,11.83,Moderate,34.5,71.9,Low,29.947600451015735,Low,28.06573677561088,64,71.965,Recommended
2801,Maruti Suzuki,Brezza,2019,4.5,Petrol,Automatic,1498,18.0,5,7,Yes,Yes,No,Calm,High,0.46,84.7,12.05,Poor,30.5,68.6,Medium,47.43305595116497,Medium,44.497561120813856,64,61.5,Recommended
2802,Mahindra,Scorpio,2025,25.27,Electric,Manual,0,325.0,4,6,Yes,Yes,Yes,Aggressive,Medium,0.24,80.5,12.75,Good,29.8,99.0,Low,2.3559433704253046,Medium,34.508465030710695,80,83.1875,Highly Recommended
2803,Honda,City,2026,15.86,Diesel,Automatic,1290,26.6,4,4,Yes,Yes,Yes,Normal,Low,0.18,87.1,11.59,Good,33.2,70.4,Low,33.686093695686175,Low,8.731079712697293,80,75.99000000000001,Highly Recommended
2804,Kia,Carens,2024,10.05,Electric,Automatic,0,383.2,4,6,Yes,No,Yes,Normal,Low,0.0,75.5,12.12,Good,28.2,74.9,Low,8.622957496195463,Low,9.94686718285266,72,86.77,Highly Recommended
2805,Tata,Harrier,2022,7.47,Diesel,Manual,2198,16.0,4,6,Yes,Yes,Yes,Normal,Low,0.15,84.2,12.73,Good,31.3,73.4,Low,8.340353708514396,Low,7.493994282857317,88,73.0,Recommended
2806,Renault,Kwid,2021,10.34,CNG,Automatic,1498,33.6,4,6,Yes,Yes,No,Normal,Low,0.12,83.1,11.76,Good,28.5,62.7,Low,28.276331475539028,Low,11.044545657365166,84,76.84,Highly Recommended
2807,Hyundai,Exter,2023,10.4,Diesel,Automatic,1997,22.3,4,6,Yes,Yes,Yes,Aggressive,Low,0.14,99.7,12.56,Moderate,32.3,78.2,Low,6.93632133888341,Low,20.704106229275,78,74.445,Recommended
2808,Maruti Suzuki,Baleno,2025,13.26,Diesel,Manual,2198,21.5,4,6,Yes,Yes,Yes,Aggressive,Low,0.19,77.9,12.06,Poor,31.1,75.0,Medium,46.87608597911351,Medium,44.53043111163298,54,58.525000000000006,Consider
2809,Toyota,Innova,2024,19.24,Diesel,Automatic,998,19.9,4,6,Yes,Yes,Yes,Aggressive,Low,0.13,78.3,12.94,Good,34.0,68.5,Low,4.241291639045944,Low,26.164383108688522,82,75.88499999999999,Highly Recommended
2810,Hyundai,i20,2020,8.29,CNG,Manual,1997,24.4,3,2,Yes,No,Yes,Normal,Medium,0.44,88.4,13.04,Good,28.6,100.0,Low,0.0,Medium,31.58830079589031,50,61.16,Recommended
2811,Honda,Amaze,2023,8.86,CNG,Manual,1597,32.1,5,4,Yes,Yes,Yes,Normal,Low,0.3,82.5,12.19,Poor,32.3,100.0,Low,18.79530932290665,Low,28.27516500236237,68,70.41499999999999,Recommended
2812,Kia,Seltos,2024,7.5,Electric,Manual,0,345.3,4,2,Yes,Yes,Yes,Calm,Low,0.07,100.2,12.31,Moderate,37.9,71.7,Low,11.676348165235277,Low,3.7589780405210647,75,81.69875,Highly Recommended
2813,Tata,Nexon,2019,12.62,Petrol,Manual,1597,25.5,4,6,Yes,Yes,Yes,Normal,Medium,0.14,86.5,12.31,Good,27.5,30.5,Low,28.52023054446662,Low,26.301978792065995,79,70.375,Recommended
2814,Toyota,Glanza,2025,10.08,Diesel,Automatic,1497,24.4,5,6,Yes,Yes,Yes,Calm,Low,0.15,98.6,12.39,Moderate,27.9,91.1,Low,8.46083253442257,Low,10.533880112685711,89,79.71000000000001,Highly Recommended
2815,Kia,Carens,2019,5.98,Petrol,Manual,1597,11.8,4,4,Yes,Yes,Yes,Aggressive,Low,0.2,89.5,11.38,Good,30.4,96.2,Low,22.21986078584805,Low,26.267588861640785,75,66.52000000000001,Recommended
2816,Skoda,Slavia,2025,17.69,Electric,Manual,0,335.0,4,2,Yes,Yes,Yes,Calm,Low,0.15,79.6,12.38,Good,31.5,42.8,Low,13.849802859068976,Low,10.367260715522967,78,82.6625,Highly Recommended
2817,Skoda,Slavia,2026,16.43,Electric,Automatic,0,390.9,4,6,Yes,Yes,Yes,Calm,High,0.24,77.2,12.22,Good,27.8,54.0,Low,17.987805336423158,Medium,39.07491388966534,76,88.85875,Highly Recommended
2818,Volkswagen,Taigun,2024,15.07,Petrol,Automatic,2198,18.2,4,6,Yes,Yes,Yes,Normal,Low,0.07,84.9,12.15,Good,33.4,66.4,Low,17.10978582604379,Low,7.4467224187293235,87,77.88,Highly Recommended
2819,Honda,Elevate,2023,5.31,Petrol,Manual,2198,16.4,4,6,Yes,Yes,No,Aggressive,Low,0.1,86.9,12.91,Good,30.8,64.0,Low,8.129644724368227,Low,26.572972909463115,81,63.910000000000004,Recommended
2820,Volkswagen,Taigun,2020,7.93,Petrol,Manual,2198,21.0,4,6,Yes,No,No,Normal,Medium,0.23,82.4,12.56,Good,30.0,71.9,Low,8.213865165945391,Low,26.532735104367365,66,57.85,Consider
2821,Toyota,Urban Cruiser,2026,16.09,Petrol,Manual,1997,19.9,5,2,Yes,Yes,No,Normal,High,0.4,84.6,12.55,Moderate,31.0,81.4,Low,5.885930078336212,Medium,42.47807387597669,70,59.485,Consider
2822,Tata,Nexon,2021,14.53,Petrol,Manual,1997,13.4,5,7,Yes,Yes,Yes,Normal,Low,0.08,95.1,12.44,Good,33.6,91.5,Low,0.0,Low,-0.016241161845227836,100,78.00999999999999,Highly Recommended
2823,Toyota,Urban Cruiser,2023,12.23,Petrol,Automatic,1497,14.3,4,6,Yes,Yes,Yes,Aggressive,Low,0.06,80.4,12.43,Good,30.0,87.4,Low,1.0892341173678224,Low,21.585773027649726,84,75.94500000000001,Highly Recommended
2824,Hyundai,Venue,2021,12.03,Diesel,Automatic,1290,17.5,4,6,Yes,No,Yes,Risky,Low,0.16,86.6,12.47,Good,35.6,78.7,Low,0.41583573261142526,Medium,37.77648241258922,64,67.425,Recommended
2825,Maruti Suzuki,Brezza,2024,6.58,Petrol,Manual,1597,25.5,4,6,Yes,Yes,Yes,Risky,Low,0.08,84.2,13.04,Moderate,30.8,58.0,Low,10.160624929782667,Medium,45.465673705043514,69,65.875,Recommended
2826,Maruti Suzuki,Swift,2020,7.88,Petrol,Manual,1597,21.0,4,6,Yes,Yes,Yes,Calm,Medium,0.31,82.4,12.48,Good,28.0,85.7,Low,11.337662411960245,Low,26.406417181603725,81,70.6,Recommended
2827,Hyundai,Exter,2024,13.39,Diesel,Automatic,998,11.6,4,6,Yes,Yes,Yes,Normal,Medium,0.28,82.6,11.37,Moderate,35.4,70.4,Low,33.75327349715033,Medium,32.16119681113353,70,69.24000000000001,Recommended
2828,Volkswagen,Virtus,2024,18.88,Petrol,Automatic,1197,22.9,5,6,Yes,Yes,Yes,Calm,Low,0.15,94.2,12.64,Moderate,37.5,93.6,Low,0.0,Low,5.172302491899702,92,80.83500000000001,Highly Recommended
2829,Skoda,Kushaq,2025,13.02,Petrol,Manual,998,19.5,4,6,Yes,Yes,Yes,Calm,Low,0.09,81.9,12.59,Good,31.9,90.6,Low,7.208912976526499,Low,10.888159884545187,87,73.07499999999999,Recommended
2830,Toyota,Innova,2021,12.79,CNG,Manual,1497,28.7,5,2,Yes,Yes,Yes,Aggressive,Low,0.09,95.0,12.75,Good,32.1,71.7,Low,3.509256713865625,Low,18.070373594920365,85,77.555,Highly Recommended
2831,Toyota,Glanza,2021,16.75,Diesel,Manual,1290,24.6,4,6,Yes,Yes,Yes,Normal,Low,0.16,65.1,13.02,Good,28.6,81.0,Low,8.162483403023016,Low,6.916752599457399,88,74.28999999999999,Recommended
2832,Hyundai,Verna,2026,16.11,Electric,Automatic,0,315.8,5,6,Yes,Yes,No,Normal,Medium,0.27,94.0,12.68,Moderate,29.1,76.9,Low,12.045685006649006,Low,29.100209031956872,82,82.7425,Highly Recommended
2833,Tata,Punch,2026,13.38,CNG,Automatic,1290,22.4,4,4,Yes,Yes,Yes,Normal,Low,0.05,78.9,12.3,Moderate,31.4,83.5,Low,1.2133888230582999,Low,23.13523165366363,74,76.66,Highly Recommended
2834,Toyota,Glanza,2022,12.99,Petrol,Automatic,1290,19.4,3,4,Yes,No,No,Calm,Low,0.03,87.3,12.21,Good,30.1,62.8,Low,14.44537784792516,Low,11.051925829593925,59,59.46,Consider
2835,Volkswagen,Virtus,2025,18.16,Diesel,Manual,1199,23.3,4,6,Yes,Yes,Yes,Calm,Low,0.18,80.2,12.64,Moderate,28.6,100.0,Low,0.08364962230814899,Low,9.85611433672274,83,71.845,Recommended
2836,Kia,Sonet,2026,20.51,Petrol,Automatic,1290,19.3,4,6,Yes,Yes,No,Aggressive,Low,0.19,93.3,12.73,Good,28.4,54.3,Low,11.657544291418247,Low,20.47053909448224,83,70.245,Recommended
2837,Toyota,Glanza,2021,13.23,Petrol,Automatic,998,19.2,5,4,Yes,Yes,No,Calm,Medium,0.17,88.6,12.68,Good,32.5,56.9,Low,15.719346371926234,Low,14.74112041211612,88,72.48,Recommended
2838,Toyota,Innova,2021,15.58,Petrol,Manual,1497,21.7,4,6,Yes,Yes,Yes,Aggressive,Medium,0.16,89.0,12.49,Poor,33.9,61.3,Medium,37.424312086751925,Medium,46.91819208650632,55,59.004999999999995,Consider
2839,Hyundai,i20,2019,4.72,Petrol,Automatic,1290,14.8,5,6,Yes,Yes,Yes,Aggressive,Low,0.22,87.5,12.15,Good,34.1,71.2,Low,7.928635300986053,Low,27.803507889063525,89,78.27000000000001,Highly Recommended
2840,Volkswagen,Virtus,2024,6.14,Diesel,Manual,1290,18.3,5,6,Yes,Yes,Yes,Calm,Low,0.14,87.6,12.84,Moderate,31.4,87.8,Low,1.5830385568237757,Low,10.169355330262414,90,74.245,Recommended
2841,Maruti Suzuki,Brezza,2026,11.01,Electric,Manual,0,439.5,4,4,Yes,Yes,Yes,Normal,Low,0.05,77.1,12.73,Good,29.0,75.9,Low,2.5044398368481744,Low,9.15473116528087,84,87.80000000000001,Highly Recommended
2842,Renault,Kwid,2021,4.5,Petrol,Manual,1197,20.7,5,6,Yes,Yes,Yes,Calm,Low,0.08,94.2,12.38,Good,32.9,84.8,Low,2.348275985986522,Low,8.404790905103008,97,77.755,Highly Recommended
2843,Toyota,Hyryder,2025,19.45,Diesel,Manual,1290,23.6,5,7,Yes,Yes,No,Normal,Medium,0.28,99.8,12.98,Good,29.5,71.6,Low,15.468608301272216,Low,24.290411951432937,91,69.49000000000001,Recommended
2844,Volkswagen,Virtus,2019,16.1,CNG,Manual,1997,22.6,4,7,Yes,No,No,Normal,High,0.26,77.1,11.97,Good,31.3,84.2,Low,21.996621074697995,Medium,37.55230277703846,63,60.74,Recommended
2845,Skoda,Slavia,2023,11.9,Petrol,Manual,1597,19.6,4,6,Yes,Yes,Yes,Calm,High,0.45,87.1,12.24,Good,33.1,88.4,Low,0.0,Medium,34.54489086397309,80,69.94,Recommended
2846,Tata,Harrier,2025,13.29,Petrol,Manual,1597,20.3,4,7,Yes,No,Yes,Normal,Low,0.12,82.5,12.89,Moderate,34.6,64.6,Low,19.56143868132924,Low,23.72768138002746,62,61.945,Recommended
2847,Volkswagen,Virtus,2025,16.54,Electric,Manual,0,274.5,4,6,Yes,Yes,Yes,Normal,Low,0.18,78.2,13.09,Good,35.4,100.0,Low,6.758454169167259,Low,17.893585287461825,85,83.54375,Highly Recommended
2848,Skoda,Kushaq,2026,12.24,Diesel,Automatic,1290,22.3,5,7,Yes,Yes,No,Calm,High,0.3,98.0,13.19,Moderate,28.7,74.9,Low,13.069799148646062,Medium,45.00991435531053,78,68.445,Recommended
2849,Volkswagen,Virtus,2023,14.09,Petrol,Automatic,2198,24.9,5,6,Yes,Yes,Yes,Risky,Low,0.08,92.2,12.83,Moderate,34.3,68.8,Low,4.7794004540548105,Medium,36.89641134560638,80,75.735,Highly Recommended
2850,Skoda,Slavia,2025,9.64,CNG,Automatic,2198,24.5,3,6,Yes,No,Yes,Calm,Low,0.0,91.5,13.35,Good,31.9,74.9,Low,6.171755768628852,Low,6.553470633832957,66,73.375,Recommended
2851,Tata,Harrier,2019,9.75,Petrol,Automatic,1497,19.0,5,2,Yes,Yes,Yes,Normal,Low,0.15,90.7,12.83,Good,33.2,65.4,Low,3.6468226110159137,Low,13.567695598302207,87,78.0,Highly Recommended
2852,Renault,Triber,2023,5.86,Petrol,Manual,2198,19.1,3,6,Yes,No,No,Normal,Medium,0.32,77.1,12.99,Good,31.2,57.0,Low,8.19002962861031,Low,17.619224685201253,62,55.765,Consider
2853,Renault,Kwid,2020,7.5,Electric,Manual,0,350.6,4,2,Yes,Yes,Yes,Aggressive,Low,0.06,86.9,12.88,Moderate,32.9,100.0,Low,2.287434448143599,Low,28.50701700870863,68,78.7475,Highly Recommended
2854,Skoda,Slavia,2021,8.73,CNG,Manual,1290,19.5,5,6,Yes,No,No,Normal,Low,0.04,88.3,13.21,Good,32.6,81.3,Low,4.5667572019199305,Low,11.913056993325556,80,67.925,Recommended
2855,Hyundai,Exter,2021,8.43,Electric,Automatic,0,251.1,4,6,Yes,Yes,Yes,Normal,Low,0.05,103.4,12.14,Poor,29.8,79.1,Low,31.147656935725703,Low,24.14370542652266,64,78.21625,Highly Recommended
2856,Kia,Sonet,2021,12.79,CNG,Manual,1997,27.5,3,2,Yes,No,Yes,Normal,Low,0.03,83.2,12.81,Good,33.7,82.8,Low,2.7069474282182777,Low,10.685064858329104,57,64.775,Recommended
2857,Toyota,Glanza,2025,13.07,Diesel,Automatic,2198,22.9,5,6,Yes,No,Yes,Aggressive,High,0.48,81.9,13.15,Good,32.3,71.2,Low,4.213954251117421,High,58.48631571497836,64,68.235,Recommended
2858,Hyundai,Venue,2023,5.24,Petrol,Manual,1597,18.4,4,4,Yes,Yes,No,Normal,High,0.37,81.9,12.78,Poor,32.5,86.0,Low,27.56835748593033,Medium,50.405664714548834,51,50.71,Consider
2859,Hyundai,Venue,2023,12.2,Petrol,Manual,1498,17.6,4,2,Yes,Yes,Yes,Normal,High,0.44,89.4,11.95,Good,36.6,66.9,Low,30.44143569916543,Medium,34.3763572372364,67,63.79,Recommended
2860,Kia,Seltos,2024,14.59,CNG,Manual,1197,25.9,4,7,Yes,Yes,Yes,Normal,Low,0.16,77.7,12.73,Moderate,30.2,82.3,Low,0.0,Low,19.22121156699624,81,75.33500000000001,Highly Recommended
2861,Toyota,Innova,2025,9.65,Diesel,Automatic,998,23.8,4,2,Yes,Yes,Yes,Normal,High,0.44,87.9,12.34,Moderate,30.3,85.0,Low,7.025178130644477,Medium,49.60809082861265,60,66.57,Recommended
2862,Volkswagen,Virtus,2021,12.69,CNG,Manual,1497,23.6,4,6,Yes,Yes,Yes,Normal,Low,0.22,79.0,12.97,Moderate,30.4,76.8,Low,0.863116432536664,Low,15.519913115744725,80,74.53999999999999,Recommended
2863,Toyota,Innova,2019,11.77,Petrol,Automatic,1597,18.9,5,4,Yes,No,No,Calm,Medium,0.06,90.2,11.78,Good,34.3,100.0,Low,18.605110674019222,Low,11.33205277300777,74,66.135,Recommended
2864,Honda,Elevate,2022,10.48,Diesel,Manual,1497,18.0,5,6,Yes,Yes,Yes,Normal,Low,0.12,77.0,11.94,Good,29.2,88.3,Low,23.846505431049874,Low,11.209764326445347,92,75.1,Highly Recommended
2865,Kia,Carens,2020,15.95,Electric,Automatic,0,301.6,4,4,Yes,Yes,Yes,Calm,Low,0.11,78.2,13.1,Good,28.6,80.7,Low,13.257860681594371,Low,6.983066327543599,84,89.11000000000001,Highly Recommended
2866,Tata,Altroz,2021,15.58,CNG,Automatic,998,25.3,4,6,Yes,No,Yes,Risky,High,0.43,90.3,12.58,Good,36.2,64.3,Low,16.167091685645367,High,58.850905001284225,54,68.095,Recommended
2867,Tata,Altroz,2021,11.02,CNG,Automatic,1199,21.8,3,6,Yes,No,Yes,Normal,Low,0.2,84.0,12.45,Moderate,31.6,94.0,Low,0.0,Low,18.91942876682538,56,68.47,Recommended
2868,Maruti Suzuki,Dzire,2021,9.42,CNG,Automatic,2198,24.5,3,6,Yes,No,Yes,Calm,Medium,0.23,81.3,12.53,Good,28.1,72.9,Low,13.208447509195784,Low,18.48842850862598,61,71.125,Recommended
2869,Tata,Punch,2022,10.62,Diesel,Automatic,1498,22.3,3,6,Yes,No,Yes,Risky,Medium,0.31,79.5,11.94,Good,34.3,69.0,Low,31.319397597248823,Medium,46.19169370199869,48,60.945,Recommended
2870,Toyota,Hyryder,2024,10.6,Petrol,Manual,1997,22.7,3,2,Yes,No,Yes,Normal,Low,0.04,82.6,12.55,Good,31.2,91.3,Low,0.2779256563889758,Low,6.543617093213534,59,60.955,Recommended
2871,Toyota,Innova,2021,14.21,CNG,Manual,1197,25.2,3,4,Yes,No,Yes,Risky,Medium,0.36,92.8,12.63,Moderate,30.4,73.4,Low,12.39562644454525,High,59.290270041051144,36,54.980000000000004,Consider
2872,Hyundai,Exter,2020,10.86,Petrol,Manual,1497,18.1,5,7,Yes,Yes,Yes,Normal,Low,0.16,79.1,11.98,Moderate,34.1,84.3,Low,20.13248309409276,Low,19.082533335283323,86,72.415,Recommended
2873,Toyota,Innova,2020,8.01,Petrol,Manual,1199,20.0,4,4,Yes,Yes,Yes,Risky,Low,0.12,89.1,12.6,Good,34.3,86.8,Low,0.0,Medium,41.598221172829604,73,66.85,Recommended
2874,Volkswagen,Virtus,2019,9.93,Diesel,Manual,1197,20.2,4,2,Yes,Yes,Yes,Aggressive,Medium,0.14,83.9,12.05,Moderate,27.5,41.3,Medium,38.93463942450348,Medium,31.65602036704041,61,61.480000000000004,Recommended
2875,Mahindra,Thar,2021,14.08,Diesel,Manual,1997,19.7,5,2,Yes,Yes,Yes,Aggressive,Low,0.2,94.9,11.88,Good,29.3,90.4,Low,20.168770031143158,Low,26.290311503931868,80,69.955,Recommended
2876,Kia,Seltos,2021,11.53,Petrol,Automatic,1597,15.1,3,6,Yes,No,Yes,Normal,Medium,0.1,84.7,12.61,Moderate,34.5,92.2,Low,0.0,Low,23.02962155603618,55,63.015,Recommended
2877,Maruti Suzuki,Fronx,2019,5.59,Petrol,Automatic,1997,18.5,4,6,Yes,Yes,No,Calm,Low,0.13,68.7,12.42,Good,29.6,94.0,Low,0.0,Low,7.321016705999574,89,72.825,Recommended
2878,Kia,Sonet,2023,15.14,CNG,Automatic,1498,24.4,5,6,Yes,Yes,Yes,Normal,Medium,0.15,91.2,12.61,Good,33.5,70.6,Low,7.895545516428623,Low,25.722214940688392,90,84.16,Highly Recommended
2879,Renault,Triber,2025,7.76,Diesel,Automatic,1497,22.3,5,6,Yes,Yes,Yes,Calm,Low,0.12,86.9,12.81,Moderate,32.6,100.0,Low,0.0,Low,18.862654780156006,87,78.495,Highly Recommended
2880,Mahindra,Scorpio,2019,18.3,Electric,Manual,0,332.6,4,6,Yes,Yes,No,Risky,Medium,0.14,83.5,12.22,Moderate,30.1,85.4,Low,14.948903665910253,Medium,54.7981524134664,65,70.7225,Recommended
2881,Hyundai,Creta,2021,10.41,CNG,Manual,1199,25.5,4,6,Yes,No,Yes,Aggressive,Low,0.11,87.1,11.92,Good,30.8,69.2,Low,28.640135077116597,Low,24.297256264518758,64,67.625,Recommended
2882,Mahindra,Thar,2024,10.23,Petrol,Automatic,2198,19.5,5,2,Yes,Yes,Yes,Normal,High,0.4,87.1,12.08,Moderate,30.8,84.8,Low,16.820545892159636,Medium,43.8264166376967,68,69.525,Recommended
2883,Maruti Suzuki,Fronx,2023,9.19,CNG,Automatic,1597,24.8,3,2,Yes,No,Yes,Aggressive,Low,0.0,86.9,12.27,Good,33.2,71.7,Low,14.549852066273615,Low,16.1562959144523,53,67.57,Recommended
2884,Hyundai,i20,2026,16.23,Electric,Manual,0,256.6,5,4,Yes,Yes,Yes,Normal,High,0.41,83.5,11.99,Poor,36.6,100.0,Low,26.86797282314978,High,57.20556071724095,57,70.27250000000001,Recommended
2885,Toyota,Hyryder,2022,12.62,Electric,Automatic,0,347.2,4,4,Yes,Yes,Yes,Normal,Medium,0.12,83.8,13.64,Good,30.4,82.0,Low,9.827849418857909,Low,22.74942188444957,79,88.57000000000001,Highly Recommended
2886,Volkswagen,Virtus,2022,12.01,Electric,Manual,0,352.3,4,7,Yes,No,Yes,Normal,High,0.35,86.8,12.91,Good,30.0,88.4,Low,10.934645986425878,Medium,43.83814953063836,62,76.11125,Highly Recommended
2887,Honda,City,2023,9.61,Petrol,Automatic,1498,23.0,4,4,Yes,Yes,Yes,Risky,Low,0.19,75.7,13.09,Good,33.9,38.5,Low,23.576043630153702,Medium,36.50595384737969,72,71.85,Recommended
2888,Honda,City,2026,7.66,Diesel,Automatic,1497,21.1,5,6,Yes,No,Yes,Aggressive,Medium,0.27,78.7,12.61,Moderate,37.2,65.4,Low,9.076092729777567,Medium,37.80291089187195,64,67.965,Recommended
2889,Skoda,Kushaq,2022,12.13,Diesel,Automatic,1997,16.4,4,6,Yes,Yes,Yes,Calm,Low,0.23,96.5,11.91,Good,35.4,88.0,Low,29.394131100470418,Low,12.343494729024286,83,75.81,Highly Recommended
2890,Renault,Triber,2020,12.79,Electric,Manual,0,386.1,4,2,Yes,Yes,Yes,Aggressive,Medium,0.15,88.2,12.6,Moderate,28.7,84.3,Low,10.391757468484332,Medium,37.67566344619078,63,77.82875,Highly Recommended
2891,Toyota,Innova,2025,12.41,Petrol,Manual,1997,24.7,4,4,Yes,Yes,No,Normal,Low,0.14,94.3,12.23,Good,31.7,61.5,Low,21.480683785774005,Low,7.132010235922422,82,65.60499999999999,Recommended
2892,Renault,Kiger,2025,4.5,CNG,Manual,1997,20.5,3,6,Yes,No,No,Normal,Medium,0.11,76.9,12.47,Moderate,32.1,76.8,Low,7.103444978399848,Low,28.78916496354928,52,55.475,Consider
2893,Toyota,Urban Cruiser,2024,11.28,Petrol,Manual,1290,19.1,3,6,Yes,No,No,Normal,High,0.47,91.3,12.62,Good,31.1,63.3,Low,18.2112325301717,Medium,38.4218282911492,53,51.715,Consider
2894,Toyota,Glanza,2023,15.35,Petrol,Manual,1290,18.2,4,6,Yes,Yes,No,Normal,Medium,0.26,102.9,11.86,Good,36.1,66.3,Medium,40.44338365447772,Low,25.770018695612595,77,62.379999999999995,Recommended
2895,Tata,Nexon,2019,6.95,Petrol,Manual,1197,18.9,4,2,Yes,Yes,Yes,Normal,Medium,0.32,80.8,12.54,Good,34.0,56.4,Low,13.574866507217823,Low,25.2965270905616,73,66.685,Recommended
2896,Kia,Sonet,2023,19.09,Electric,Manual,0,388.4,2,2,Yes,No,Yes,Normal,Medium,0.3,101.8,13.07,Good,32.6,84.0,Low,3.7026471178395406,Low,21.505467834533135,45,69.815,Recommended
2897,Skoda,Kushaq,2020,7.36,Petrol,Manual,1498,20.6,4,6,Yes,Yes,Yes,Normal,High,0.36,85.8,12.98,Good,27.2,85.2,Low,7.826550688394992,Medium,37.5787287771794,78,69.19,Recommended
2898,Skoda,Slavia,2025,9.03,Petrol,Manual,1199,16.2,5,6,Yes,Yes,Yes,Calm,Low,0.18,92.1,12.59,Good,33.1,52.3,Low,22.34936649307896,Low,12.445399594195218,92,74.83,Recommended
2899,Mahindra,Thar,2020,9.45,Petrol,Manual,2198,15.8,4,6,Yes,No,Yes,Aggressive,Low,0.09,92.5,12.56,Good,27.4,77.6,Low,3.6504630157957765,Low,15.92854119463573,71,65.32,Recommended
2900,Toyota,Hyryder,2021,11.19,Diesel,Automatic,998,24.7,4,6,Yes,Yes,Yes,Calm,Medium,0.15,87.7,12.21,Good,30.7,83.0,Low,5.495179948703493,Low,16.843618779783345,85,77.955,Highly Recommended
2901,Tata,Altroz,2019,10.1,Petrol,Automatic,1290,20.5,4,6,Yes,No,Yes,Normal,Low,0.11,80.9,12.6,Moderate,32.7,80.3,Low,5.674143339091374,Low,16.909350189840342,64,67.875,Recommended
2902,Renault,Triber,2024,9.47,Petrol,Manual,2198,20.9,5,6,Yes,Yes,Yes,Aggressive,Medium,0.24,90.6,12.92,Good,35.0,51.6,Low,14.190099811590002,Medium,34.03641669274186,86,72.83500000000001,Recommended
2903,Mahindra,Scorpio,2022,10.18,Petrol,Automatic,1197,21.6,4,2,Yes,No,No,Normal,Medium,0.25,89.7,11.91,Good,34.0,80.5,Low,27.8343760318372,Low,19.87303313705638,58,59.34,Consider
2904,Maruti Suzuki,Dzire,2020,8.17,Petrol,Manual,2198,22.7,4,6,Yes,No,Yes,Normal,Medium,0.28,84.7,11.93,Good,26.3,83.4,Low,28.999818509216375,Low,23.53593473698678,64,63.205,Recommended
2905,Volkswagen,Virtus,2020,10.93,CNG,Manual,1597,24.0,5,7,Yes,Yes,Yes,Calm,Low,0.24,105.8,13.3,Good,32.5,93.3,Low,10.752585850269142,Low,5.096568496796634,99,83.15,Highly Recommended
2906,Skoda,Slavia,2022,14.28,Diesel,Manual,1997,23.6,5,6,Yes,Yes,Yes,Risky,Medium,0.08,98.1,11.79,Good,31.2,80.6,Low,26.503489554189713,Medium,48.139059932974476,79,70.09,Recommended
2907,Renault,Kwid,2019,8.1,Petrol,Manual,1497,28.4,4,6,Yes,Yes,No,Normal,Low,0.22,85.1,12.08,Good,33.8,61.1,Low,34.31365090032664,Low,10.98516204897707,83,66.61,Recommended
2908,Kia,Sonet,2022,8.21,CNG,Manual,998,25.0,4,2,Yes,Yes,Yes,Calm,Low,0.08,79.8,11.66,Poor,33.4,57.7,High,67.42863964890483,Low,15.092744560078579,54,63.05,Recommended
2909,Toyota,Urban Cruiser,2024,14.75,Diesel,Manual,1497,19.1,5,6,Yes,Yes,Yes,Aggressive,High,0.41,81.2,11.43,Good,32.0,86.6,Low,21.26774495207556,Medium,50.30497561747177,79,69.415,Recommended
2910,Tata,Curvv,2024,17.66,Electric,Automatic,0,370.0,5,2,Yes,Yes,Yes,Normal,Medium,0.27,97.9,11.44,Good,35.4,66.5,Medium,40.90145705921739,Low,24.37922028262997,77,88.525,Highly Recommended
2911,Maruti Suzuki,Fronx,2022,12.44,Electric,Manual,0,297.8,3,6,Yes,No,Yes,Normal,Medium,0.26,85.0,12.18,Good,31.6,67.7,Low,12.929296285421474,Low,20.978476051085075,60,73.1675,Recommended
2912,Volkswagen,Taigun,2024,11.17,Petrol,Manual,1197,15.9,4,6,Yes,Yes,Yes,Normal,Low,0.16,79.2,12.12,Poor,34.0,100.0,Low,29.279662965714984,Medium,30.29322856657128,62,61.285000000000004,Recommended
2913,Hyundai,i20,2022,17.58,Electric,Manual,0,393.8,4,6,Yes,Yes,No,Normal,Low,0.07,78.9,12.9,Moderate,33.1,71.3,Low,18.051811181018245,Low,18.229174339704894,77,78.41749999999999,Highly Recommended
2914,Skoda,Kushaq,2021,13.49,CNG,Automatic,1197,25.2,5,6,Yes,Yes,Yes,Normal,Medium,0.15,83.4,12.68,Moderate,31.5,86.9,Low,4.761112205092719,Low,26.83023161668722,84,81.58000000000001,Highly Recommended
2915,Skoda,Slavia,2019,10.03,Petrol,Automatic,1197,16.6,4,4,Yes,Yes,Yes,Normal,Medium,0.16,83.9,12.91,Moderate,31.2,67.3,Low,11.038667398823453,Low,27.537178519112885,71,70.44,Recommended
2916,Toyota,Urban Cruiser,2026,10.52,Diesel,Automatic,1197,23.7,4,6,Yes,Yes,No,Aggressive,Low,0.13,88.3,13.28,Good,33.8,65.8,Low,0.0,Low,25.092216356534454,83,70.905,Recommended
2917,Hyundai,Venue,2020,9.39,Petrol,Manual,1997,15.1,3,6,Yes,No,Yes,Normal,Low,0.08,101.5,12.47,Good,32.0,81.2,Low,9.697780475008123,Low,10.939418540732854,64,62.065,Recommended
2918,Mahindra,XUV 3XO,2026,19.7,CNG,Automatic,1498,22.7,5,2,Yes,Yes,Yes,Risky,Low,0.08,87.0,11.9,Good,26.9,94.3,Low,24.094358867723187,Low,29.536581291128833,78,78.505,Highly Recommended
2919,Hyundai,Venue,2024,12.99,Electric,Manual,0,322.4,4,6,Yes,Yes,Yes,Aggressive,Low,0.24,86.0,12.54,Moderate,32.2,64.1,Low,19.67431718594154,Medium,34.344540866531446,71,79.03999999999999,Highly Recommended
2920,Honda,City,2025,12.28,Diesel,Automatic,1290,24.8,4,2,Yes,Yes,Yes,Normal,Medium,0.19,86.0,12.54,Poor,26.6,89.5,Low,21.31394329280053,Medium,34.084401562998636,54,64.02,Recommended
2921,Renault,Kwid,2024,7.53,CNG,Manual,1497,26.9,4,2,Yes,Yes,Yes,Aggressive,High,0.32,89.1,12.64,Good,35.2,76.4,Low,10.446340580983303,High,55.71893724015311,63,67.38499999999999,Recommended
2922,Renault,Triber,2021,4.5,CNG,Automatic,998,24.5,5,2,Yes,Yes,No,Aggressive,Medium,0.08,86.4,11.91,Good,33.9,70.6,Low,30.111102576601837,Low,28.312944682066195,78,72.775,Recommended
2923,Volkswagen,Taigun,2025,15.34,Electric,Manual,0,293.4,3,6,Yes,No,No,Normal,Medium,0.18,97.4,12.52,Moderate,33.4,77.5,Low,16.573417409322587,Medium,44.341569504588406,45,60.2525,Recommended
2924,Kia,Sonet,2022,11.68,Diesel,Manual,1290,26.8,5,6,Yes,Yes,No,Normal,High,0.46,83.8,12.74,Good,32.1,84.2,Low,0.5100707397696791,Medium,37.20369204562826,87,68.17,Recommended
2925,Mahindra,Scorpio,2021,15.96,Petrol,Automatic,2198,19.0,4,4,Yes,No,No,Aggressive,Low,0.29,85.6,12.11,Good,32.7,93.1,Low,2.832074883085859,Medium,30.62053849128652,62,60.75,Recommended
2926,Honda,City,2024,12.34,CNG,Manual,1290,25.4,4,7,Yes,Yes,Yes,Normal,Low,0.14,91.8,12.4,Good,33.5,73.1,Low,9.906644610537036,Low,12.09634546092434,88,78.41,Highly Recommended
2927,Kia,Seltos,2024,12.72,Petrol,Manual,1199,15.5,5,4,Yes,Yes,Yes,Normal,Low,0.08,86.6,13.08,Good,31.1,79.3,Low,7.220750366686174,Low,9.866717434946274,91,74.275,Recommended
2928,Volkswagen,Virtus,2019,8.49,CNG,Automatic,1497,27.7,3,4,Yes,No,Yes,Risky,Medium,0.17,84.7,11.98,Good,31.3,57.0,Low,33.057870687039205,Medium,46.45391763507088,44,63.955,Recommended
2929,Volkswagen,Virtus,2023,12.89,Petrol,Automatic,1199,21.2,4,6,Yes,Yes,Yes,Normal,Low,0.12,80.2,12.22,Good,28.2,67.1,Low,14.674006543279702,Low,10.440449592080407,86,77.88,Highly Recommended
2930,Renault,Kwid,2019,4.5,Petrol,Automatic,1197,18.0,4,4,Yes,Yes,Yes,Aggressive,Medium,0.36,89.1,13.02,Good,31.9,90.6,Low,7.708027933100755,Medium,39.228499201366546,73,71.55000000000001,Recommended
2931,Hyundai,Venue,2023,11.06,Petrol,Automatic,1199,21.9,4,6,Yes,Yes,Yes,Risky,High,0.45,88.7,12.41,Moderate,36.3,100.0,Low,2.4458911848053493,High,69.15983001207682,61,66.735,Recommended
2932,Renault,Kiger,2021,16.29,Diesel,Manual,1197,19.8,4,6,Yes,Yes,Yes,Normal,High,0.41,100.9,12.51,Good,31.9,63.4,Low,21.206629980152318,Medium,39.52327570518346,75,67.72,Recommended
2933,Mahindra,XUV 3XO,2020,13.9,Petrol,Manual,1997,19.7,5,2,Yes,Yes,Yes,Normal,High,0.27,88.0,12.99,Moderate,33.5,90.4,Low,6.944324470753307,Medium,41.851327501061455,70,65.455,Recommended
2934,Hyundai,Exter,2024,11.31,CNG,Automatic,1997,24.0,4,4,Yes,Yes,No,Calm,Medium,0.11,87.7,12.68,Good,34.4,100.0,Low,4.159135316406189,Low,20.7584905084042,80,73.6,Recommended
2935,Honda,Elevate,2024,9.57,Petrol,Manual,1197,10.9,3,2,Yes,No,Yes,Aggressive,Medium,0.33,82.2,12.43,Good,28.7,66.6,Low,7.553555328008738,Medium,31.67610213616339,49,54.685,Consider
2936,Honda,Elevate,2023,12.16,Petrol,Automatic,1197,12.9,5,6,Yes,Yes,No,Normal,Low,0.1,90.2,13.25,Moderate,30.0,76.9,Low,12.985723826877315,Low,15.64634505441404,87,71.08500000000001,Recommended
2937,Maruti Suzuki,Dzire,2021,4.53,Petrol,Manual,1597,11.3,4,6,Yes,Yes,No,Aggressive,Low,0.11,83.3,12.18,Moderate,32.0,78.1,Low,7.418059163641213,Low,24.619821012153103,76,60.895,Recommended
2938,Kia,Carens,2019,10.97,Electric,Automatic,0,388.9,4,2,Yes,Yes,Yes,Normal,Low,0.05,71.3,13.02,Moderate,28.7,91.0,Low,3.7844550702176845,Low,20.637001826601143,70,86.08375,Highly Recommended
2939,Kia,Carens,2024,16.83,Electric,Manual,0,408.1,5,6,Yes,Yes,Yes,Calm,Medium,0.32,82.0,13.5,Good,31.9,71.0,Low,6.565435307263989,Low,19.278616054365294,92,91.4,Highly Recommended
2940,Skoda,Kushaq,2019,9.32,Petrol,Automatic,1597,19.0,4,6,Yes,Yes,No,Aggressive,Low,0.08,80.1,12.66,Good,33.5,59.4,Low,21.062696413156118,Low,20.648495997089842,82,69.75,Recommended
2941,Renault,Kwid,2025,9.05,Electric,Automatic,0,374.3,5,6,Yes,Yes,No,Normal,Medium,0.15,95.9,12.67,Good,30.6,65.8,Low,19.325199791721055,Low,25.689270700972326,88,87.63625,Highly Recommended
2942,Maruti Suzuki,Swift,2024,4.5,Petrol,Automatic,1997,22.7,4,6,Yes,No,Yes,Risky,Low,0.08,75.2,12.86,Moderate,32.9,63.9,Low,10.17365190218251,Medium,41.67595734206239,55,64.155,Recommended
2943,Skoda,Kushaq,2019,8.41,CNG,Automatic,1197,25.3,4,2,Yes,Yes,Yes,Aggressive,Medium,0.22,83.6,12.95,Good,32.2,79.3,Low,8.22409587180646,Medium,31.480433627252758,72,76.195,Highly Recommended
2944,Hyundai,Verna,2026,16.12,Petrol,Automatic,1498,15.5,5,4,Yes,Yes,No,Calm,Medium,0.34,94.3,12.42,Moderate,33.5,62.9,Low,16.0296106400624,Low,28.300093372681985,78,67.42500000000001,Recommended
2945,Tata,Punch,2021,9.68,CNG,Manual,1497,23.0,3,4,Yes,No,Yes,Normal,Low,0.21,88.4,12.05,Poor,32.9,76.7,Medium,43.3161591577309,Low,19.758537625397224,37,55.1,Consider
2946,Tata,Punch,2025,11.49,CNG,Manual,1497,26.5,3,6,Yes,No,Yes,Normal,Medium,0.15,87.2,13.38,Moderate,31.3,100.0,Low,3.9757514877664275,Low,20.222962146041112,55,63.725,Recommended
2947,Mahindra,XUV700,2022,17.68,Petrol,Manual,1199,21.5,4,4,Yes,Yes,No,Normal,Low,0.24,91.8,13.01,Moderate,34.1,62.4,Low,18.93117587736453,Low,21.692569531007187,72,60.625,Recommended
2948,Kia,Sonet,2022,10.71,Diesel,Manual,1997,18.9,4,4,Yes,Yes,Yes,Risky,Low,0.12,87.9,11.81,Moderate,36.5,93.1,Low,23.829300889110552,Medium,42.24743530716872,64,62.635000000000005,Recommended
2949,Tata,Punch,2023,8.0,Petrol,Manual,1597,15.0,4,2,Yes,Yes,No,Calm,Low,0.13,76.2,12.96,Good,32.8,93.7,Low,1.5860529014353164,Low,0.9637438320155924,83,64.6,Recommended
2950,Mahindra,XUV 3XO,2020,16.69,CNG,Automatic,1290,23.1,4,6,Yes,Yes,No,Normal,Low,0.16,81.6,13.12,Good,31.8,87.6,Low,11.949392718464676,Low,9.192695426657853,87,76.61500000000001,Highly Recommended
2951,Honda,Elevate,2019,4.79,CNG,Manual,2198,25.4,4,2,Yes,Yes,Yes,Risky,Medium,0.31,93.6,12.14,Good,34.2,88.3,Low,4.549732364292916,Medium,41.16186680096771,69,69.86,Recommended
2952,Skoda,Slavia,2020,4.5,Petrol,Automatic,1997,18.8,3,6,Yes,No,Yes,Normal,Low,0.16,79.9,12.21,Good,31.0,100.0,Low,1.3847090475691624,Low,8.527932115029241,66,68.52,Recommended
2953,Renault,Kwid,2020,9.55,Petrol,Manual,1290,19.8,4,4,Yes,Yes,Yes,Aggressive,Medium,0.15,90.9,12.51,Good,26.0,53.0,Low,18.03676360904285,Medium,34.41403890853986,73,66.82,Recommended
2954,Tata,Nexon,2025,7.47,Petrol,Manual,1997,19.4,4,6,Yes,Yes,Yes,Calm,Low,0.14,87.2,12.42,Moderate,31.7,100.0,Low,0.0,Low,7.759580938906826,83,71.25999999999999,Recommended
2955,Honda,City,2024,6.92,Petrol,Manual,1498,17.7,4,6,Yes,Yes,Yes,Normal,Low,0.16,68.5,12.83,Good,34.2,62.4,Low,9.54354416030336,Low,13.457372694312703,86,72.355,Recommended
2956,Maruti Suzuki,Baleno,2026,8.25,CNG,Automatic,1997,22.7,5,6,Yes,Yes,No,Normal,Low,0.0,87.8,12.59,Good,35.2,73.1,Low,4.491645537028633,Low,7.159291843491096,97,81.055,Highly Recommended
2957,Skoda,Slavia,2025,15.59,Petrol,Manual,1290,15.4,3,4,Yes,No,No,Aggressive,High,0.34,94.9,12.65,Moderate,30.3,71.3,Low,13.265865053100473,Medium,52.74211084827578,39,44.86,Not Recommended
2958,Kia,Carens,2026,15.03,Petrol,Manual,1498,24.1,4,4,Yes,Yes,No,Aggressive,Low,0.11,93.9,11.43,Good,35.0,86.6,Low,21.724923469868436,Low,17.96385437086359,78,63.715,Recommended
2959,Volkswagen,Virtus,2022,11.85,Petrol,Manual,998,19.9,5,2,Yes,Yes,Yes,Normal,Medium,0.06,98.0,12.61,Moderate,31.5,90.6,Low,0.8739036845136612,Low,25.214193532707505,77,68.63499999999999,Recommended
2960,Honda,Amaze,2020,11.58,Diesel,Manual,2198,19.0,5,6,Yes,Yes,Yes,Normal,Low,0.19,78.6,13.09,Moderate,30.1,71.1,Low,0.0,Low,11.827923480444358,90,74.35,Recommended
2961,Volkswagen,Taigun,2025,10.66,Petrol,Manual,1597,15.0,4,6,Yes,Yes,No,Normal,Low,0.07,92.1,12.95,Moderate,31.2,71.7,Low,2.333597394618012,Low,11.48091956610929,82,64.15,Recommended
2962,Renault,Kwid,2026,8.18,Diesel,Manual,1199,21.1,5,6,Yes,Yes,Yes,Normal,Low,0.21,84.1,12.43,Good,32.8,82.0,Low,5.616681944893793,Low,20.77928246283217,92,75.565,Highly Recommended
2963,Mahindra,Scorpio,2026,12.57,CNG,Automatic,1290,19.0,3,4,Yes,No,No,Risky,Low,0.07,99.4,13.01,Good,27.5,92.4,Low,4.946570616265371,Medium,35.5688712938221,52,60.25,Recommended
2964,Skoda,Slavia,2022,10.86,Diesel,Manual,1497,23.3,5,6,Yes,No,Yes,Normal,High,0.48,84.1,12.34,Moderate,32.7,87.6,Low,7.754449863018058,Medium,51.386760725198144,60,61.495000000000005,Recommended
2965,Hyundai,i20,2025,12.96,Electric,Automatic,0,334.8,5,6,Yes,Yes,Yes,Normal,Medium,0.25,106.7,12.44,Moderate,29.9,71.1,Low,16.751883542918925,Low,29.699428819887224,81,89.005,Highly Recommended
2966,Maruti Suzuki,Baleno,2024,13.88,Petrol,Automatic,1997,14.1,5,6,Yes,Yes,Yes,Normal,Low,0.07,90.9,12.89,Poor,32.9,100.0,Low,20.68662161239761,Low,19.46788631409801,75,71.86500000000001,Recommended
2967,Hyundai,Creta,2025,12.43,CNG,Manual,2198,23.7,4,6,Yes,Yes,Yes,Risky,Low,0.23,89.3,12.26,Good,30.2,65.7,Low,11.784732759937691,Medium,36.295489115280105,78,73.655,Recommended
2968,Renault,Kwid,2025,11.04,Diesel,Automatic,1997,23.2,4,7,Yes,No,Yes,Normal,Low,0.14,69.9,12.46,Moderate,30.5,93.8,Low,3.6573320875528617,Low,15.72635893985056,67,69.63,Recommended
2969,Honda,Elevate,2019,6.97,CNG,Automatic,1497,23.9,4,6,Yes,Yes,No,Normal,Low,0.11,87.5,13.05,Good,32.3,49.9,Low,13.211159208510809,Low,16.542908628469316,84,75.385,Highly Recommended
2970,Kia,Seltos,2026,17.54,Petrol,Manual,1498,21.6,5,7,Yes,Yes,Yes,Risky,Low,0.08,83.4,12.25,Good,33.2,99.3,Low,1.3170359799015916,Medium,34.90997010201325,90,74.74000000000001,Recommended
2971,Hyundai,i20,2022,20.65,Electric,Automatic,0,363.3,5,2,Yes,Yes,Yes,Aggressive,High,0.33,94.9,13.46,Good,30.8,51.0,Low,17.528228556970035,Medium,47.04186318934277,73,86.47375,Highly Recommended
2972,Mahindra,XUV 3XO,2020,14.3,Diesel,Manual,1199,23.1,5,4,Yes,Yes,No,Calm,Low,0.17,85.6,12.36,Moderate,28.7,100.0,Low,0.0,Low,13.582254153160749,85,66.715,Recommended
2973,Maruti Suzuki,Baleno,2024,9.22,Petrol,Manual,1497,16.9,4,4,Yes,Yes,Yes,Normal,High,0.44,79.0,12.36,Good,33.8,68.0,Low,13.794015681176775,Medium,39.3665927601123,72,65.935,Recommended
2974,Renault,Triber,2025,11.91,Petrol,Manual,1597,21.2,4,6,Yes,Yes,Yes,Aggressive,Medium,0.09,89.7,12.11,Moderate,29.4,84.2,Low,8.720095624667636,Medium,35.86800553091082,72,66.58,Recommended
2975,Honda,City,2025,17.31,CNG,Automatic,1498,25.8,5,4,Yes,Yes,Yes,Normal,High,0.4,86.9,12.3,Good,32.0,77.7,Low,0.42668459385383617,Medium,41.61159679799951,81,80.32,Highly Recommended
2976,Honda,City,2020,12.72,CNG,Automatic,1497,27.2,2,6,Yes,No,Yes,Calm,Low,0.08,88.4,12.25,Poor,30.7,99.6,Low,20.74164019173112,Low,20.63040999718616,36,60.28,Recommended
2977,Hyundai,Creta,2019,13.2,Petrol,Automatic,1997,19.6,3,4,Yes,No,Yes,Normal,Medium,0.38,73.9,12.94,Good,30.5,71.5,Low,15.575356112632578,Low,26.35084368700451,53,62.790000000000006,Recommended
2978,Toyota,Innova,2026,10.75,Petrol,Manual,1997,16.3,4,4,Yes,Yes,No,Normal,Low,0.14,92.0,12.82,Good,29.5,75.7,Low,9.801656629911914,Low,6.271410532557165,84,65.245,Recommended
2979,Hyundai,Exter,2026,9.94,Petrol,Automatic,1597,19.3,4,2,Yes,Yes,Yes,Normal,Low,0.0,91.5,12.59,Good,38.0,81.3,Low,6.817475111517713,Low,11.384437996955606,79,74.44500000000001,Recommended
2980,Maruti Suzuki,Swift,2024,13.25,Diesel,Manual,2198,21.0,3,2,Yes,No,Yes,Normal,Low,0.08,85.3,13.41,Good,30.0,31.7,Low,21.67068855423998,Low,14.363087312564495,53,58.0,Consider
2981,Renault,Kwid,2026,11.33,Electric,Manual,0,328.1,4,6,Yes,Yes,Yes,Normal,Low,0.13,79.1,12.58,Good,31.9,85.0,Low,0.6204912535296785,Low,16.73137252654154,86,86.00375,Highly Recommended
2982,Toyota,Urban Cruiser,2019,6.56,Petrol,Manual,1597,19.1,5,4,Yes,Yes,Yes,Aggressive,Low,0.03,94.1,12.53,Good,32.2,87.1,Low,0.4182117922289308,Low,18.212001343600996,90,74.36500000000001,Recommended
2983,Tata,Nexon,2020,4.84,Petrol,Manual,1498,27.1,4,6,Yes,Yes,Yes,Aggressive,Medium,0.26,91.9,12.76,Good,34.7,88.1,Low,0.0,Medium,38.60329632909352,78,70.16499999999999,Recommended
2984,Renault,Kiger,2019,5.36,Petrol,Manual,1290,20.9,2,2,Yes,No,Yes,Risky,High,0.38,82.6,12.62,Moderate,34.9,49.4,Low,30.085571459948333,High,72.33522041188857,25,45.385,Consider
2985,Toyota,Innova,2022,9.64,CNG,Automatic,2198,26.6,4,7,Yes,Yes,Yes,Calm,Low,0.21,80.8,12.99,Good,32.8,69.3,Low,12.25069245072541,Low,16.92986595395959,86,82.69,Highly Recommended
2986,Toyota,Glanza,2022,11.53,Petrol,Automatic,1497,17.2,3,6,Yes,No,Yes,Aggressive,Low,0.2,94.3,12.15,Good,28.6,89.2,Low,5.948721188757138,Low,28.55074689189104,58,64.68,Recommended
2987,Volkswagen,Taigun,2026,11.89,CNG,Manual,1498,22.7,5,2,Yes,Yes,Yes,Normal,Medium,0.11,74.1,12.55,Good,35.5,69.3,Low,4.313060955661499,Low,25.662621639942945,82,75.305,Highly Recommended
2988,Renault,Kwid,2023,12.53,CNG,Manual,1290,16.6,4,4,Yes,Yes,Yes,Calm,Medium,0.28,89.9,12.34,Moderate,31.7,59.5,Low,23.759808315133654,Low,26.87708623140318,69,68.53999999999999,Recommended
2989,Volkswagen,Virtus,2021,15.26,Petrol,Automatic,2198,20.5,4,6,Yes,Yes,Yes,Normal,Medium,0.18,81.4,12.82,Good,29.9,82.6,Low,4.836982290856701,Low,23.25235585848015,83,76.42500000000001,Highly Recommended
2990,Mahindra,Scorpio,2023,10.98,Petrol,Manual,1498,20.7,5,4,Yes,Yes,Yes,Calm,Low,0.0,106.7,12.91,Good,28.4,87.5,Low,4.116775339113939,Low,7.820491124044263,93,75.955,Highly Recommended
2991,Mahindra,Scorpio,2020,11.23,CNG,Manual,2198,29.1,4,2,Yes,Yes,Yes,Calm,Low,0.21,70.1,12.41,Moderate,30.0,78.1,Low,8.061686260389124,Low,21.568306896081936,69,70.41499999999999,Recommended
2992,Renault,Triber,2025,10.12,Petrol,Manual,2198,20.1,5,2,Yes,Yes,Yes,Normal,Medium,0.16,91.9,11.91,Good,31.3,76.5,Low,28.288710819686997,Low,24.212936953777568,79,69.565,Recommended
2993,Toyota,Hyryder,2025,16.45,Diesel,Manual,998,14.9,4,6,Yes,No,Yes,Calm,Low,0.15,94.7,13.25,Good,29.2,90.3,Low,12.184278032395538,Low,14.070126659101721,70,64.735,Recommended
2994,Volkswagen,Taigun,2024,8.72,Petrol,Manual,2198,11.1,4,2,Yes,Yes,No,Aggressive,Low,0.15,87.0,13.04,Good,31.4,69.8,Low,13.833882161437852,Low,22.298065468307385,74,59.965,Consider
2995,Skoda,Kushaq,2024,12.02,Petrol,Automatic,1997,16.2,2,6,Yes,No,Yes,Normal,Low,0.21,83.0,12.72,Good,33.6,74.2,Low,10.096294960038891,Low,19.12332837357445,53,62.28,Recommended
2996,Kia,Sonet,2023,12.64,Diesel,Automatic,1290,21.5,4,6,Yes,Yes,Yes,Calm,Low,0.24,89.2,12.62,Good,29.6,66.0,Low,5.460224004723546,Low,9.779418881868459,88,78.825,Highly Recommended
2997,Renault,Triber,2019,10.55,Diesel,Manual,1498,24.6,5,6,Yes,Yes,Yes,Calm,Low,0.17,86.9,12.42,Good,32.9,79.7,Low,14.895426515010485,Low,5.442310268155746,96,77.89,Highly Recommended
2998,Mahindra,Thar,2020,16.32,Electric,Manual,0,432.7,5,6,Yes,Yes,No,Normal,Medium,0.34,92.9,12.89,Moderate,32.3,90.5,Low,4.6683528799876575,Medium,35.93710433944956,81,80.45,Highly Recommended
2999,Honda,Amaze,2020,14.84,Electric,Manual,0,263.6,4,6,Yes,Yes,Yes,Normal,Medium,0.08,79.9,12.57,Moderate,31.9,78.7,Low,7.589498664368544,Low,23.420601129882645,77,79.535,Highly Recommended
3000,Skoda,Slavia,2024,16.41,Diesel,Manual,1597,20.6,5,4,Yes,Yes,Yes,Calm,Low,0.16,82.9,12.31,Good,35.7,85.5,Low,3.523523357687787,Low,7.310886581041199,93,75.94,Highly Recommended
3001,Tata,Harrier,2022,6.61,CNG,Automatic,1997,23.0,4,6,Yes,Yes,No,Calm,High,0.29,76.3,12.51,Good,33.1,100.0,Low,0.0,Medium,32.32310843090529,81,73.9,Recommended
3002,Hyundai,i20,2026,9.51,CNG,Manual,1597,21.8,5,6,Yes,Yes,Yes,Normal,Medium,0.38,104.3,11.86,Poor,32.0,49.1,High,60.6670027156204,Medium,35.45690254695763,63,66.62,Recommended
3003,Hyundai,Verna,2024,13.76,Petrol,Manual,2198,16.7,3,6,Yes,No,Yes,Aggressive,Low,0.12,75.8,13.04,Good,35.0,94.8,Low,0.0,Low,22.320564723622237,61,60.955,Recommended
3004,Skoda,Kushaq,2024,11.87,CNG,Manual,1199,22.1,5,4,Yes,Yes,Yes,Aggressive,Low,0.13,101.6,13.06,Poor,32.5,41.8,Medium,46.52925634278251,Medium,34.08142205507098,62,66.215,Recommended
3005,Tata,Harrier,2024,8.26,CNG,Manual,998,31.5,4,4,Yes,Yes,Yes,Normal,Low,0.07,75.8,12.29,Poor,32.8,78.1,Low,24.12427015471415,Low,16.162234641976273,64,68.525,Recommended
3006,Kia,Carens,2026,16.78,Petrol,Automatic,1597,21.0,3,2,Yes,No,No,Normal,High,0.36,87.7,12.89,Good,38.0,85.0,Low,5.170525406854782,Medium,40.97599489863417,46,53.849999999999994,Consider
3007,Hyundai,i20,2022,11.57,Diesel,Manual,1498,23.4,5,2,Yes,Yes,Yes,Normal,Low,0.06,87.2,12.95,Good,33.1,86.2,Low,4.267689011773202,Low,7.913290201899645,89,74.56,Recommended
3008,Toyota,Urban Cruiser,2026,17.1,Petrol,Manual,1199,18.8,3,4,Yes,No,Yes,Normal,Low,0.15,81.0,12.92,Moderate,31.2,65.9,Low,0.9204561196534087,Low,22.403145076010496,51,56.769999999999996,Consider
3009,Volkswagen,Taigun,2023,15.85,CNG,Manual,1498,25.9,4,2,Yes,Yes,Yes,Calm,Medium,0.14,105.7,12.0,Good,35.2,57.9,Medium,40.33670092519833,Low,16.88032199741968,72,71.285,Recommended
3010,Mahindra,Scorpio,2019,9.31,Petrol,Automatic,1498,18.8,4,6,Yes,Yes,Yes,Normal,High,0.46,90.0,12.51,Good,33.6,70.9,Low,11.577060388008986,Medium,33.822824256844655,78,73.92,Recommended
3011,Kia,Seltos,2023,14.85,Petrol,Automatic,1199,16.4,5,4,Yes,Yes,Yes,Normal,Medium,0.15,87.2,12.53,Good,33.0,65.9,Low,9.173205694999995,Low,24.855365652371464,86,77.16,Highly Recommended
3012,Tata,Curvv,2020,5.72,CNG,Automatic,1997,27.2,3,2,Yes,No,Yes,Normal,Low,0.23,80.4,12.44,Good,32.6,70.3,Low,0.45666071286996157,Low,15.26768343006551,56,69.28,Recommended
3013,Tata,Curvv,2023,14.19,Diesel,Manual,1197,23.0,4,6,Yes,Yes,No,Normal,Medium,0.27,85.6,12.52,Good,35.9,100.0,Low,10.733326128626384,Low,17.3370580275005,84,66.25,Recommended
3014,Mahindra,XUV700,2024,9.89,Petrol,Manual,2198,24.2,4,6,Yes,Yes,No,Normal,Medium,0.22,76.2,12.15,Good,30.6,97.1,Low,0.0,Low,17.182899796151297,86,67.33000000000001,Recommended
3015,Honda,Amaze,2024,4.75,Diesel,Automatic,1199,26.1,4,2,Yes,Yes,Yes,Aggressive,Low,0.17,84.5,12.6,Moderate,31.4,85.4,Low,1.1077749055711514,Low,25.61862389307781,69,70.965,Recommended
3016,Skoda,Kushaq,2021,10.98,Petrol,Manual,1290,21.8,5,6,Yes,Yes,Yes,Calm,Low,0.06,82.7,12.37,Moderate,33.9,91.3,Low,3.6594555941597124,Low,14.477621311504457,88,73.87,Recommended
3017,Kia,Carens,2019,8.74,Petrol,Manual,1497,17.8,4,6,Yes,Yes,Yes,Risky,Low,0.13,74.0,13.59,Good,30.3,97.0,Low,0.0,Medium,37.087138280322684,79,69.22,Recommended
3018,Volkswagen,Taigun,2022,11.13,CNG,Automatic,1497,28.1,5,6,Yes,Yes,Yes,Calm,Low,0.21,99.2,12.88,Moderate,29.8,89.0,Low,5.845282218857007,Low,11.757384646476016,89,84.265,Highly Recommended
3019,Maruti Suzuki,Fronx,2022,9.15,Diesel,Automatic,1997,18.5,3,4,Yes,No,No,Normal,Low,0.08,81.5,12.98,Good,27.4,84.4,Low,1.9225300520811732,Low,12.230393139624661,60,59.775,Consider
3020,Kia,Carens,2023,14.95,CNG,Manual,998,24.1,2,2,Yes,No,Yes,Normal,Medium,0.25,100.0,12.09,Good,30.6,63.2,Low,32.80032753129012,Medium,30.569139556373653,37,55.265,Consider
3021,Mahindra,XUV 3XO,2022,11.59,Petrol,Manual,1498,25.8,4,6,Yes,Yes,Yes,Aggressive,Medium,0.23,93.5,13.03,Good,32.6,92.9,Low,0.0,Medium,34.95283546830811,80,70.87,Recommended
3022,Kia,Seltos,2025,7.9,Diesel,Manual,2198,18.8,4,7,Yes,Yes,No,Calm,Low,0.12,85.0,12.57,Good,28.2,69.4,Low,17.616602390132176,Low,2.460071698370231,90,68.32,Recommended
3023,Honda,City,2020,10.43,Petrol,Manual,1997,11.5,4,2,Yes,Yes,Yes,Normal,Medium,0.21,79.7,12.99,Good,29.0,96.4,Low,0.0,Low,24.221397280801245,76,66.92500000000001,Recommended
3024,Volkswagen,Taigun,2026,12.36,Electric,Automatic,0,286.8,5,6,Yes,Yes,Yes,Normal,Low,0.2,90.1,12.22,Good,30.3,87.9,Low,2.3814706155150747,Low,10.057929841360348,96,93.95500000000001,Highly Recommended
3025,Toyota,Hyryder,2026,20.37,Electric,Manual,0,396.2,4,6,Yes,Yes,Yes,Normal,Low,0.14,78.5,12.45,Good,30.5,79.0,Low,8.707701197118485,Low,18.15508389486991,84,87.6575,Highly Recommended
3026,Volkswagen,Virtus,2023,8.46,CNG,Automatic,2198,23.7,3,6,Yes,No,Yes,Calm,Medium,0.25,97.2,12.18,Moderate,32.6,81.0,Low,16.241959340806,Low,25.814850393581363,52,66.955,Recommended
3027,Kia,Carens,2026,13.16,Diesel,Automatic,1197,19.9,5,7,Yes,Yes,Yes,Risky,High,0.41,104.5,12.24,Moderate,31.8,82.1,Low,13.18193593613048,High,71.32924991346316,69,70.035,Recommended
3028,Skoda,Kushaq,2026,14.38,CNG,Automatic,1290,25.3,4,6,Yes,Yes,Yes,Normal,Low,0.12,92.2,11.55,Good,31.8,52.4,Medium,38.56245366469571,Low,4.9969904401555985,84,81.595,Highly Recommended
3029,Toyota,Innova,2022,18.4,CNG,Manual,1498,27.3,5,4,Yes,Yes,Yes,Normal,Low,0.25,96.7,12.69,Good,33.9,96.9,Low,13.955281083513299,Low,12.833967510554459,89,79.14500000000001,Highly Recommended
3030,Mahindra,XUV700,2024,18.6,Petrol,Manual,1597,22.4,4,7,Yes,Yes,Yes,Normal,Medium,0.17,88.2,12.27,Good,27.3,100.0,Low,0.0,Low,20.34737592685099,87,73.50999999999999,Recommended
3031,Renault,Kwid,2023,12.8,CNG,Automatic,1197,25.4,3,6,Yes,No,Yes,Normal,High,0.26,91.7,12.24,Good,33.2,79.9,Low,1.270983990802704,Medium,36.807235748856826,56,69.00999999999999,Recommended
3032,Toyota,Urban Cruiser,2023,11.86,Diesel,Manual,1290,22.5,5,2,Yes,Yes,No,Aggressive,Medium,0.21,92.2,12.69,Good,29.3,71.4,Low,12.896479337176174,Medium,37.536469478391076,77,63.025,Recommended
3033,Volkswagen,Taigun,2022,14.78,Petrol,Automatic,1199,17.9,4,6,Yes,Yes,Yes,Calm,Medium,0.17,86.1,12.96,Poor,34.6,73.8,Low,23.435120456244285,Medium,41.07268695756464,59,65.235,Recommended
3034,Tata,Altroz,2024,8.83,Petrol,Manual,1997,15.3,3,4,Yes,No,Yes,Calm,Medium,0.26,89.3,12.31,Good,31.7,50.0,Low,14.416282576914154,Low,23.36921912641821,55,58.045,Consider
3035,Maruti Suzuki,Fronx,2020,8.99,CNG,Manual,1498,26.9,4,6,Yes,Yes,Yes,Normal,Low,0.03,79.2,12.49,Moderate,34.3,87.9,Low,3.8348355624594497,Low,19.74203439600226,79,74.58500000000001,Recommended
3036,Kia,Sonet,2023,17.3,Electric,Manual,0,340.1,3,4,Yes,No,Yes,Normal,Medium,0.18,82.0,11.28,Good,34.0,84.2,Low,27.589063517550542,Low,28.30273279658819,51,70.70375,Recommended
3037,Hyundai,Verna,2025,12.12,Petrol,Automatic,1498,18.4,4,6,Yes,Yes,Yes,Aggressive,Low,0.19,95.2,12.42,Moderate,31.6,70.3,Low,5.940382748172917,Low,29.497189042582573,75,72.50999999999999,Recommended
3038,Hyundai,Creta,2021,11.15,Diesel,Manual,1997,18.1,4,7,Yes,Yes,Yes,Calm,High,0.2,93.6,11.47,Good,31.8,100.0,Low,21.15954530271246,Medium,33.87986174310348,79,69.26500000000001,Recommended
3039,Kia,Sonet,2024,16.59,Petrol,Automatic,998,16.7,4,4,Yes,Yes,Yes,Normal,Low,0.0,95.5,12.55,Good,33.9,100.0,Low,8.713024871479297,Low,18.323763212798585,80,74.505,Recommended
3040,Skoda,Kushaq,2022,14.65,Electric,Automatic,0,332.0,5,6,Yes,Yes,Yes,Calm,Low,0.1,89.4,12.79,Moderate,31.7,59.9,Low,7.835952076269868,Low,17.155726504579487,87,91.6,Highly Recommended
3041,Skoda,Kushaq,2019,7.1,CNG,Manual,2198,24.9,4,6,Yes,Yes,Yes,Risky,Low,0.12,104.3,12.83,Moderate,35.4,96.0,Low,5.436729300933842,Medium,36.60799076654974,72,71.13499999999999,Recommended
3042,Renault,Kwid,2021,6.56,CNG,Automatic,1197,23.1,4,6,Yes,Yes,Yes,Aggressive,Low,0.04,88.5,12.46,Good,30.9,84.7,Low,5.496682355302697,Low,25.630569860925558,82,80.36500000000001,Highly Recommended
3043,Skoda,Kushaq,2024,16.51,Electric,Automatic,0,285.0,5,4,Yes,Yes,Yes,Normal,Low,0.07,93.1,11.68,Good,35.2,96.4,Low,27.93253216650872,Low,8.759571433930429,89,90.73750000000001,Highly Recommended
3044,Honda,City,2019,12.69,Petrol,Manual,1199,18.1,3,7,Yes,No,Yes,Normal,Medium,0.25,83.5,12.24,Moderate,33.1,71.0,Low,12.26206505388301,Low,26.90492172012983,54,58.015,Consider
3045,Mahindra,Thar,2025,15.18,Petrol,Automatic,998,20.7,4,6,Yes,Yes,Yes,Aggressive,High,0.3,90.0,13.04,Good,32.1,96.4,Low,0.0,Medium,53.04576558675519,73,71.955,Recommended
3046,Volkswagen,Taigun,2024,15.78,Electric,Manual,0,353.9,5,4,Yes,Yes,Yes,Normal,Low,0.1,94.6,13.3,Good,33.0,54.2,Low,24.741064655212742,Low,7.667359052190587,90,88.77125,Highly Recommended
3047,Volkswagen,Virtus,2025,8.84,Petrol,Manual,1498,19.3,5,4,Yes,Yes,No,Normal,Medium,0.23,89.1,12.59,Poor,28.6,78.2,Low,29.633001649221733,Low,28.02692687336215,67,58.045,Consider
3048,Tata,Curvv,2020,7.66,Diesel,Automatic,1498,18.3,4,4,Yes,Yes,Yes,Normal,Low,0.18,92.2,11.2,Good,32.3,80.6,Low,19.175447229376275,Low,20.0556698356794,78,73.845,Recommended
3049,Tata,Nexon,2023,11.45,Petrol,Manual,998,18.5,4,6,Yes,Yes,No,Calm,Medium,0.21,79.8,12.48,Good,29.5,94.3,Low,7.180642447164423,Low,16.10202338234221,85,66.025,Recommended
3050,Mahindra,XUV 3XO,2024,10.83,Diesel,Manual,1199,21.0,5,2,Yes,Yes,Yes,Aggressive,Medium,0.31,76.3,11.56,Good,33.9,90.3,Low,25.606472385903107,Medium,40.64302240163096,74,67.45,Recommended
3051,Hyundai,i20,2026,12.63,Petrol,Manual,2198,18.7,5,6,Yes,Yes,Yes,Normal,Low,0.06,92.5,11.84,Good,31.9,100.0,Low,26.101492962364752,Low,9.77621253512374,93,75.655,Highly Recommended
3052,Hyundai,Creta,2026,9.13,Petrol,Manual,1597,25.0,4,4,Yes,Yes,Yes,Normal,Medium,0.22,90.8,12.41,Moderate,33.3,57.3,Low,22.314657096145268,Low,28.831812631892866,69,65.8,Recommended
3053,Toyota,Innova,2025,17.31,Electric,Manual,0,419.2,3,4,Yes,No,Yes,Normal,Low,0.02,102.1,12.35,Moderate,31.9,68.4,Low,8.247334043757931,Low,10.911021342769653,54,74.3,Recommended
3054,Maruti Suzuki,Baleno,2020,4.5,Diesel,Manual,1197,24.3,4,6,Yes,Yes,Yes,Normal,Low,0.13,86.3,13.1,Moderate,30.9,100.0,Low,0.0,Low,15.73324783451748,80,70.64500000000001,Recommended
3055,Kia,Sonet,2021,10.52,CNG,Manual,1997,24.5,4,6,Yes,Yes,No,Normal,Low,0.04,84.9,12.5,Good,36.7,81.5,Low,5.494525331999634,Low,9.34755542074733,88,72.275,Recommended
3056,Maruti Suzuki,Baleno,2023,9.65,Diesel,Manual,2198,19.6,4,4,Yes,Yes,Yes,Normal,Low,0.11,79.8,11.49,Moderate,31.6,66.1,Low,28.96942806278077,Low,18.257911912931398,71,65.89,Recommended
3057,Kia,Seltos,2022,9.86,CNG,Automatic,1497,26.1,4,6,Yes,No,Yes,Normal,Low,0.24,74.6,12.68,Good,31.3,82.9,Low,12.881353746988193,Low,15.828456218982463,70,75.41499999999999,Highly Recommended
3058,Kia,Sonet,2025,10.42,Petrol,Manual,2198,18.0,3,6,Yes,No,No,Risky,Low,0.0,84.0,12.16,Moderate,31.8,88.2,Low,0.0,Medium,39.399799900273905,49,49.75,Consider
3059,Honda,Elevate,2026,9.69,Petrol,Automatic,1597,18.1,5,6,Yes,Yes,Yes,Aggressive,Low,0.03,81.5,12.2,Good,31.0,60.9,Low,16.983619647534674,Low,16.87047623599482,92,80.11500000000001,Highly Recommended
3060,Skoda,Kushaq,2020,17.07,CNG,Manual,1498,26.3,4,4,Yes,No,Yes,Normal,High,0.3,84.1,12.1,Moderate,30.5,79.2,Low,14.73551570442837,Medium,35.82070084372127,52,62.345,Recommended
3061,Honda,Elevate,2026,12.18,Electric,Manual,0,329.1,4,6,Yes,Yes,No,Normal,Low,0.13,93.3,11.97,Poor,36.7,97.2,Medium,49.298773594689024,Low,25.996828608469542,61,68.79124999999999,Recommended
3062,Maruti Suzuki,Brezza,2019,4.5,Diesel,Automatic,1497,21.0,4,6,Yes,Yes,No,Normal,Medium,0.33,90.0,13.37,Good,35.3,86.7,Low,0.0,Medium,31.254537667435713,81,69.6,Recommended
3063,Honda,City,2022,13.29,Electric,Automatic,0,386.1,4,6,Yes,Yes,Yes,Normal,Low,0.13,84.3,12.51,Moderate,32.9,69.6,Low,3.7987425521351037,Low,21.596371656848497,78,89.57875,Highly Recommended
3064,Kia,Seltos,2021,12.39,Petrol,Manual,1199,15.7,5,4,Yes,Yes,Yes,Normal,Medium,0.1,85.7,12.2,Good,32.1,79.4,Low,4.283213178673725,Low,16.24701485906937,90,73.85499999999999,Recommended
3065,Toyota,Hyryder,2020,11.12,Electric,Manual,0,428.5,3,2,Yes,No,Yes,Normal,Low,0.13,92.7,13.17,Good,33.3,100.0,Low,0.0,Low,8.867726486799896,58,76.1,Highly Recommended
3066,Skoda,Slavia,2024,7.55,Diesel,Manual,1290,21.9,4,4,Yes,Yes,Yes,Aggressive,Low,0.07,86.7,12.66,Good,33.4,77.6,Low,10.018634762464357,Low,21.64808064882268,79,69.83500000000001,Recommended
3067,Hyundai,Verna,2021,10.29,CNG,Automatic,1997,23.6,5,4,Yes,Yes,Yes,Normal,Medium,0.27,90.6,13.65,Good,30.3,71.5,Low,5.9924294002125915,Low,21.814538814180523,87,82.69,Highly Recommended
3068,Mahindra,Scorpio,2021,15.74,CNG,Automatic,1597,24.2,5,6,Yes,No,Yes,Normal,Low,0.33,86.6,13.07,Moderate,34.2,77.8,Low,12.385819891541905,Low,22.705264792163685,69,74.68,Recommended
3069,Hyundai,Verna,2023,13.38,Electric,Manual,0,295.7,4,6,Yes,Yes,Yes,Normal,Medium,0.29,86.7,11.64,Moderate,33.2,73.5,Low,27.94760679292122,Low,28.014785818760327,72,78.48875,Highly Recommended
3070,Volkswagen,Virtus,2022,10.7,CNG,Automatic,1498,23.5,5,6,Yes,Yes,Yes,Normal,High,0.31,97.2,12.7,Good,27.6,59.3,Low,13.057767912388645,Medium,35.955105516825526,85,81.775,Highly Recommended
3071,Kia,Seltos,2021,9.86,Electric,Manual,0,326.8,5,6,Yes,Yes,Yes,Normal,Low,0.0,92.5,12.41,Moderate,27.8,78.7,Low,7.509754038431922,Low,11.173381540921742,89,87.305,Highly Recommended
3072,Honda,Elevate,2019,6.2,Petrol,Manual,1997,19.4,5,2,Yes,No,Yes,Aggressive,Low,0.03,81.2,12.29,Good,29.5,73.0,Low,23.22995752432286,Low,19.023479505331604,67,64.06,Recommended
3073,Toyota,Glanza,2024,9.06,Diesel,Manual,1498,25.1,5,4,Yes,Yes,Yes,Normal,Medium,0.16,85.3,12.94,Good,37.2,95.5,Low,0.0,Low,27.410271892879315,86,73.465,Recommended
3074,Toyota,Innova,2023,19.24,Petrol,Automatic,1597,13.2,5,6,Yes,Yes,Yes,Aggressive,Medium,0.25,78.9,12.3,Good,30.2,72.1,Low,5.232413756384322,Medium,36.026796798109935,87,77.13,Highly Recommended
3075,Toyota,Urban Cruiser,2022,9.83,CNG,Manual,1597,24.9,4,6,Yes,Yes,Yes,Normal,Medium,0.24,78.0,13.25,Moderate,32.8,67.4,Low,10.336066816043006,Medium,33.51753641050653,73,71.58500000000001,Recommended
3076,Skoda,Kushaq,2021,6.61,Petrol,Automatic,1597,12.2,4,6,Yes,Yes,Yes,Normal,High,0.5,86.0,12.47,Good,29.2,81.5,Low,0.0,Medium,41.66767536815705,77,72.47999999999999,Recommended
3077,Honda,City,2025,8.26,Petrol,Automatic,1290,18.8,5,6,Yes,Yes,No,Calm,Low,0.14,100.7,12.5,Good,31.6,58.9,Low,34.10245481725455,Low,16.003554618320663,89,72.87,Recommended
3078,Mahindra,Thar,2019,11.79,CNG,Manual,1199,32.1,4,2,Yes,Yes,No,Normal,Low,0.0,98.3,11.72,Good,27.2,100.0,Low,24.088586045530917,Low,18.906332848787702,74,67.11500000000001,Recommended
3079,Volkswagen,Virtus,2026,8.69,Diesel,Manual,1497,21.5,4,7,Yes,Yes,Yes,Calm,Low,0.07,92.6,12.89,Good,31.0,75.1,Low,6.243384830082553,Low,6.983749409335183,91,75.17500000000001,Highly Recommended
3080,Skoda,Kushaq,2021,12.8,CNG,Manual,1498,20.2,4,6,Yes,Yes,Yes,Aggressive,Low,0.14,90.3,13.44,Good,35.1,60.8,Low,6.24262836333085,Low,26.324677026612875,82,74.93,Recommended
3081,Mahindra,Thar,2021,18.54,Diesel,Automatic,1997,14.2,3,2,Yes,No,Yes,Calm,Low,0.1,77.8,13.14,Moderate,28.9,76.5,Low,4.7408570037893085,Low,16.354329731547498,49,60.18,Recommended
3082,Volkswagen,Taigun,2021,9.57,Diesel,Manual,1997,16.0,5,7,Yes,Yes,Yes,Normal,Low,0.18,90.4,12.37,Good,34.9,64.2,Low,8.224711963377533,Low,23.203979598553286,93,75.25,Highly Recommended
3083,Hyundai,Verna,2021,4.5,CNG,Manual,1997,21.3,3,6,Yes,No,No,Normal,Medium,0.25,97.7,13.17,Good,35.2,63.6,Low,17.723945596692197,Low,26.264067506760416,57,57.845,Consider
3084,Mahindra,XUV700,2025,9.72,Petrol,Manual,1290,18.5,5,4,Yes,Yes,Yes,Normal,Low,0.16,89.9,11.33,Good,37.4,87.8,Low,21.261973521278474,Low,14.666510477958841,88,73.375,Recommended
3085,Maruti Suzuki,Fronx,2023,6.36,Petrol,Automatic,1597,17.0,4,4,Yes,Yes,No,Normal,Medium,0.25,80.1,12.92,Moderate,29.8,67.6,Low,14.673574542586605,Low,27.902052557349553,70,64.05,Recommended
3086,Tata,Curvv,2021,13.33,Electric,Manual,0,315.0,4,6,Yes,Yes,Yes,Normal,Low,0.24,101.0,12.44,Poor,32.4,80.6,Medium,38.22063022140725,Low,25.025244103009143,63,75.1625,Highly Recommended
3087,Tata,Punch,2021,8.05,Diesel,Manual,2198,17.2,4,6,Yes,Yes,Yes,Normal,Low,0.14,95.8,12.25,Poor,30.4,90.3,Low,34.70581504121427,Low,20.800233867638664,65,62.83,Recommended
3088,Kia,Carens,2021,11.95,Diesel,Manual,1498,18.5,4,2,Yes,No,Yes,Normal,Low,0.16,86.9,11.93,Good,32.3,66.3,Low,33.79426681109963,Low,17.333645085928303,58,59.875,Consider
3089,Renault,Kiger,2020,7.3,Diesel,Manual,1498,20.2,4,7,Yes,Yes,No,Normal,High,0.34,93.7,12.78,Good,35.1,67.2,Low,7.7084074800325615,Medium,43.02142284914365,78,63.13,Recommended
3090,Toyota,Innova,2021,11.55,Petrol,Manual,1199,20.0,4,6,Yes,Yes,Yes,Risky,Low,0.22,83.4,12.24,Good,28.7,72.1,Low,8.365954435386202,Medium,39.140992402098654,77,68.65,Recommended
3091,Toyota,Innova,2019,15.3,CNG,Automatic,998,26.6,5,2,Yes,Yes,Yes,Normal,Low,0.19,79.2,12.33,Good,32.6,71.1,Low,2.237383358382546,Low,8.972804543109909,89,84.04,Highly Recommended
3092,Hyundai,Verna,2025,12.57,Petrol,Manual,1290,23.6,5,4,Yes,Yes,Yes,Normal,Low,0.16,83.4,12.57,Good,29.6,76.5,Low,5.678955573169668,Low,14.700281727930065,90,75.03999999999999,Highly Recommended
3093,Volkswagen,Taigun,2020,17.42,Petrol,Automatic,1199,15.0,4,6,Yes,Yes,Yes,Risky,Medium,0.23,76.9,12.36,Moderate,29.8,100.0,Low,0.0901476024291323,Medium,44.35869822395219,70,69.75,Recommended
3094,Mahindra,Thar,2020,14.94,Diesel,Automatic,1498,20.8,5,6,Yes,Yes,No,Normal,High,0.18,106.2,13.36,Good,35.8,69.1,Low,18.694279046093833,Medium,36.76576530416211,84,70.92,Recommended
3095,Toyota,Hyryder,2023,9.34,Petrol,Manual,2198,17.9,4,4,Yes,Yes,No,Aggressive,Low,0.14,90.4,12.08,Good,30.1,66.9,Low,33.63288218755728,Low,21.21242344944098,76,61.885000000000005,Recommended
3096,Honda,Amaze,2020,8.07,Petrol,Manual,1197,17.7,4,7,Yes,Yes,Yes,Calm,Medium,0.23,94.8,13.18,Good,29.3,85.2,Low,9.375541071263163,Low,19.64174335763745,86,72.355,Recommended
3097,Hyundai,Verna,2020,11.99,CNG,Manual,2198,30.1,4,4,Yes,Yes,Yes,Aggressive,Low,0.31,88.5,12.77,Good,32.5,79.2,Low,2.552630850056933,Medium,32.552731745078795,76,73.715,Recommended
3098,Mahindra,XUV700,2019,11.46,Petrol,Automatic,1997,17.8,3,7,Yes,No,Yes,Normal,High,0.39,78.7,12.57,Good,32.8,91.9,Low,4.321139413735389,Medium,42.95290806279296,55,63.42,Recommended
3099,Toyota,Hyryder,2025,16.0,Electric,Manual,0,409.0,4,6,Yes,Yes,Yes,Normal,High,0.21,79.8,12.64,Good,31.4,73.1,Low,8.489869406827761,Low,29.35401376425498,80,86.0,Highly Recommended
3100,Honda,Elevate,2020,4.5,Diesel,Manual,1199,18.8,5,6,Yes,Yes,No,Normal,Low,0.07,90.4,12.77,Moderate,33.0,80.5,Low,5.448726657552836,Low,21.762786358056196,86,66.52000000000001,Recommended
3101,Toyota,Urban Cruiser,2024,13.96,Petrol,Manual,2198,11.3,4,6,Yes,Yes,Yes,Normal,Low,0.18,96.9,12.86,Good,31.7,79.6,Low,12.126034344499104,Low,15.557102669614096,85,70.945,Recommended
3102,Hyundai,Exter,2019,11.82,Petrol,Manual,1199,21.8,4,6,Yes,Yes,Yes,Normal,Low,0.04,85.3,12.2,Good,30.7,79.6,Low,6.750305825505798,Low,9.682258891155065,88,73.87,Recommended
3103,Renault,Kiger,2026,4.5,Petrol,Manual,1497,16.6,4,4,Yes,Yes,Yes,Normal,Medium,0.17,80.6,13.27,Good,30.0,66.1,Low,11.691488602440698,Low,23.82020762073413,78,68.59,Recommended
3104,Honda,City,2022,11.29,Diesel,Manual,998,22.7,4,2,Yes,Yes,Yes,Normal,Low,0.15,99.7,12.28,Poor,29.3,78.2,Medium,40.72549804416806,Low,23.44731974389213,55,59.155,Consider
3105,Skoda,Kushaq,2022,14.83,Petrol,Manual,1597,12.2,4,7,Yes,Yes,Yes,Calm,Low,0.16,91.6,11.98,Moderate,27.6,64.6,Low,29.6315977073536,Low,19.666343061534064,77,67.47999999999999,Recommended
3106,Volkswagen,Taigun,2019,9.23,Petrol,Manual,1498,14.7,5,6,Yes,No,Yes,Normal,Low,0.14,81.5,13.15,Good,29.3,66.5,Low,15.04985120583359,Low,10.004424401632717,79,68.755,Recommended
3107,Tata,Altroz,2021,7.29,Petrol,Manual,2198,19.1,4,4,Yes,Yes,Yes,Aggressive,Low,0.21,99.5,12.85,Good,35.0,78.7,Low,10.87725077448674,Low,22.76091439467546,78,68.965,Recommended
3108,Skoda,Slavia,2020,7.64,Petrol,Automatic,1199,22.6,5,6,Yes,Yes,Yes,Normal,Medium,0.27,78.7,12.58,Moderate,28.4,100.0,Low,0.0,Low,25.659203826490142,85,77.64,Highly Recommended
3109,Maruti Suzuki,Baleno,2020,9.78,CNG,Automatic,1197,25.9,4,6,Yes,No,Yes,Normal,Medium,0.14,84.2,13.16,Good,33.6,96.3,Low,0.0,Low,25.788088273758824,68,74.485,Recommended
3110,Volkswagen,Taigun,2025,12.87,Petrol,Manual,1197,17.7,4,7,Yes,No,Yes,Normal,Medium,0.26,93.0,12.34,Moderate,30.4,80.7,Low,8.98293308121565,Low,29.587359356608317,61,61.105000000000004,Recommended
3111,Hyundai,Exter,2022,11.75,Diesel,Manual,1597,22.4,5,6,Yes,Yes,No,Aggressive,Low,0.21,85.9,12.8,Good,36.4,76.1,Low,9.487370995190874,Low,22.011732066767916,91,69.31,Recommended
3112,Maruti Suzuki,Brezza,2024,13.28,Diesel,Manual,1199,22.4,3,6,Yes,No,Yes,Normal,Low,0.02,83.8,12.41,Moderate,27.9,72.9,Low,12.915110342210232,Low,20.998994446511222,54,58.66,Consider
3113,Volkswagen,Taigun,2021,11.34,Petrol,Manual,1597,23.4,3,6,Yes,No,Yes,Normal,High,0.45,102.1,11.85,Good,30.1,73.7,Medium,41.088546946769114,Medium,42.49098306210454,48,56.11,Consider
3114,Hyundai,Verna,2021,13.43,Electric,Manual,0,371.4,4,6,Yes,Yes,Yes,Normal,Low,0.2,100.0,11.69,Moderate,31.6,75.2,Medium,36.818300171178265,Low,18.881142798552574,74,82.2275,Highly Recommended
3115,Volkswagen,Virtus,2023,14.15,Electric,Manual,0,308.1,3,6,Yes,No,Yes,Aggressive,Low,0.01,85.1,12.87,Moderate,33.8,68.5,Low,8.96519840445563,Low,28.734581901968188,52,69.95375,Recommended
3116,Volkswagen,Virtus,2024,12.59,Petrol,Manual,1497,21.2,4,6,Yes,Yes,No,Calm,Medium,0.26,93.4,12.73,Good,27.4,60.8,Low,20.943727959869847,Low,16.831435774058207,83,65.53,Recommended
3117,Tata,Nexon,2020,13.38,Petrol,Manual,1199,18.9,3,2,Yes,No,Yes,Calm,Low,0.08,95.0,12.38,Good,32.4,97.6,Low,2.5673007007731563,Low,4.057846643798903,59,60.385000000000005,Recommended
3118,Toyota,Urban Cruiser,2021,15.76,Electric,Manual,0,336.3,3,2,Yes,No,Yes,Risky,Medium,0.13,79.5,12.51,Moderate,32.0,63.7,Low,16.617508059732742,Medium,51.09860036004084,35,63.36125,Recommended
3119,Skoda,Slavia,2025,13.23,Petrol,Manual,2198,11.6,4,6,Yes,Yes,No,Normal,Medium,0.1,87.4,11.61,Good,30.8,99.9,Low,19.29044794640243,Low,17.438043799776654,83,64.09,Recommended
3120,Mahindra,Thar,2020,15.12,Petrol,Manual,1197,18.6,5,6,Yes,No,No,Normal,Medium,0.26,89.8,11.91,Moderate,33.8,100.0,Low,21.506407600851038,Low,29.12705784807483,66,57.49,Consider
3121,Hyundai,Creta,2022,13.12,CNG,Automatic,1290,25.4,4,6,Yes,No,No,Aggressive,Low,0.16,88.9,12.59,Good,33.9,70.6,Low,1.1085271767747553,Low,20.047093523654482,70,69.31,Recommended
3122,Volkswagen,Taigun,2020,10.63,CNG,Automatic,1498,26.5,4,6,Yes,Yes,No,Normal,High,0.31,88.2,12.28,Good,30.4,92.1,Low,3.0219447651120017,Medium,31.00091221987039,81,74.42500000000001,Recommended
3123,Volkswagen,Taigun,2024,6.68,Petrol,Manual,1199,15.4,4,4,Yes,Yes,No,Normal,Medium,0.2,82.8,13.16,Good,29.7,84.6,Low,7.212129555979101,Low,25.46134312864881,78,62.410000000000004,Recommended
3124,Renault,Kwid,2019,4.86,CNG,Automatic,1497,25.9,4,7,Yes,Yes,Yes,Normal,Medium,0.26,95.3,12.75,Moderate,27.1,81.6,Low,17.382848694111075,Medium,31.78962347741996,74,77.185,Highly Recommended
3125,Volkswagen,Taigun,2023,13.54,Petrol,Automatic,1597,21.8,4,6,Yes,Yes,No,Aggressive,High,0.32,82.1,12.5,Good,35.9,100.0,Low,0.0,Medium,44.66791264527616,76,67.47,Recommended
3126,Maruti Suzuki,Dzire,2026,8.83,Diesel,Manual,998,22.8,4,6,Yes,Yes,No,Normal,Medium,0.29,85.2,11.68,Good,35.1,79.9,Low,24.885073765343428,Low,23.571218691812774,80,64.42,Recommended
3127,Tata,Curvv,2022,16.1,Diesel,Manual,1597,19.2,4,6,Yes,Yes,Yes,Normal,Medium,0.3,80.1,12.32,Good,30.0,65.6,Low,16.473980432473653,Medium,30.816821231322084,79,69.43,Recommended
3128,Tata,Harrier,2023,7.76,Petrol,Automatic,1290,20.0,4,6,Yes,No,Yes,Calm,Low,0.0,89.6,12.26,Good,31.4,85.3,Low,11.950590891250041,Low,8.776863877105214,72,71.4,Recommended
3129,Maruti Suzuki,Swift,2023,8.09,Diesel,Manual,1997,22.7,5,4,Yes,Yes,No,Calm,Low,0.23,80.2,12.5,Good,31.0,76.2,Low,8.64626576377756,Low,6.3067405839204165,92,69.805,Recommended
3130,Hyundai,Exter,2022,14.45,CNG,Automatic,1197,24.6,4,6,Yes,Yes,Yes,Calm,Low,0.0,85.3,13.12,Good,35.3,59.5,Low,7.981202743575093,Low,4.025133234274895,89,83.74000000000001,Highly Recommended
3131,Hyundai,Venue,2024,13.48,Diesel,Automatic,1197,19.2,5,2,Yes,Yes,No,Aggressive,Medium,0.3,88.6,11.78,Good,32.5,86.1,Low,15.194296982001674,Medium,34.798065508843585,78,67.98,Recommended
3132,Honda,City,2021,9.8,Electric,Automatic,0,434.7,5,6,Yes,Yes,Yes,Normal,Low,0.09,75.0,12.9,Moderate,30.4,90.7,Low,3.8766661861638196,Low,19.335276838257823,87,94.15,Highly Recommended
3133,Renault,Kiger,2025,4.5,Diesel,Manual,1997,21.5,3,6,Yes,No,Yes,Normal,Medium,0.19,76.0,11.74,Good,29.3,66.0,Medium,36.09812483057713,Low,14.254301805828232,59,60.775000000000006,Recommended
3134,Maruti Suzuki,Swift,2020,5.48,Petrol,Automatic,1197,19.6,3,4,Yes,No,Yes,Risky,Low,0.18,96.6,13.08,Good,34.5,79.7,Low,19.902761253608638,Medium,50.14367799341035,44,58.74,Consider
3135,Maruti Suzuki,Fronx,2019,10.15,Electric,Manual,0,495.1,4,6,Yes,Yes,Yes,Normal,Low,0.31,94.2,12.28,Good,38.0,81.0,Low,4.299282917561214,Low,16.47404556789813,86,88.7,Highly Recommended
3136,Volkswagen,Virtus,2021,11.45,CNG,Manual,1498,26.4,4,6,Yes,Yes,Yes,Normal,Medium,0.2,97.3,13.12,Good,34.2,58.5,Low,9.676015359748048,Low,21.5120388495544,83,76.31,Highly Recommended
3137,Renault,Kiger,2026,5.97,Diesel,Automatic,1290,21.6,3,4,Yes,No,Yes,Calm,Medium,0.14,94.1,12.5,Good,30.9,74.8,Low,12.542867659548238,Low,15.301327926739006,58,65.34,Recommended
3138,Kia,Seltos,2025,11.67,Petrol,Automatic,1199,20.6,3,6,Yes,No,Yes,Calm,High,0.37,92.7,12.46,Poor,28.8,66.1,Medium,38.77938180919069,Medium,45.32933562666261,32,53.49,Consider
3139,Volkswagen,Virtus,2025,18.68,Petrol,Manual,1197,19.7,4,6,Yes,Yes,No,Normal,Medium,0.23,98.3,12.38,Good,28.3,66.5,Low,8.68487616091716,Low,28.190355033868585,81,64.405,Recommended
3140,Maruti Suzuki,Swift,2024,14.05,Petrol,Manual,1290,15.0,3,4,Yes,No,Yes,Calm,Low,0.03,104.8,11.95,Good,32.1,90.9,Low,29.831601984676276,Low,6.741472734610009,58,59.35,Consider
3141,Maruti Suzuki,Brezza,2022,5.97,Diesel,Manual,1290,23.0,4,6,Yes,Yes,Yes,Calm,Low,0.2,84.4,11.95,Moderate,28.1,65.9,Low,32.20999683863651,Low,5.41310594357696,79,70.0,Recommended
3142,Mahindra,XUV700,2023,11.8,CNG,Manual,1497,27.4,4,4,Yes,Yes,Yes,Normal,Medium,0.21,84.9,11.74,Good,33.5,89.3,Low,23.80062087712769,Low,23.342214023800093,76,73.31,Recommended
3143,Toyota,Innova,2022,11.44,Petrol,Manual,998,18.6,3,7,Yes,No,No,Normal,Low,0.1,81.7,12.55,Good,35.8,66.5,Low,10.865170775968915,Low,10.505524658552536,66,57.49,Consider
3144,Renault,Triber,2020,7.5,Electric,Manual,0,306.4,3,6,Yes,No,No,Normal,Medium,0.22,99.4,12.71,Moderate,37.0,84.5,Low,9.051172943687508,Low,24.923149303458157,53,64.34,Recommended
3145,Kia,Sonet,2022,8.74,Petrol,Manual,1197,19.2,4,6,Yes,No,No,Normal,Low,0.01,77.3,12.48,Good,31.7,96.3,Low,2.8060264322646202,Low,10.201370553279297,73,60.730000000000004,Recommended
3146,Kia,Sonet,2024,17.02,Petrol,Automatic,1997,25.2,4,7,Yes,Yes,No,Risky,Low,0.13,81.5,11.97,Good,33.4,100.0,Low,17.504067283598786,Medium,32.18409665410229,80,69.78,Recommended
3147,Renault,Kwid,2025,10.51,CNG,Manual,1997,30.4,4,6,Yes,Yes,Yes,Aggressive,Low,0.32,88.4,12.24,Good,32.4,72.4,Low,6.948222350330325,Medium,35.80882955185254,78,74.66,Recommended
3148,Tata,Altroz,2023,9.6,CNG,Manual,2198,26.4,4,6,Yes,No,No,Calm,Low,0.14,93.8,12.58,Poor,31.3,58.2,Low,33.55603587678905,Low,20.806139597194882,50,55.46,Consider
3149,Skoda,Kushaq,2022,11.0,Electric,Manual,0,394.5,3,4,Yes,No,Yes,Normal,Medium,0.13,84.8,12.75,Good,30.0,80.8,Low,8.630488077175306,Low,25.421803203981217,55,74.54375,Recommended
3150,Maruti Suzuki,Baleno,2020,4.5,CNG,Manual,1197,28.6,2,7,Yes,No,No,Aggressive,High,0.26,85.0,11.78,Poor,33.5,84.7,Medium,56.08457704500885,High,58.13985276846845,25,44.54,Not Recommended
3151,Tata,Harrier,2020,9.38,Petrol,Manual,1197,10.9,3,6,Yes,No,No,Calm,Low,0.0,82.3,12.14,Good,31.2,100.0,Low,3.4584212241676724,Low,-1.1056485217828511,69,57.685,Consider
3152,Renault,Triber,2022,10.46,Diesel,Automatic,998,19.5,5,4,Yes,Yes,Yes,Normal,Medium,0.16,86.5,12.38,Moderate,34.7,97.3,Low,0.22779599000975126,Low,24.161808420894225,82,75.82499999999999,Highly Recommended
3153,Skoda,Kushaq,2025,15.11,Electric,Automatic,0,300.1,4,6,Yes,Yes,No,Aggressive,Low,0.09,87.3,12.6,Poor,29.4,89.7,Low,26.168341895420156,Low,28.49974222782272,63,73.60375,Recommended
3154,Toyota,Innova,2019,10.94,Electric,Automatic,0,347.4,4,4,Yes,Yes,Yes,Normal,High,0.27,82.3,12.1,Moderate,30.3,70.6,Low,20.02150126716296,Medium,40.05445609315862,65,82.2775,Highly Recommended
3155,Toyota,Urban Cruiser,2021,14.65,Diesel,Manual,998,21.5,4,6,Yes,Yes,Yes,Normal,Low,0.28,81.3,13.15,Good,31.3,82.7,Low,1.3910415261156368,Low,11.592900631809375,88,73.825,Recommended
3156,Kia,Sonet,2023,17.03,Petrol,Manual,1997,17.4,3,2,Yes,No,Yes,Aggressive,Medium,0.24,86.0,12.38,Good,32.2,75.9,Low,3.463508700222312,Medium,34.7870030590822,48,55.21,Consider
3157,Toyota,Innova,2023,17.61,Diesel,Automatic,1197,24.7,4,6,Yes,Yes,Yes,Normal,Medium,0.1,94.9,11.74,Good,30.0,86.5,Low,30.300364477594563,Low,16.577472351328524,82,76.60499999999999,Highly Recommended
3158,Hyundai,Exter,2022,13.63,Diesel,Manual,1199,18.4,3,2,Yes,No,Yes,Aggressive,Low,0.17,92.1,12.63,Good,30.9,98.3,Low,4.985220693905642,Low,24.315898664593412,52,57.160000000000004,Consider
3159,Honda,Amaze,2019,12.13,Petrol,Manual,1199,26.8,4,4,Yes,Yes,Yes,Aggressive,High,0.36,90.3,11.81,Good,31.8,83.4,Low,25.72920883509728,Medium,52.29701313085619,66,64.72,Recommended
3160,Honda,City,2025,10.76,Petrol,Manual,1197,14.4,4,4,Yes,Yes,Yes,Aggressive,Medium,0.15,87.5,12.66,Poor,30.6,69.1,Medium,37.240580075029094,Medium,51.375597027812276,49,55.21,Consider
3161,Skoda,Slavia,2023,20.3,CNG,Manual,1497,27.3,3,2,Yes,No,Yes,Normal,Medium,0.07,92.1,11.71,Poor,27.9,48.0,High,64.53685073121677,Medium,32.95320940172942,25,50.345,Consider
3162,Volkswagen,Virtus,2021,9.22,Petrol,Manual,1290,14.5,5,6,Yes,Yes,Yes,Normal,Medium,0.23,97.3,12.18,Good,32.2,64.4,Low,13.876421305648861,Low,26.66569242725051,89,73.225,Recommended
3163,Tata,Curvv,2019,8.98,Petrol,Automatic,1197,21.7,4,6,Yes,Yes,Yes,Normal,Medium,0.27,102.1,12.5,Good,33.0,76.8,Low,20.378745207063304,Low,26.113668693228373,80,75.255,Highly Recommended
3164,Tata,Harrier,2023,8.82,Petrol,Manual,2198,22.9,4,4,Yes,Yes,Yes,Normal,High,0.43,93.9,12.28,Good,31.2,75.0,Low,12.226865738834574,Medium,48.15228234991895,69,65.485,Recommended
3165,Renault,Kiger,2022,9.95,Petrol,Manual,1997,19.9,4,4,Yes,Yes,No,Calm,Medium,0.27,102.3,11.91,Good,31.1,88.6,Low,23.836961160069322,Low,23.069729959141103,76,62.185,Recommended
3166,Maruti Suzuki,Dzire,2022,4.5,CNG,Automatic,1497,28.6,3,4,Yes,No,Yes,Normal,Medium,0.33,84.2,12.31,Moderate,32.6,74.0,Low,13.461467034235236,Low,29.209906108983088,47,65.44,Recommended
3167,Renault,Triber,2020,13.01,Electric,Manual,0,390.6,3,6,Yes,No,No,Normal,Medium,0.24,93.1,12.43,Moderate,33.9,78.8,Low,10.325870824745381,Medium,30.014780465747222,51,66.5975,Recommended
3168,Renault,Kiger,2023,9.0,CNG,Automatic,1597,21.4,3,6,Yes,No,Yes,Normal,Low,0.07,81.9,12.48,Good,31.5,100.0,Low,0.0,Low,12.309856966933236,65,72.46000000000001,Recommended
3169,Skoda,Kushaq,2025,16.21,Petrol,Automatic,998,19.0,5,7,Yes,Yes,Yes,Risky,Low,0.0,86.3,12.98,Moderate,27.7,67.2,Low,8.31514703305945,Medium,44.49860842495,79,74.4,Recommended
3170,Toyota,Innova,2024,18.52,Petrol,Manual,1997,22.3,5,6,Yes,Yes,No,Normal,High,0.42,81.6,12.48,Good,30.6,63.0,Low,19.400031872405755,Medium,37.83041412823612,84,66.14500000000001,Recommended
3171,Maruti Suzuki,Brezza,2019,14.95,Petrol,Automatic,2198,18.4,5,6,Yes,Yes,Yes,Normal,Medium,0.17,96.1,12.59,Good,28.7,67.2,Low,12.870225932264178,Low,24.7198203736275,89,78.81,Highly Recommended
3172,Hyundai,Exter,2022,13.9,CNG,Manual,2198,26.1,5,2,Yes,Yes,No,Aggressive,Low,0.02,102.6,12.72,Good,30.2,75.9,Low,14.192788493401117,Low,23.90536331602773,82,69.815,Recommended
3173,Maruti Suzuki,Baleno,2019,6.25,Diesel,Manual,1497,25.3,4,6,Yes,Yes,No,Risky,Medium,0.28,86.9,12.9,Good,30.3,76.2,Low,1.871626442982854,Medium,44.2969782578522,76,62.995000000000005,Recommended
3174,Kia,Carens,2025,7.34,Petrol,Manual,1597,13.5,4,2,Yes,Yes,Yes,Normal,Medium,0.19,90.4,12.34,Moderate,36.2,78.6,Low,10.96373924339276,Low,20.56270496810398,69,64.075,Recommended
3175,Renault,Kwid,2024,5.35,CNG,Manual,2198,27.9,4,2,Yes,Yes,Yes,Normal,Low,0.18,85.2,12.53,Good,34.3,68.2,Low,18.765449566891313,Low,11.306219248073134,77,73.83500000000001,Recommended
3176,Toyota,Urban Cruiser,2026,17.44,Diesel,Manual,1997,16.4,3,2,Yes,No,Yes,Risky,Medium,0.21,84.8,12.05,Good,34.7,81.0,Low,17.35565798476304,Medium,42.4339950999853,44,53.260000000000005,Consider
3177,Volkswagen,Taigun,2021,11.87,Diesel,Manual,1497,27.1,4,4,Yes,Yes,Yes,Calm,Low,0.24,81.6,12.88,Good,33.0,73.1,Low,7.8602964481305495,Low,12.725058136130928,82,71.965,Recommended
3178,Toyota,Innova,2026,18.64,Petrol,Manual,1997,16.9,4,6,Yes,Yes,Yes,Normal,Low,0.12,106.7,13.05,Good,31.3,81.3,Low,12.190869073766063,Low,11.009503040974248,86,72.235,Recommended
3179,Skoda,Kushaq,2026,12.49,Petrol,Manual,1597,19.2,5,2,Yes,Yes,Yes,Aggressive,Low,0.11,95.2,11.81,Good,29.8,56.2,Low,31.434642801256544,Low,24.011433364236574,79,69.43,Recommended
3180,Toyota,Innova,2023,11.62,Petrol,Manual,1597,18.5,5,6,Yes,Yes,No,Normal,High,0.42,89.8,12.96,Good,31.8,58.7,Low,11.982837136506987,Medium,34.61854070095261,86,66.475,Recommended
3181,Kia,Sonet,2023,10.85,Petrol,Manual,1497,18.4,3,6,Yes,No,No,Aggressive,Medium,0.2,90.8,12.46,Good,31.3,76.9,Low,16.675799936198075,Medium,38.57628324805062,53,51.61,Consider
3182,Volkswagen,Virtus,2026,11.24,CNG,Manual,1290,24.6,4,2,Yes,Yes,No,Risky,Low,0.14,82.2,12.0,Good,35.2,85.7,Low,18.81982973256346,Medium,37.249384014100684,68,63.29,Recommended
3183,Skoda,Kushaq,2024,8.85,Petrol,Manual,1197,16.2,4,6,Yes,Yes,Yes,Aggressive,Medium,0.26,82.2,12.29,Good,29.3,99.6,Low,0.0,Medium,33.65059742405113,80,69.43,Recommended
3184,Maruti Suzuki,Fronx,2024,9.43,Electric,Manual,0,372.3,3,4,Yes,No,No,Normal,Medium,0.2,100.2,12.2,Moderate,30.7,75.1,Low,18.023937841941496,Low,26.231182895631875,47,64.11125,Recommended
3185,Tata,Punch,2024,15.09,Electric,Automatic,0,329.2,3,6,Yes,No,No,Normal,Low,0.1,77.6,12.4,Good,28.8,94.3,Low,1.3192552297739888,Low,13.687926441242908,64,75.145,Highly Recommended
3186,Skoda,Slavia,2019,11.7,Electric,Automatic,0,340.3,5,2,Yes,Yes,Yes,Calm,Low,0.05,86.1,12.65,Good,30.7,69.2,Low,12.472789075184009,Low,6.658666807721774,88,92.36125,Highly Recommended
3187,Volkswagen,Taigun,2021,13.37,Petrol,Manual,1290,15.2,5,6,Yes,Yes,Yes,Calm,Medium,0.18,95.5,11.78,Moderate,34.5,74.2,Low,30.995051084358824,Low,27.246414592101647,80,69.28,Recommended
3188,Maruti Suzuki,Fronx,2020,4.5,Diesel,Automatic,1997,18.4,5,4,Yes,Yes,Yes,Calm,Low,0.12,98.8,11.87,Good,33.1,85.1,Low,32.743813329619634,Low,2.384791595654306,90,79.25999999999999,Highly Recommended
3189,Toyota,Hyryder,2025,11.04,Petrol,Manual,1497,16.3,4,6,Yes,Yes,Yes,Calm,Low,0.14,89.2,12.85,Good,33.7,87.1,Low,2.3754560673641145,Low,3.5965944729481585,90,73.945,Recommended
3190,Tata,Altroz,2024,8.72,Petrol,Manual,1597,18.1,4,2,Yes,Yes,Yes,Aggressive,Low,0.17,97.4,11.49,Good,34.1,73.9,Medium,39.77209481884037,Low,27.828764817466602,68,64.315,Recommended
3191,Kia,Carens,2020,9.12,CNG,Manual,1290,23.7,3,6,Yes,No,Yes,Normal,Low,0.03,91.3,13.05,Good,32.4,59.5,Low,14.419357694348054,Low,10.993734992136767,63,66.905,Recommended
3192,Toyota,Hyryder,2021,11.23,Diesel,Automatic,2198,25.6,4,6,Yes,Yes,No,Aggressive,High,0.47,83.2,11.95,Good,31.0,100.0,Low,17.294201516076612,High,56.23326990194137,70,65.34,Recommended
3193,Mahindra,XUV 3XO,2026,15.72,Electric,Manual,0,478.0,3,4,Yes,No,Yes,Normal,Medium,0.13,91.1,12.58,Moderate,31.5,62.8,Low,17.49476235214024,Low,19.016382957605103,50,72.5,Recommended
3194,Toyota,Hyryder,2026,14.6,Petrol,Automatic,1498,26.0,3,2,Yes,No,Yes,Aggressive,Medium,0.39,78.4,12.43,Good,31.6,55.5,Low,15.701506271293871,Medium,37.61303988028269,45,60.15,Recommended
3195,Hyundai,Verna,2023,18.06,Diesel,Manual,1197,19.4,4,4,Yes,Yes,Yes,Normal,Low,0.18,89.5,12.59,Moderate,34.4,62.5,Low,4.499774042556549,Low,20.078711330792704,74,67.21000000000001,Recommended
3196,Toyota,Hyryder,2023,8.1,Petrol,Manual,998,17.8,4,6,Yes,Yes,Yes,Calm,Low,0.01,97.3,12.98,Good,30.9,75.6,Low,3.2986061207998425,Low,6.7757148074241575,89,73.72,Recommended
3197,Tata,Curvv,2024,12.67,Diesel,Automatic,1199,20.7,3,2,Yes,No,Yes,Normal,Low,0.16,88.1,13.18,Good,30.0,78.1,Low,9.528803190898333,Low,8.13504082055843,57,64.755,Recommended
3198,Toyota,Hyryder,2022,12.9,Diesel,Manual,1199,15.1,5,2,Yes,Yes,Yes,Calm,Low,0.06,82.9,12.51,Good,33.6,42.5,Low,15.303631995923261,Low,10.268751067353566,86,71.965,Recommended
3199,Maruti Suzuki,Dzire,2020,9.38,Diesel,Manual,1199,24.8,4,4,Yes,Yes,Yes,Risky,Low,0.22,89.7,12.44,Good,37.1,62.3,Low,13.17107412238797,Medium,35.97483675731912,73,67.57,Recommended
3200,Maruti Suzuki,Baleno,2025,6.67,Petrol,Manual,1290,21.0,4,6,Yes,Yes,No,Risky,Medium,0.36,93.4,13.05,Good,32.6,75.8,Low,7.834209740687689,Medium,53.15319475348967,72,60.55,Recommended
3201,Kia,Carens,2021,12.73,Diesel,Manual,1997,19.8,3,7,Yes,No,Yes,Calm,Medium,0.28,78.3,12.9,Moderate,31.0,77.5,Low,6.376584815067925,Low,28.08749405410569,54,58.269999999999996,Consider
3202,Renault,Kiger,2025,14.19,CNG,Automatic,1497,23.5,3,2,Yes,No,Yes,Normal,Low,0.09,92.5,12.52,Good,28.2,86.8,Low,2.054557209861336,Low,11.941107600925319,57,69.175,Recommended
3203,Volkswagen,Virtus,2020,12.56,Electric,Manual,0,406.0,4,6,Yes,Yes,No,Normal,Medium,0.28,93.8,11.6,Moderate,32.7,69.4,Medium,36.28075099398207,Low,25.3981389645312,72,76.4,Highly Recommended
3204,Tata,Altroz,2026,15.6,Diesel,Automatic,998,21.9,4,2,Yes,Yes,Yes,Calm,Low,0.19,71.4,11.94,Moderate,34.3,74.7,Medium,38.2297612292377,Low,9.252815434931671,69,70.33500000000001,Recommended
3205,Renault,Kiger,2024,6.3,Petrol,Manual,998,22.7,4,6,Yes,Yes,Yes,Aggressive,Low,0.09,75.9,13.04,Good,31.3,99.8,Low,0.0,Low,27.864283449923292,82,71.305,Recommended
3206,Volkswagen,Virtus,2023,7.11,CNG,Manual,1597,25.4,4,6,Yes,Yes,No,Risky,Medium,0.08,92.6,12.55,Moderate,31.0,98.1,Low,3.5605763213849544,Medium,54.156640334031906,67,62.96,Recommended
3207,Renault,Triber,2025,9.02,CNG,Manual,1199,25.2,5,4,Yes,Yes,Yes,Normal,Low,0.11,81.5,12.52,Good,34.6,70.4,Low,13.683210862284579,Low,6.2258259943883525,92,80.18,Highly Recommended
3208,Skoda,Kushaq,2020,8.98,Petrol,Manual,1498,20.2,3,6,Yes,No,Yes,Normal,Low,0.11,77.7,12.38,Good,30.0,48.9,Low,17.2681788759331,Low,15.244717227404337,61,61.480000000000004,Recommended
3209,Honda,City,2021,14.9,Petrol,Manual,1290,14.4,4,6,Yes,Yes,Yes,Normal,Medium,0.24,100.5,12.54,Moderate,33.4,73.0,Low,12.734577815026633,Medium,33.526433623915324,72,65.56,Recommended
3210,Volkswagen,Taigun,2023,4.5,Petrol,Manual,2198,18.3,4,6,Yes,Yes,No,Calm,High,0.31,92.5,12.6,Good,30.0,60.7,Low,16.503911934493875,Medium,33.85833347311698,78,62.845,Recommended
3211,Maruti Suzuki,Swift,2025,4.59,CNG,Manual,1197,22.8,5,2,Yes,Yes,Yes,Aggressive,Low,0.12,88.0,11.39,Good,31.6,48.5,Low,23.40939006171834,Low,18.461193997826317,82,75.32,Highly Recommended
3212,Volkswagen,Virtus,2019,9.85,Petrol,Manual,1498,23.6,5,4,Yes,Yes,Yes,Normal,Medium,0.11,98.1,12.69,Poor,33.7,71.5,Low,26.529706153964696,Medium,36.203065669152835,64,63.34,Recommended
3213,Maruti Suzuki,Brezza,2021,5.45,Diesel,Manual,1290,21.6,4,4,Yes,No,Yes,Aggressive,Low,0.01,87.4,12.44,Moderate,34.0,75.6,Low,8.110410321294534,Low,26.05925895758969,57,59.89,Consider
3214,Honda,Amaze,2020,13.6,Petrol,Automatic,1290,23.4,5,2,Yes,Yes,Yes,Normal,High,0.46,73.7,13.18,Good,34.2,80.8,Low,9.929584441685344,Medium,43.367668722762076,75,73.25999999999999,Recommended
3215,Mahindra,Thar,2019,9.95,CNG,Manual,1597,29.2,4,2,Yes,Yes,No,Aggressive,High,0.22,74.1,12.29,Good,30.1,73.7,Low,9.47042317954131,Medium,51.824456074197045,64,62.18,Recommended
3216,Renault,Triber,2019,9.63,Petrol,Manual,1498,17.7,4,6,Yes,Yes,Yes,Risky,Medium,0.17,87.1,11.92,Poor,31.0,97.6,Low,33.805658731832615,High,62.332096946326814,50,56.155,Consider
3217,Kia,Sonet,2025,14.37,Petrol,Manual,1199,18.2,5,6,Yes,Yes,Yes,Aggressive,Low,0.27,90.1,11.87,Good,31.6,98.1,Low,19.759999981225334,Low,28.815810223227913,87,72.88,Recommended
3218,Toyota,Urban Cruiser,2023,15.72,Petrol,Automatic,1199,18.5,5,6,Yes,Yes,No,Aggressive,Medium,0.21,93.0,12.06,Good,30.6,86.8,Low,31.31555489705273,Medium,33.82789664538223,83,70.125,Recommended
3219,Mahindra,Thar,2023,13.61,Diesel,Manual,1199,26.7,5,6,Yes,No,Yes,Normal,Medium,0.3,83.8,12.14,Good,33.0,82.6,Low,6.187470386817079,Medium,31.040307537295668,73,67.855,Recommended
3220,Honda,City,2023,11.38,Petrol,Manual,1497,23.7,3,7,Yes,No,Yes,Normal,Medium,0.38,92.3,12.93,Moderate,28.6,92.9,Low,6.1008803366714,Low,29.808126654768042,54,58.855000000000004,Consider
3221,Honda,Elevate,2023,15.21,Petrol,Manual,1997,17.1,4,6,Yes,Yes,Yes,Calm,Low,0.1,85.7,12.03,Moderate,32.2,65.9,Low,33.98151245782896,Low,18.217995514305127,75,67.315,Recommended
3222,Skoda,Kushaq,2020,11.58,Diesel,Manual,1497,14.5,3,6,Yes,No,Yes,Aggressive,Medium,0.15,79.3,12.7,Good,31.3,66.7,Low,12.123159181071893,Medium,43.8066146301382,52,56.575,Consider
3223,Hyundai,Creta,2020,12.58,Diesel,Automatic,1290,21.3,5,2,Yes,Yes,Yes,Risky,Low,0.02,80.0,13.19,Good,35.4,69.7,Low,8.87312138099347,Medium,38.04859228945101,77,73.845,Recommended
3224,Mahindra,XUV700,2019,10.81,Petrol,Manual,1290,19.6,4,6,Yes,Yes,Yes,Normal,Low,0.19,92.1,12.18,Good,33.2,89.2,Low,0.30829909568279845,Low,21.56201039711921,84,71.74000000000001,Recommended
3225,Mahindra,XUV 3XO,2024,9.14,Diesel,Manual,2198,24.6,5,6,Yes,Yes,No,Normal,Low,0.11,82.1,13.45,Poor,33.3,88.0,Low,16.805954285836783,Low,19.354673128118268,76,62.89,Recommended
3226,Maruti Suzuki,Baleno,2025,19.6,Electric,Manual,0,204.6,4,6,Yes,Yes,Yes,Normal,Low,0.13,92.8,12.47,Moderate,34.8,100.0,Low,2.5395459154916824,Low,18.594312487522537,79,78.2225,Highly Recommended
3227,Maruti Suzuki,Baleno,2020,8.0,Petrol,Manual,1197,25.5,4,6,Yes,Yes,Yes,Normal,Low,0.17,109.6,12.33,Good,30.5,67.3,Low,33.66024615565232,Low,5.755593123846156,85,73.075,Recommended
3228,Skoda,Slavia,2019,14.1,Petrol,Automatic,1997,15.3,4,2,Yes,Yes,Yes,Normal,Low,0.17,96.2,12.8,Moderate,33.0,75.0,Low,8.729364302150358,Low,19.10265241369466,70,69.795,Recommended
3229,Hyundai,Venue,2023,10.94,Petrol,Automatic,998,16.7,5,4,Yes,Yes,Yes,Normal,High,0.56,97.9,12.23,Good,33.0,78.6,Low,12.709353876899637,Medium,48.584433276322194,77,73.155,Recommended
3230,Tata,Harrier,2024,5.46,Diesel,Manual,1199,24.6,3,6,Yes,No,No,Normal,Medium,0.16,85.9,12.92,Good,33.4,75.5,Low,14.382833413473467,Low,24.164256230231935,58,54.790000000000006,Consider
3231,Maruti Suzuki,Swift,2021,11.89,Electric,Automatic,0,316.5,2,6,Yes,No,Yes,Normal,Medium,0.15,85.0,12.73,Moderate,31.3,60.6,Low,12.38597224253186,Low,23.89842957086936,45,72.11875,Recommended
3232,Renault,Kiger,2025,13.72,Diesel,Automatic,1197,16.0,4,6,Yes,Yes,No,Normal,Medium,0.22,86.9,11.98,Moderate,33.4,79.2,Low,25.945999280318503,Low,26.92681922544222,73,65.25,Recommended
3233,Hyundai,i20,2025,18.36,Petrol,Automatic,1199,16.9,5,6,Yes,Yes,Yes,Normal,Low,0.23,85.6,12.5,Moderate,25.9,93.9,Low,0.0,Low,24.225833675998345,86,77.235,Highly Recommended
3234,Maruti Suzuki,Baleno,2022,5.88,CNG,Automatic,1597,22.4,4,6,Yes,Yes,Yes,Calm,High,0.31,90.7,13.0,Good,31.9,65.4,Low,11.866656893865281,Medium,31.188589671023124,79,78.91,Highly Recommended
3235,Mahindra,XUV700,2020,18.9,Electric,Manual,0,317.7,4,6,Yes,Yes,Yes,Normal,Medium,0.0,95.8,12.85,Good,35.0,78.2,Low,8.447929501609554,Low,11.833774600794097,87,86.06375,Highly Recommended
3236,Volkswagen,Virtus,2026,9.81,Diesel,Manual,2198,17.0,5,6,Yes,Yes,No,Calm,Medium,0.27,92.4,12.61,Poor,28.7,81.1,Low,27.338261918875883,Medium,42.79783577462541,66,57.25,Consider
3237,Mahindra,Thar,2026,17.78,Electric,Manual,0,277.9,4,4,Yes,Yes,No,Aggressive,Low,0.0,94.9,13.16,Poor,30.2,82.5,Low,26.343772871466413,Low,27.055292031477357,60,66.42125,Recommended
3238,Tata,Curvv,2021,11.61,Diesel,Automatic,1498,22.5,4,4,Yes,Yes,Yes,Normal,Low,0.2,84.4,12.7,Moderate,32.6,65.7,Low,4.903012370516306,Low,14.014955989166186,76,73.575,Recommended
3239,Tata,Harrier,2022,12.17,CNG,Manual,1597,22.1,3,4,Yes,No,Yes,Risky,Low,0.0,81.6,12.27,Good,32.3,87.7,Low,9.805698687859817,Medium,31.201828554050746,53,62.165000000000006,Recommended
3240,Maruti Suzuki,Baleno,2025,8.16,Diesel,Automatic,1497,24.3,5,6,Yes,Yes,Yes,Normal,Low,0.07,80.8,12.74,Good,36.1,47.1,Low,13.369164814532756,Low,15.400069250680303,93,81.495,Highly Recommended
3241,Tata,Punch,2023,9.47,Petrol,Manual,1290,16.1,4,6,Yes,Yes,Yes,Normal,Low,0.16,87.3,11.73,Good,29.7,100.0,Low,15.775799646825224,Low,14.21656459120359,85,71.66499999999999,Recommended
3242,Kia,Seltos,2023,10.5,Diesel,Manual,2198,21.6,4,2,Yes,Yes,Yes,Aggressive,High,0.46,90.5,12.3,Good,35.5,88.7,Low,14.047759283615456,High,55.697413839774825,62,62.14,Recommended
3243,Volkswagen,Taigun,2020,15.09,Electric,Manual,0,424.3,5,2,Yes,Yes,No,Normal,Medium,0.22,86.4,12.31,Good,32.4,88.8,Low,11.356524799070232,Low,22.260819584909587,83,81.35,Highly Recommended
3244,Skoda,Kushaq,2020,12.74,Petrol,Manual,1290,20.0,3,6,Yes,No,Yes,Normal,Low,0.05,77.7,13.17,Moderate,31.4,100.0,Low,4.6146862462747675,Low,20.582628529832675,55,58.75,Consider
3245,Maruti Suzuki,Baleno,2025,7.21,CNG,Manual,2198,27.3,4,6,Yes,No,Yes,Normal,Low,0.17,76.6,12.68,Good,29.8,70.2,Low,6.875640291544451,Low,8.783138363463024,73,71.945,Recommended
3246,Renault,Kwid,2023,6.25,Petrol,Automatic,1597,19.2,3,6,Yes,No,Yes,Normal,Low,0.22,91.4,11.75,Moderate,35.1,100.0,Low,20.261549238486165,Low,18.697294507499432,53,62.730000000000004,Recommended
3247,Honda,City,2020,9.56,CNG,Manual,1597,22.4,4,6,Yes,Yes,Yes,Calm,High,0.42,89.4,13.01,Poor,33.8,88.4,Low,31.55848802484907,Medium,42.917509914043414,57,64.01,Recommended
3248,Mahindra,XUV700,2019,14.15,CNG,Automatic,1997,18.7,4,6,Yes,Yes,Yes,Normal,Low,0.13,88.4,12.72,Good,28.6,75.3,Low,16.770108973294377,Low,10.38631228433336,86,81.505,Highly Recommended
3249,Tata,Altroz,2024,6.52,Petrol,Manual,1498,21.4,4,6,Yes,Yes,Yes,Normal,Medium,0.31,88.3,12.58,Good,32.3,72.1,Low,10.158269755969991,Medium,30.872859242195958,80,70.21000000000001,Recommended
3250,Honda,Elevate,2024,8.59,CNG,Automatic,1997,25.8,2,6,Yes,No,Yes,Aggressive,Low,0.2,91.2,11.76,Good,31.6,91.3,Low,20.05958279801278,Low,18.872660804057393,51,66.82,Recommended
3251,Hyundai,Venue,2020,10.47,Electric,Manual,0,342.7,5,6,Yes,No,No,Normal,High,0.34,79.1,13.02,Good,35.5,90.4,Low,0.0,Medium,39.538423174198,71,73.80125,Recommended
3252,Volkswagen,Taigun,2026,10.93,CNG,Manual,998,28.5,4,6,Yes,No,Yes,Normal,High,0.3,87.5,12.11,Poor,27.9,79.5,Low,32.65751872974601,Medium,53.91188273719189,38,56.375,Consider
3253,Volkswagen,Virtus,2023,14.31,Diesel,Automatic,1197,18.8,4,6,Yes,Yes,Yes,Risky,High,0.34,92.1,12.99,Good,30.2,73.7,Low,0.0,High,63.12040741814271,70,70.32,Recommended
3254,Skoda,Kushaq,2026,16.47,Petrol,Automatic,1997,13.7,3,6,Yes,No,Yes,Normal,High,0.4,85.4,12.85,Moderate,31.5,79.8,Low,5.483103187700186,Medium,47.45933982225353,46,58.754999999999995,Consider
3255,Renault,Kwid,2019,7.16,Petrol,Automatic,998,19.2,4,6,Yes,Yes,Yes,Normal,Low,0.12,92.3,12.47,Good,35.3,77.8,Low,3.9375277680404466,Low,16.76586078766201,86,77.58000000000001,Highly Recommended
3256,Maruti Suzuki,Baleno,2025,12.68,Electric,Manual,0,332.9,4,6,Yes,Yes,Yes,Normal,Low,0.12,80.5,12.04,Good,31.6,56.6,Medium,39.78261152997072,Low,8.302658037824703,83,84.83375000000001,Highly Recommended
3257,Tata,Harrier,2026,13.1,CNG,Manual,1997,29.7,4,7,Yes,No,Yes,Normal,Medium,0.32,80.3,13.05,Moderate,29.9,57.2,Low,16.66879665600718,Low,28.05725349533546,61,66.905,Recommended
3258,Hyundai,Venue,2022,13.1,CNG,Manual,1197,25.4,4,4,Yes,Yes,Yes,Aggressive,Medium,0.19,83.7,11.82,Good,30.2,72.1,Medium,36.845455124474874,Medium,37.757246655108936,69,69.86,Recommended
3259,Tata,Curvv,2019,9.42,Petrol,Manual,1290,26.4,3,7,Yes,No,No,Aggressive,Low,0.04,88.9,12.49,Poor,33.5,100.0,Low,16.453241903349245,Medium,32.93310439895884,42,47.86,Consider
3260,Tata,Curvv,2026,12.07,Petrol,Manual,1597,19.3,3,4,Yes,No,Yes,Calm,Medium,0.17,82.1,11.78,Moderate,28.6,93.0,Low,24.06967989205282,Low,26.94572495069284,46,54.595,Consider
3261,Renault,Kwid,2025,9.73,Petrol,Manual,1997,19.0,5,6,Yes,No,Yes,Normal,High,0.38,76.1,12.75,Moderate,26.3,92.1,Low,11.925471412272461,Medium,48.37421308509927,60,60.85,Recommended
3262,Skoda,Kushaq,2021,11.9,Diesel,Manual,1498,21.3,4,6,Yes,Yes,No,Aggressive,Low,0.09,86.1,12.32,Good,30.1,100.0,Low,0.0,Low,18.617815012057623,85,66.445,Recommended
3263,Maruti Suzuki,Dzire,2019,4.5,CNG,Manual,998,25.3,5,2,Yes,Yes,Yes,Calm,Low,0.04,89.3,12.68,Good,32.9,81.7,Low,10.993463458745975,Low,9.711471639230794,87,77.945,Highly Recommended
3264,Volkswagen,Virtus,2026,12.15,Petrol,Manual,1997,16.3,4,2,Yes,Yes,No,Normal,Low,0.1,94.3,12.7,Good,35.6,75.0,Low,11.245815283677558,Low,12.484917631252893,78,62.545,Recommended
3265,Mahindra,XUV700,2026,15.46,Diesel,Automatic,2198,22.1,4,2,Yes,Yes,No,Aggressive,Low,0.01,84.0,12.62,Moderate,31.9,64.4,Low,10.77398680118785,Low,23.527755920342987,68,63.915,Recommended
3266,Hyundai,Venue,2021,4.5,Diesel,Manual,1997,24.2,3,4,Yes,No,Yes,Normal,High,0.29,87.0,12.83,Moderate,33.5,86.9,Low,1.8916078163961156,Medium,44.63711292976909,43,53.980000000000004,Consider
3267,Honda,City,2020,11.33,CNG,Automatic,1997,21.7,5,6,Yes,Yes,Yes,Normal,Medium,0.13,90.6,12.05,Good,35.9,83.5,Low,24.342723723271458,Low,25.027295677029393,88,82.855,Highly Recommended
3268,Tata,Curvv,2024,13.33,Diesel,Manual,1997,19.5,4,6,Yes,Yes,Yes,Risky,Medium,0.29,95.1,12.58,Good,31.5,83.3,Low,14.334129514310943,Medium,53.09091289256779,71,65.875,Recommended
3269,Tata,Punch,2023,10.31,Diesel,Manual,1497,23.8,4,4,Yes,Yes,Yes,Aggressive,Low,0.12,83.0,12.54,Good,38.0,100.0,Low,15.961799393451589,Low,19.13863054328903,79,70.12,Recommended
3270,Mahindra,Scorpio,2026,20.11,Electric,Manual,0,332.1,3,2,Yes,No,Yes,Normal,Low,0.17,81.2,12.72,Good,32.9,88.2,Low,5.207730052648241,Low,18.731500249676618,54,71.75375,Recommended
3271,Maruti Suzuki,Brezza,2021,4.5,CNG,Manual,2198,32.7,3,6,Yes,No,Yes,Risky,Medium,0.18,79.0,11.98,Good,35.2,59.7,Low,34.88373618510799,Medium,51.19333683821736,46,60.605000000000004,Recommended
3272,Honda,City,2025,13.43,Petrol,Automatic,998,22.3,3,4,Yes,No,No,Aggressive,Low,0.07,91.2,12.06,Moderate,34.4,93.6,Low,25.25045921501957,Low,25.560827581259797,46,54.045,Consider
3273,Skoda,Slavia,2025,13.63,Petrol,Manual,1497,19.6,3,6,Yes,No,Yes,Normal,Medium,0.31,93.3,12.15,Good,32.5,62.3,Low,17.38298922409214,Medium,31.56195082398998,55,58.69,Consider
3274,Renault,Kiger,2026,9.94,CNG,Manual,1597,18.8,4,4,Yes,Yes,Yes,Risky,Low,0.0,97.9,12.47,Good,28.7,81.5,Low,11.029799188435675,Medium,39.623576601725944,72,70.22,Recommended
3275,Maruti Suzuki,Fronx,2026,14.36,Electric,Manual,0,446.8,5,6,Yes,Yes,Yes,Normal,Low,0.1,88.0,12.14,Moderate,35.8,74.6,Low,7.793877891563982,Low,22.10169456291357,85,88.25,Highly Recommended
3276,Mahindra,XUV 3XO,2019,13.01,CNG,Manual,1199,22.4,2,6,Yes,No,Yes,Aggressive,Medium,0.25,79.8,13.1,Good,32.6,87.1,Low,0.0,Medium,35.733626065606096,48,59.96,Consider
3277,Volkswagen,Taigun,2026,15.78,Electric,Automatic,0,346.0,4,7,Yes,Yes,Yes,Normal,Medium,0.17,91.8,12.88,Moderate,30.1,71.3,Low,16.80261814976651,Low,29.27660262433787,75,86.725,Highly Recommended
3278,Renault,Kiger,2019,10.1,Electric,Manual,0,307.4,4,6,Yes,Yes,Yes,Normal,Low,0.19,84.5,11.98,Good,35.9,43.9,Medium,43.30195980305358,Low,13.939114343103821,81,82.97749999999999,Highly Recommended
3279,Toyota,Urban Cruiser,2020,9.19,Petrol,Manual,1997,20.1,5,6,Yes,Yes,No,Risky,Medium,0.16,90.8,12.2,Good,32.8,79.7,Low,11.61307415597551,Medium,43.0789417702094,83,65.36500000000001,Recommended
3280,Tata,Altroz,2025,12.01,CNG,Manual,1290,24.1,4,6,Yes,Yes,No,Normal,Medium,0.38,97.1,12.2,Good,30.0,64.0,Low,14.684573834935899,Low,26.046053096515262,81,69.065,Recommended
3281,Kia,Carens,2019,11.94,Electric,Manual,0,263.1,5,6,Yes,Yes,Yes,Calm,Medium,0.22,91.4,12.68,Good,33.7,83.8,Low,2.4608668994507363,Low,15.529978179875595,94,87.16625,Highly Recommended
3282,Volkswagen,Taigun,2022,11.67,Diesel,Manual,1290,23.6,3,6,Yes,No,Yes,Normal,Low,0.01,91.5,12.01,Good,29.1,47.8,Medium,37.28040883995134,Low,4.888376288219849,62,62.44,Recommended
3283,Maruti Suzuki,Swift,2019,8.53,Electric,Manual,0,369.6,5,2,Yes,Yes,Yes,Aggressive,Medium,0.24,87.5,12.26,Good,33.0,72.6,Low,8.826203694460071,Medium,32.80874183893892,79,84.41,Highly Recommended
3284,Skoda,Slavia,2025,10.61,Petrol,Automatic,1199,14.6,5,7,Yes,No,Yes,Aggressive,Low,0.16,93.2,12.88,Poor,35.5,59.0,Low,33.512929188770386,Medium,33.68547936598541,55,62.94,Recommended
3285,Mahindra,XUV 3XO,2023,17.52,Diesel,Manual,1199,20.8,5,4,Yes,Yes,Yes,Normal,Medium,0.16,83.1,12.88,Good,34.4,85.8,Low,0.0,Low,28.346737070426464,86,72.82,Recommended
3286,Hyundai,Verna,2022,8.89,Petrol,Automatic,1997,14.9,3,7,Yes,No,No,Calm,High,0.4,85.9,11.8,Good,33.2,89.9,Low,21.571931160657044,Medium,34.365289648631546,56,57.435,Consider
3287,Tata,Altroz,2026,11.78,Petrol,Automatic,998,27.1,4,7,Yes,Yes,Yes,Normal,High,0.43,83.2,12.17,Good,28.7,76.3,Low,2.8156079607416835,Medium,35.44266514672772,81,76.515,Highly Recommended
3288,Honda,Elevate,2019,8.96,Petrol,Manual,1197,17.1,3,4,Yes,No,Yes,Normal,Low,0.04,93.5,12.79,Good,35.4,64.2,Low,9.980241031861606,Low,12.205468685304737,59,60.115,Recommended
3289,Volkswagen,Virtus,2023,14.6,Petrol,Manual,1290,22.3,3,4,Yes,No,Yes,Aggressive,Medium,0.21,90.7,12.22,Good,32.4,90.4,Low,3.0939764104434095,Medium,33.69497050703792,53,58.195,Consider
3290,Volkswagen,Virtus,2026,9.98,Diesel,Manual,1199,21.2,4,2,Yes,Yes,Yes,Aggressive,Low,0.11,97.0,12.5,Good,32.6,60.6,Low,21.469066883682196,Low,21.74321390158581,73,67.03,Recommended
3291,Honda,Amaze,2026,11.24,CNG,Manual,1597,25.9,4,6,Yes,Yes,Yes,Normal,Medium,0.21,91.6,12.94,Good,30.6,94.2,Low,1.778106320280088,Low,23.4418441697732,84,76.685,Highly Recommended
3292,Tata,Harrier,2020,10.71,Petrol,Automatic,1498,19.6,4,7,Yes,Yes,Yes,Normal,Low,0.04,95.8,13.2,Poor,35.6,52.5,Medium,38.843666964431364,Low,12.343506457874254,69,69.99000000000001,Recommended
3293,Honda,Elevate,2025,14.66,Diesel,Manual,1597,19.8,5,4,Yes,Yes,No,Normal,Medium,0.33,78.9,11.7,Good,33.8,96.0,Low,26.753439023380594,Low,27.82161174421007,82,64.87,Recommended
3294,Honda,City,2020,5.44,CNG,Manual,1597,19.2,3,7,Yes,No,Yes,Normal,Low,0.02,90.6,13.09,Moderate,30.9,98.7,Low,0.0,Low,21.132917813292785,58,63.980000000000004,Recommended
3295,Kia,Seltos,2020,9.38,Petrol,Manual,1497,14.7,3,6,Yes,No,Yes,Normal,Low,0.0,97.6,12.91,Poor,32.9,100.0,Low,16.628533338360977,Low,27.47336716406622,42,52.105000000000004,Consider
3296,Renault,Kwid,2022,7.7,Petrol,Automatic,1197,19.7,5,7,Yes,Yes,Yes,Normal,Low,0.05,93.2,12.63,Good,31.7,70.0,Low,13.335660714301262,Low,11.46267284951128,96,82.155,Highly Recommended
3297,Tata,Harrier,2023,7.77,Diesel,Manual,998,18.4,5,4,Yes,No,No,Aggressive,Low,0.11,89.9,12.65,Good,34.8,80.4,Low,7.421658735377428,Low,20.50503185708741,73,60.61,Recommended
3298,Skoda,Slavia,2026,14.08,Electric,Manual,0,398.3,5,4,Yes,Yes,No,Normal,Low,0.27,99.4,12.41,Good,32.8,80.5,Low,17.598024233687667,Low,11.87667609010991,89,83.98625000000001,Highly Recommended
3299,Tata,Nexon,2025,10.44,Diesel,Automatic,1290,25.1,4,2,Yes,Yes,Yes,Normal,Medium,0.32,100.3,11.89,Moderate,28.2,100.0,Low,25.066599252870088,Medium,40.47710608241414,60,66.765,Recommended
3300,Tata,Harrier,2024,12.91,Diesel,Manual,2198,23.9,5,2,Yes,Yes,Yes,Normal,Low,0.0,92.9,11.75,Moderate,31.9,93.1,Low,24.10759455418527,Low,20.65320009830666,75,68.33500000000001,Recommended
3301,Skoda,Slavia,2023,11.04,Petrol,Automatic,1290,15.0,4,2,Yes,Yes,Yes,Aggressive,High,0.4,88.3,12.63,Good,32.4,70.2,Low,7.883124480251402,Medium,48.82349352528671,66,67.95,Recommended
3302,Tata,Nexon,2021,7.92,Petrol,Automatic,998,14.6,5,4,Yes,No,Yes,Calm,Medium,0.29,86.9,12.37,Good,31.0,70.0,Low,13.102066323000761,Low,21.79897223138415,71,70.14,Recommended
3303,Renault,Kwid,2023,7.7,CNG,Manual,1497,21.2,4,6,Yes,Yes,Yes,Normal,Low,0.23,99.3,12.36,Good,29.8,93.4,Low,18.54008441649863,Low,12.459338752297615,85,76.43,Highly Recommended
3304,Honda,Amaze,2020,10.71,Electric,Manual,0,486.3,5,6,Yes,Yes,Yes,Normal,Medium,0.19,80.8,12.12,Good,31.3,83.5,Low,0.0,Low,22.0436732429269,92,91.4,Highly Recommended
3305,Tata,Harrier,2021,4.5,CNG,Automatic,1199,23.1,5,4,Yes,Yes,Yes,Calm,Low,0.1,88.0,12.03,Good,33.1,91.4,Low,24.521965486863245,Low,11.32272130590886,88,83.065,Highly Recommended
3306,Skoda,Kushaq,2021,8.13,CNG,Manual,1290,25.6,4,6,Yes,Yes,No,Normal,High,0.48,89.1,12.41,Good,30.0,91.9,Low,0.0,Medium,39.22284142603265,78,67.94,Recommended
3307,Renault,Triber,2024,11.28,CNG,Automatic,2198,23.5,3,6,Yes,No,No,Aggressive,High,0.22,94.9,12.35,Good,33.3,90.1,Low,15.941763153767452,Medium,47.23468202047772,50,60.025,Recommended
3308,Mahindra,Thar,2021,10.77,Petrol,Manual,1199,10.1,5,6,Yes,Yes,Yes,Normal,Low,0.12,101.4,12.08,Good,30.6,66.5,Low,32.727162213434056,Low,11.10424353448858,91,73.465,Recommended
3309,Hyundai,Creta,2026,11.15,Petrol,Manual,1497,17.1,4,4,Yes,Yes,Yes,Normal,Low,0.23,76.7,12.34,Good,27.8,80.7,Low,2.4019770686867217,Low,14.70656722269895,82,70.465,Recommended
3310,Kia,Carens,2022,9.35,Petrol,Manual,1997,19.2,4,2,Yes,Yes,Yes,Normal,Low,0.08,89.8,12.91,Good,35.5,95.2,Low,3.530685466958547,Low,6.70759425539628,81,70.33000000000001,Recommended
3311,Kia,Seltos,2021,10.99,Petrol,Manual,1290,20.9,4,2,Yes,Yes,Yes,Aggressive,Low,0.11,84.8,12.67,Moderate,30.8,79.8,Low,4.6433666123374335,Medium,31.26728064247362,66,63.835,Recommended
3312,Toyota,Glanza,2024,18.23,Electric,Manual,0,391.2,4,6,Yes,No,Yes,Normal,Medium,0.29,89.1,12.44,Moderate,34.3,100.0,Low,0.0,Low,28.87847352512487,61,77.12,Highly Recommended
3313,Mahindra,XUV700,2021,12.09,Electric,Manual,0,274.4,3,6,Yes,No,Yes,Calm,Low,0.17,77.0,12.28,Good,32.8,84.7,Low,6.998914311118894,Low,9.484060240342183,65,74.53999999999999,Recommended
3314,Renault,Kiger,2022,11.68,Petrol,Manual,1197,13.5,5,4,Yes,Yes,Yes,Aggressive,Medium,0.12,92.9,12.57,Good,31.0,100.0,Low,0.0,Low,25.360395235794492,87,72.175,Recommended
3315,Kia,Sonet,2019,5.06,Petrol,Automatic,1199,19.3,4,7,Yes,Yes,Yes,Calm,Low,0.21,82.5,12.59,Good,29.4,67.0,Low,11.424004189055085,Low,8.737530895752345,89,78.94500000000001,Highly Recommended
3316,Maruti Suzuki,Swift,2025,8.62,Petrol,Manual,1290,21.8,4,6,Yes,Yes,No,Normal,Medium,0.16,83.0,12.76,Good,32.7,87.5,Low,7.555816189143819,Low,21.861267901060906,83,65.62,Recommended
3317,Kia,Seltos,2021,17.19,Petrol,Automatic,1197,21.8,4,4,Yes,Yes,No,Aggressive,Low,0.24,85.4,12.15,Good,37.4,93.4,Low,8.54216192300008,Low,23.626464049266637,78,68.37,Recommended
3318,Maruti Suzuki,Dzire,2022,4.88,Petrol,Manual,1498,20.1,4,6,Yes,Yes,Yes,Normal,High,0.44,88.5,12.13,Poor,26.6,89.4,Low,15.280822602805804,Medium,52.25975038702578,56,59.215,Consider
3319,Mahindra,Thar,2020,11.98,CNG,Manual,1197,26.4,4,6,Yes,Yes,Yes,Normal,Low,0.15,70.7,12.99,Good,34.6,87.3,Low,9.507981158165812,Low,8.495277822332248,88,78.56,Highly Recommended
3320,Tata,Harrier,2019,10.4,CNG,Manual,1290,26.4,5,2,Yes,Yes,Yes,Calm,Medium,0.32,91.3,12.43,Moderate,35.8,79.5,Low,15.420280185648597,Low,28.28667317926975,74,72.26,Recommended
3321,Hyundai,Creta,2026,9.69,Diesel,Manual,998,22.1,3,6,Yes,No,Yes,Risky,Medium,0.08,82.7,11.56,Poor,34.1,73.1,Medium,53.5112265435063,High,58.6581758639888,25,45.565,Consider
3322,Tata,Harrier,2025,11.82,Petrol,Manual,998,18.2,3,4,Yes,No,Yes,Risky,High,0.45,98.3,13.04,Good,31.2,89.9,Low,6.507881175593546,High,68.79462434349797,40,51.730000000000004,Consider
3323,Mahindra,Scorpio,2026,11.0,Petrol,Manual,998,19.5,3,7,Yes,No,No,Calm,Low,0.0,96.4,11.45,Good,28.5,69.8,Low,34.29482480548021,Low,8.12308450552236,63,56.275000000000006,Consider
3324,Skoda,Kushaq,2024,11.93,CNG,Manual,998,30.1,3,4,Yes,No,Yes,Aggressive,Low,0.11,91.2,11.94,Good,31.0,83.8,Low,26.005146804832943,Low,26.951038924830986,52,62.915000000000006,Recommended
3325,Mahindra,Scorpio,2022,12.38,Petrol,Manual,2198,16.7,5,2,Yes,Yes,Yes,Calm,Low,0.0,85.3,11.37,Poor,37.6,70.0,Medium,51.644172671735404,Low,19.66894796410766,62,61.405,Recommended
3326,Kia,Sonet,2025,12.23,Diesel,Manual,1498,20.1,5,6,Yes,No,Yes,Calm,Medium,0.18,86.2,12.56,Good,31.7,97.1,Low,0.0,Low,22.229054191773024,77,68.66499999999999,Recommended
3327,Maruti Suzuki,Fronx,2019,11.39,Electric,Automatic,0,352.0,3,6,Yes,No,Yes,Aggressive,Low,0.14,89.3,12.92,Good,32.2,99.6,Low,0.0,Low,21.29242098312955,62,81.1,Highly Recommended
3328,Tata,Harrier,2024,9.16,Petrol,Manual,1497,21.6,4,2,Yes,Yes,Yes,Aggressive,Low,0.05,90.0,13.19,Good,31.9,83.2,Low,2.202494598823434,Low,18.28105237535824,77,68.89,Recommended
3329,Toyota,Hyryder,2020,12.06,Petrol,Manual,1597,10.1,4,6,Yes,Yes,No,Normal,Low,0.19,85.1,13.42,Good,31.7,89.3,Low,3.590655969623633,Low,19.305663096365322,85,64.765,Recommended
3330,Volkswagen,Taigun,2019,10.12,Petrol,Manual,998,18.0,4,6,Yes,Yes,Yes,Calm,Medium,0.32,71.3,12.86,Poor,31.3,71.1,Low,24.469384328135416,Low,25.63516792716007,64,62.5,Recommended
3331,Skoda,Slavia,2020,13.43,Petrol,Automatic,1199,12.7,4,4,Yes,Yes,Yes,Aggressive,Low,0.23,84.3,12.44,Moderate,31.7,77.7,Low,7.406029367653945,Low,27.65628643281456,71,69.85499999999999,Recommended
3332,Maruti Suzuki,Swift,2023,10.26,Petrol,Automatic,2198,26.8,5,2,Yes,Yes,Yes,Normal,Medium,0.15,85.4,12.2,Good,28.9,78.4,Low,4.787297085704191,Low,19.423562071118468,84,77.82000000000001,Highly Recommended
3333,Kia,Carens,2023,11.19,CNG,Manual,998,32.8,4,4,Yes,Yes,Yes,Calm,Medium,0.15,89.3,12.12,Good,26.8,65.9,Low,9.834828167711763,Low,22.002678387340175,79,75.47,Highly Recommended
3334,Maruti Suzuki,Brezza,2024,7.5,Electric,Manual,0,379.6,5,6,Yes,Yes,Yes,Normal,Medium,0.34,86.0,12.43,Good,25.0,63.3,Low,17.88081839740175,Low,26.415052012754586,88,88.83500000000001,Highly Recommended
3335,Toyota,Hyryder,2021,7.41,CNG,Automatic,1498,28.9,4,6,Yes,Yes,Yes,Normal,Medium,0.22,83.6,12.51,Good,28.3,81.8,Low,10.202494548753728,Low,23.15888055101371,82,81.235,Highly Recommended
3336,Hyundai,Creta,2022,14.22,CNG,Manual,1290,23.3,5,7,Yes,Yes,Yes,Normal,Medium,0.2,89.6,12.18,Poor,29.6,100.0,Low,20.143321557170893,Medium,34.33055099843495,72,70.895,Recommended
3337,Renault,Kiger,2022,9.12,Diesel,Manual,1597,20.4,5,6,Yes,Yes,Yes,Normal,Low,0.14,80.4,12.96,Good,33.8,82.3,Low,11.843486885222736,Low,17.501163895345073,92,75.46000000000001,Highly Recommended
3338,Volkswagen,Taigun,2023,11.35,Petrol,Automatic,2198,21.8,5,6,Yes,No,Yes,Risky,Low,0.07,85.7,12.51,Good,30.6,90.0,Low,0.0,Medium,32.742424228314206,74,72.57000000000001,Recommended
3339,Mahindra,Thar,2024,14.76,Petrol,Automatic,1597,16.2,3,2,Yes,No,No,Aggressive,Medium,0.1,78.5,11.75,Moderate,26.6,51.5,Medium,39.331940092783405,Medium,43.09606997264475,34,47.730000000000004,Consider
3340,Maruti Suzuki,Dzire,2022,8.95,Electric,Manual,0,320.5,5,7,Yes,No,Yes,Calm,Low,0.04,85.2,12.63,Poor,29.9,90.1,Low,24.777606742489056,Low,19.559287338854094,61,74.46875,Recommended
3341,Hyundai,Creta,2023,13.61,Petrol,Manual,1597,19.7,4,6,Yes,Yes,Yes,Risky,Medium,0.21,87.3,11.86,Good,32.1,91.7,Low,22.37893137849713,Medium,44.252151238281556,73,66.805,Recommended
3342,Renault,Triber,2019,4.62,CNG,Manual,2198,21.9,3,2,Yes,No,No,Risky,Low,0.08,97.1,12.88,Good,25.4,84.6,Low,0.0,Medium,34.06820606237058,49,54.335,Consider
3343,Skoda,Slavia,2019,9.76,Petrol,Automatic,1597,14.6,4,6,Yes,Yes,No,Normal,Low,0.09,97.1,12.04,Good,32.4,83.8,Low,33.403431528147415,Low,10.588022957554733,83,69.53999999999999,Recommended
3344,Hyundai,Verna,2019,4.5,Petrol,Manual,1199,27.4,4,2,Yes,Yes,Yes,Normal,High,0.36,85.9,12.34,Poor,35.2,87.7,Low,22.22699721287699,Medium,51.41687837006527,48,56.71,Consider
3345,Mahindra,Thar,2022,11.85,Petrol,Automatic,1199,23.7,5,6,Yes,Yes,Yes,Normal,Medium,0.13,82.6,12.16,Moderate,31.3,78.0,Low,13.656834963825693,Low,21.77915591602832,84,77.355,Highly Recommended
3346,Hyundai,Creta,2026,11.11,Diesel,Manual,1497,18.6,4,6,Yes,Yes,Yes,Calm,Low,0.17,87.7,13.33,Good,31.3,96.7,Low,0.0,Low,4.899139314241034,90,74.28999999999999,Recommended
3347,Kia,Carens,2022,16.31,Electric,Manual,0,439.7,5,7,Yes,Yes,Yes,Aggressive,Medium,0.33,82.7,11.8,Good,31.8,84.6,Low,27.645109875804295,Medium,33.7623428807363,86,88.7,Highly Recommended
3348,Toyota,Hyryder,2019,12.91,Diesel,Manual,2198,18.1,5,4,Yes,Yes,Yes,Normal,Low,0.23,90.4,12.73,Poor,32.5,61.2,Medium,38.357081854587165,Low,27.054253114447295,66,63.415,Recommended
3349,Volkswagen,Virtus,2020,7.95,Diesel,Automatic,1497,26.3,4,6,Yes,No,No,Normal,Medium,0.03,102.2,12.28,Moderate,31.6,70.3,Low,14.01028461433003,Low,25.065057634254778,60,60.945,Recommended
3350,Maruti Suzuki,Brezza,2022,11.87,Electric,Automatic,0,302.9,4,2,Yes,Yes,Yes,Normal,Low,0.16,82.6,12.12,Good,33.4,69.5,Low,11.877156236335246,Low,8.157804520575556,79,86.90875,Highly Recommended
3351,Skoda,Slavia,2025,18.69,Electric,Manual,0,340.8,4,6,Yes,No,Yes,Aggressive,Low,0.06,79.5,11.21,Good,36.3,65.3,Low,24.94277899901676,Low,28.019963788142565,63,76.13,Highly Recommended
3352,Renault,Kiger,2019,10.63,CNG,Manual,1498,23.0,4,7,Yes,Yes,Yes,Normal,Low,0.19,96.7,11.91,Moderate,32.0,76.7,Low,30.667830294060835,Low,18.733118150607226,77,73.1,Recommended
3353,Honda,City,2025,15.17,Electric,Automatic,0,338.7,4,6,Yes,Yes,No,Calm,Medium,0.3,85.6,12.89,Moderate,31.9,91.1,Low,6.266677173532562,Low,26.73121029446951,76,80.90125,Highly Recommended
3354,Honda,Elevate,2024,14.45,Electric,Manual,0,309.8,5,2,Yes,Yes,No,Risky,Low,0.18,81.2,12.12,Good,30.1,88.9,Low,5.153008709482872,Medium,38.29060443049215,78,75.7175,Highly Recommended
3355,Hyundai,Venue,2019,7.9,CNG,Automatic,2198,29.2,4,6,Yes,Yes,No,Calm,Low,0.13,81.6,12.41,Poor,29.6,69.6,Low,23.7293596009257,Low,17.610913074293414,67,68.53,Recommended
3356,Toyota,Urban Cruiser,2019,13.01,Petrol,Manual,1497,15.4,3,6,Yes,No,Yes,Calm,Medium,0.24,85.3,13.21,Poor,31.7,49.3,Medium,35.06065321491609,Medium,30.732878973003526,38,50.41,Consider
3357,Tata,Nexon,2026,9.26,CNG,Manual,1597,23.3,4,6,Yes,Yes,Yes,Normal,Medium,0.26,102.8,12.3,Good,35.2,78.8,Low,21.34742148482197,Low,27.467397981298088,79,74.045,Recommended
3358,Maruti Suzuki,Baleno,2022,4.96,Petrol,Automatic,1199,21.4,3,6,Yes,No,Yes,Normal,Medium,0.17,86.7,13.07,Good,32.6,90.4,Low,0.4177756763485334,Low,21.606717747046666,61,66.66,Recommended
3359,Mahindra,XUV 3XO,2019,12.45,Petrol,Automatic,1197,22.4,3,6,Yes,No,Yes,Calm,Medium,0.24,84.6,12.42,Moderate,33.8,73.8,Low,8.960670085151218,Low,22.510570653208816,54,63.66,Recommended
3360,Volkswagen,Taigun,2026,9.79,Petrol,Manual,1199,19.1,4,4,Yes,Yes,Yes,Calm,Low,0.0,85.3,12.22,Good,33.2,100.0,Low,0.0,Low,7.586412812407623,85,72.11500000000001,Recommended
3361,Mahindra,Thar,2026,15.28,Petrol,Manual,1199,20.6,4,4,Yes,Yes,Yes,Aggressive,Low,0.09,90.9,12.64,Good,38.0,80.6,Low,4.664316219974948,Low,17.48127475503085,81,70.54,Recommended
3362,Hyundai,Verna,2024,8.89,Petrol,Manual,1199,20.9,5,4,Yes,Yes,No,Normal,Low,0.16,88.8,11.66,Good,29.5,78.3,Low,32.41760954047341,Low,3.2267046569956843,90,68.63499999999999,Recommended
3363,Tata,Punch,2026,10.0,CNG,Manual,998,26.4,3,6,Yes,No,Yes,Calm,Low,0.19,82.1,12.76,Good,36.3,70.7,Low,9.093655638659785,Low,11.533149571269428,64,67.75999999999999,Recommended
3364,Kia,Sonet,2024,12.16,Petrol,Manual,998,14.5,3,6,Yes,No,Yes,Normal,Low,0.23,92.4,12.02,Good,31.3,75.4,Low,29.739848126694426,Low,15.140292567922899,59,59.725,Consider
3365,Volkswagen,Taigun,2023,13.8,CNG,Manual,1498,26.6,4,6,Yes,Yes,No,Normal,Medium,0.28,90.6,13.11,Moderate,31.2,72.7,Low,3.072132760273008,Medium,31.672318127855448,74,66.29,Recommended
3366,Renault,Triber,2026,11.76,Electric,Manual,0,338.6,3,2,Yes,No,Yes,Risky,Medium,0.22,87.5,12.57,Good,31.2,62.9,Low,25.397524884974043,Medium,50.427870965952366,40,65.69749999999999,Recommended
3367,Skoda,Kushaq,2019,10.4,Petrol,Manual,2198,17.7,3,6,Yes,No,Yes,Normal,Low,0.08,83.7,12.54,Poor,33.9,61.5,Low,27.61157334964369,Low,21.025250284616607,42,52.55500000000001,Consider
3368,Mahindra,XUV700,2022,8.69,Diesel,Manual,2198,22.4,4,6,Yes,Yes,Yes,Normal,Medium,0.23,79.4,13.09,Poor,33.4,77.2,Low,33.766914280812586,Medium,32.19973825367278,61,61.81,Recommended
3369,Skoda,Kushaq,2026,10.39,Petrol,Manual,1498,19.8,4,6,Yes,Yes,Yes,Normal,Low,0.2,92.5,12.56,Moderate,35.5,81.7,Low,4.700521132985442,Low,15.462410570824046,80,69.97,Recommended
3370,Volkswagen,Taigun,2019,8.68,Petrol,Manual,1597,21.1,4,6,Yes,Yes,Yes,Aggressive,Medium,0.24,99.3,11.94,Good,31.4,75.5,Low,30.784981426216124,Medium,39.36498197552556,74,67.465,Recommended
3371,Hyundai,Exter,2020,12.79,Diesel,Manual,1997,21.9,3,6,Yes,No,No,Normal,Low,0.11,96.6,13.16,Good,31.9,88.9,Low,5.337858200600062,Low,16.376217871321554,62,56.185,Consider
3372,Tata,Nexon,2019,6.59,Petrol,Manual,1197,17.6,3,2,Yes,No,Yes,Risky,Medium,0.28,87.7,12.49,Moderate,33.9,66.7,Low,16.328525175551796,Medium,50.34901633775034,35,49.39,Consider
3373,Mahindra,XUV 3XO,2019,10.44,Petrol,Manual,2198,14.1,4,2,Yes,Yes,Yes,Calm,Medium,0.16,91.4,11.84,Good,32.9,84.1,Low,25.671048089083637,Low,25.127077677702893,71,65.065,Recommended
3374,Hyundai,Exter,2025,8.54,Diesel,Manual,998,18.3,5,6,Yes,Yes,No,Normal,Low,0.04,94.2,12.67,Moderate,35.7,59.9,Low,16.393793205617538,Low,19.13509534379692,85,65.995,Recommended
3375,Skoda,Kushaq,2022,9.13,Petrol,Manual,1199,21.9,5,2,Yes,Yes,No,Normal,High,0.53,85.6,12.5,Good,38.0,85.0,Low,5.142489205962372,Medium,46.28145881912339,75,62.035,Recommended
3376,Tata,Nexon,2022,4.88,Diesel,Manual,2198,19.5,4,6,Yes,Yes,Yes,Normal,High,0.34,91.9,11.91,Good,27.9,100.0,Low,24.373594180649903,Medium,37.92991472340411,75,67.675,Recommended
3377,Honda,Elevate,2025,13.78,Diesel,Manual,1197,21.0,5,4,Yes,Yes,Yes,Aggressive,Medium,0.12,80.6,13.17,Good,30.9,66.0,Low,13.966495305913412,Medium,33.517428036254586,82,71.05,Recommended
3378,Maruti Suzuki,Fronx,2019,4.5,Petrol,Automatic,998,23.7,4,7,Yes,Yes,Yes,Normal,Low,0.15,107.4,12.1,Good,34.4,70.0,Low,29.650152864929343,Low,9.353355769657018,86,78.255,Highly Recommended
3379,Kia,Sonet,2025,21.38,Diesel,Automatic,1497,25.9,2,6,Yes,No,Yes,Normal,Low,0.25,89.4,12.72,Good,35.8,59.5,Low,10.851094677161885,Low,18.42461861076598,53,63.735,Recommended
3380,Hyundai,i20,2023,8.16,Petrol,Manual,1498,21.5,5,6,Yes,Yes,Yes,Normal,Medium,0.13,96.1,12.03,Moderate,32.1,49.5,Medium,35.4913087013188,Low,28.018565149220215,79,69.775,Recommended
3381,Skoda,Kushaq,2021,13.54,Petrol,Manual,1290,22.3,4,6,Yes,Yes,Yes,Calm,Low,0.1,91.7,11.57,Good,31.9,35.7,Medium,44.19997879149345,Low,6.266851118981503,83,71.695,Recommended
3382,Volkswagen,Virtus,2020,10.33,CNG,Manual,2198,25.8,5,7,Yes,Yes,Yes,Risky,Medium,0.13,67.8,12.91,Moderate,30.7,27.4,Low,23.057205270698454,Medium,50.69444856318482,75,72.62,Recommended
3383,Mahindra,XUV700,2023,10.24,Petrol,Automatic,1497,16.1,2,6,Yes,No,Yes,Normal,Low,0.21,86.2,11.29,Good,29.1,99.5,Low,18.320930447072357,Low,17.565361159786907,52,61.815,Recommended
3384,Toyota,Innova,2025,14.17,CNG,Automatic,1997,28.8,4,6,Yes,Yes,Yes,Normal,Low,0.12,87.2,13.02,Good,27.8,70.6,Low,7.223798906751514,Low,18.293226546105704,85,82.57,Highly Recommended
3385,Tata,Nexon,2026,4.98,Petrol,Manual,998,13.8,5,6,Yes,Yes,Yes,Normal,Low,0.17,88.7,12.81,Moderate,34.1,85.7,Low,10.515489249312973,Low,21.358978191267,85,71.32,Recommended
3386,Kia,Carens,2026,11.83,Petrol,Automatic,1290,22.5,5,2,Yes,Yes,No,Calm,Medium,0.19,82.1,12.01,Good,28.5,100.0,Low,28.340533991410823,Low,23.422695510754934,80,69.375,Recommended
3387,Renault,Triber,2024,10.57,Electric,Automatic,0,310.4,4,6,Yes,Yes,No,Risky,Low,0.11,90.7,12.62,Good,30.8,68.0,Low,3.2000950894155835,Medium,35.08369177621997,79,81.19,Highly Recommended
3388,Kia,Carens,2024,15.79,Petrol,Manual,1597,17.5,4,6,Yes,Yes,Yes,Normal,Low,0.14,98.8,12.52,Moderate,31.4,68.9,Low,12.783862555094636,Low,25.097047655914526,75,67.375,Recommended
3389,Renault,Kwid,2022,9.6,Petrol,Manual,1597,16.8,4,6,Yes,Yes,No,Normal,Low,0.09,91.8,12.7,Good,34.4,74.9,Low,12.585794772033083,Low,6.495423446420137,88,67.12,Recommended
3390,Mahindra,Thar,2019,13.68,Petrol,Manual,1597,23.0,4,6,Yes,Yes,Yes,Normal,High,0.45,96.9,12.02,Good,30.1,65.9,Low,33.901883268298114,Medium,41.07881207139877,73,67.30000000000001,Recommended
3391,Mahindra,XUV 3XO,2024,20.11,Electric,Automatic,0,359.8,4,4,Yes,Yes,No,Aggressive,Low,0.17,81.7,12.1,Good,31.6,67.8,Low,8.618113680050943,Low,26.20402300234584,78,82.5925,Highly Recommended
3392,Kia,Carens,2021,5.94,Petrol,Automatic,1597,19.2,4,6,Yes,Yes,Yes,Normal,Medium,0.27,106.7,12.17,Good,31.7,73.5,Low,17.70606032450958,Low,26.043041216663354,80,74.88,Recommended
3393,Hyundai,i20,2020,6.49,Petrol,Manual,1498,22.6,5,6,Yes,Yes,Yes,Risky,Medium,0.17,103.0,12.73,Good,27.4,67.9,Low,21.91518816276973,Medium,39.46678858678289,83,71.74000000000001,Recommended
3394,Mahindra,Scorpio,2024,9.48,Petrol,Manual,1197,13.0,5,2,Yes,Yes,Yes,Normal,Low,0.11,90.1,12.01,Good,37.1,85.3,Low,31.440752381690654,Low,13.561470115599908,83,70.30000000000001,Recommended
3395,Renault,Triber,2019,10.57,CNG,Automatic,1997,22.5,5,4,Yes,Yes,Yes,Aggressive,Low,0.13,88.6,12.24,Poor,37.0,61.2,Low,33.75191631355954,Medium,32.985866396270765,64,72.175,Recommended
3396,Hyundai,Venue,2021,7.88,Petrol,Manual,1497,16.3,5,6,Yes,Yes,Yes,Calm,Medium,0.15,84.0,13.42,Moderate,34.4,81.8,Low,0.0,Low,22.461774106871527,86,72.14500000000001,Recommended
3397,Kia,Sonet,2023,8.45,CNG,Manual,1498,22.2,4,2,Yes,Yes,Yes,Normal,Low,0.16,88.9,12.57,Moderate,32.4,34.1,Low,29.28583785134392,Low,12.85520103282893,69,69.38,Recommended
3398,Mahindra,XUV 3XO,2020,14.02,Petrol,Manual,1290,20.6,4,2,Yes,Yes,No,Calm,Low,0.0,89.8,12.54,Good,36.3,100.0,Low,4.5721819616018475,Low,9.569891025611593,80,64.09,Recommended
3399,Volkswagen,Virtus,2026,17.71,Electric,Manual,0,353.9,4,6,Yes,No,Yes,Normal,Low,0.13,80.9,13.13,Moderate,35.6,57.9,Low,7.252187428690377,Low,16.255589353391372,64,77.07124999999999,Highly Recommended
3400,Renault,Triber,2023,10.63,Diesel,Manual,1199,16.0,4,4,Yes,Yes,Yes,Aggressive,Low,0.19,83.3,12.34,Moderate,35.4,63.9,Low,0.7663719509095248,Low,28.105969428135484,72,65.8,Recommended
3401,Skoda,Slavia,2025,14.06,CNG,Manual,2198,21.4,5,2,Yes,Yes,Yes,Calm,Low,0.08,79.9,11.85,Good,30.2,82.2,Low,15.598403750912002,Low,9.490069317737454,86,76.91,Highly Recommended
3402,Honda,Amaze,2020,10.38,Electric,Manual,0,385.6,2,6,Yes,No,No,Normal,High,0.42,89.5,13.24,Good,33.4,64.9,Low,1.5840773470088454,Medium,48.31167298619167,44,63.260000000000005,Recommended
3403,Skoda,Slavia,2019,16.97,Electric,Automatic,0,365.9,5,6,Yes,Yes,Yes,Calm,High,0.31,83.1,12.43,Moderate,32.1,73.1,Low,14.696454215258683,Medium,41.554178176763095,77,88.37125,Highly Recommended
3404,Renault,Triber,2021,4.83,Petrol,Manual,1497,21.6,4,4,Yes,Yes,No,Normal,High,0.27,83.7,12.21,Good,31.5,69.5,Low,17.471258993419948,Medium,43.920860030694065,70,59.74,Consider
3405,Mahindra,Scorpio,2024,10.59,Petrol,Manual,1199,22.5,4,6,Yes,Yes,No,Calm,Low,0.0,87.5,12.67,Good,30.0,61.1,Low,11.734352237600815,Low,1.543082496023902,90,68.875,Recommended
3406,Toyota,Innova,2021,16.18,Diesel,Manual,1597,22.9,5,6,Yes,Yes,Yes,Normal,Low,0.19,85.8,12.76,Good,34.2,97.3,Low,1.7213040997870048,Low,14.639336540690568,95,77.185,Highly Recommended
3407,Kia,Sonet,2025,15.84,Petrol,Manual,998,20.6,4,2,Yes,Yes,Yes,Normal,Medium,0.28,86.5,12.76,Poor,29.6,82.0,Low,26.381701820882498,Medium,39.55077317420547,51,57.04,Consider
3408,Toyota,Urban Cruiser,2022,11.93,Petrol,Manual,1199,27.0,3,6,Yes,No,Yes,Calm,Low,0.0,81.4,12.6,Good,33.6,100.0,Low,0.0,Low,15.2567624215704,64,63.85,Recommended
3409,Kia,Seltos,2022,8.14,Petrol,Manual,1997,21.0,4,2,Yes,Yes,Yes,Calm,High,0.18,88.1,12.71,Good,32.8,96.0,Low,0.0,Medium,40.43586083271646,70,65.65,Recommended
3410,Renault,Kwid,2023,10.13,Petrol,Manual,1197,16.8,5,2,Yes,Yes,No,Normal,High,0.24,91.9,12.85,Good,31.9,100.0,Low,0.0,Low,28.19905873984144,82,64.42,Recommended
3411,Skoda,Kushaq,2022,17.56,Electric,Manual,0,368.7,3,2,Yes,No,No,Aggressive,Low,0.08,88.1,12.8,Good,34.9,76.7,Low,13.219567308368802,Low,17.936476045391636,53,66.67625000000001,Recommended
3412,Toyota,Glanza,2020,13.34,Petrol,Manual,1290,14.8,4,6,Yes,Yes,Yes,Normal,Low,0.19,92.3,12.87,Good,34.9,55.6,Low,9.412045522381472,Low,13.717675245447438,86,71.92,Recommended
3413,Volkswagen,Taigun,2019,6.54,Petrol,Manual,1199,18.9,4,6,Yes,No,No,Risky,Low,0.21,92.3,12.16,Good,34.4,51.3,Low,24.81284879518139,Medium,34.77517582018114,61,55.285,Consider
3414,Maruti Suzuki,Fronx,2023,9.59,Electric,Manual,0,299.9,2,4,Yes,No,Yes,Normal,Low,0.18,82.5,12.16,Moderate,33.9,80.7,Low,3.9838726447942494,Low,19.534356084932945,44,66.04625,Recommended
3415,Tata,Harrier,2024,9.43,Petrol,Manual,1597,20.9,5,4,Yes,Yes,No,Normal,High,0.35,97.0,12.12,Good,30.8,65.3,Low,20.684955236575185,Medium,41.78561644313071,78,63.235,Recommended
3416,Honda,Elevate,2024,9.73,CNG,Automatic,2198,30.2,3,6,Yes,No,Yes,Aggressive,Low,0.07,88.1,12.41,Good,30.0,72.3,Low,12.588706959386572,Low,13.3224682043185,62,72.43,Recommended
3417,Kia,Carens,2019,13.87,Electric,Automatic,0,315.9,3,4,Yes,No,Yes,Normal,High,0.48,89.4,11.99,Good,36.1,74.2,Low,30.85992218351886,Medium,41.547519020895976,46,72.54625,Recommended
3418,Volkswagen,Virtus,2019,4.91,Petrol,Manual,998,22.4,4,6,Yes,Yes,Yes,Calm,Low,0.15,78.2,13.44,Good,38.0,45.6,Low,19.380405466066975,Low,3.3697074519288455,88,73.96000000000001,Recommended
3419,Renault,Triber,2022,7.6,Petrol,Manual,1997,23.3,4,6,Yes,Yes,Yes,Aggressive,Low,0.17,91.2,13.18,Good,30.4,76.6,Low,7.778878779672636,Low,27.85145981806311,81,70.945,Recommended
3420,Toyota,Urban Cruiser,2025,17.59,Petrol,Manual,1290,22.6,5,6,Yes,Yes,Yes,Aggressive,Medium,0.17,90.2,12.54,Good,32.3,73.8,Low,13.8886386250028,Medium,30.930007010236814,87,73.53999999999999,Recommended
3421,Toyota,Innova,2025,13.96,Petrol,Automatic,1199,17.8,4,6,Yes,Yes,Yes,Aggressive,Medium,0.28,90.9,11.72,Good,30.7,59.8,Medium,36.066581372692575,Medium,34.102585725938425,75,72.42,Recommended
3422,Toyota,Innova,2020,11.21,Petrol,Manual,998,22.3,5,4,Yes,Yes,Yes,Normal,Low,0.18,87.3,12.17,Moderate,30.4,91.5,Low,7.551997822014896,Low,14.806109819833509,84,72.14500000000001,Recommended
3423,Skoda,Kushaq,2019,13.45,Electric,Manual,0,350.0,5,4,Yes,Yes,Yes,Normal,Low,0.11,92.9,12.7,Moderate,34.1,75.5,Low,9.250815221407919,Low,20.272169369026454,82,85.025,Highly Recommended
3424,Tata,Punch,2023,12.75,Petrol,Manual,1497,15.5,4,4,Yes,Yes,No,Risky,Low,0.1,89.0,12.77,Good,34.1,92.9,Low,0.0,Medium,39.4514604216501,74,60.62500000000001,Recommended
3425,Maruti Suzuki,Dzire,2026,5.82,Petrol,Manual,2198,24.4,3,2,Yes,No,Yes,Calm,Low,0.11,87.1,13.73,Poor,28.5,69.6,Low,27.479388605746315,Low,20.37143771124148,35,50.41,Consider
3426,Kia,Carens,2023,10.66,Petrol,Automatic,1498,18.1,5,6,Yes,Yes,Yes,Aggressive,High,0.42,96.6,11.57,Moderate,31.8,91.8,Low,23.297048223255317,Medium,54.04574276619616,72,71.11500000000001,Recommended
3427,Tata,Harrier,2026,13.03,Petrol,Manual,1290,17.3,5,6,Yes,Yes,Yes,Aggressive,Low,0.3,83.4,12.77,Good,29.1,83.6,Low,12.503492500620553,Low,26.05276122204283,89,73.64500000000001,Recommended
3428,Skoda,Slavia,2022,14.55,Electric,Manual,0,452.1,5,4,Yes,No,Yes,Normal,Medium,0.21,86.7,12.95,Good,29.9,95.0,Low,1.3474307407130706,Low,26.646899774421446,71,81.95,Highly Recommended
3429,Toyota,Innova,2026,14.08,CNG,Automatic,1290,26.8,5,2,Yes,Yes,No,Risky,Low,0.04,86.9,13.08,Good,35.7,99.3,Low,1.858633742180769,Low,21.669277234022395,84,75.82000000000001,Highly Recommended
3430,Skoda,Slavia,2021,13.54,Petrol,Manual,2198,17.6,4,6,Yes,Yes,Yes,Aggressive,Low,0.21,88.7,11.92,Moderate,29.8,77.4,Low,33.76383122553467,Low,29.89198603445095,70,65.14,Recommended
3431,Hyundai,Verna,2019,10.76,Petrol,Automatic,1498,15.5,4,6,Yes,Yes,Yes,Normal,Low,0.2,89.7,12.44,Moderate,35.2,94.3,Low,0.0,Low,20.938657279009764,79,73.875,Recommended
3432,Hyundai,Venue,2019,7.33,Diesel,Manual,1997,22.4,5,6,Yes,Yes,Yes,Aggressive,Low,0.05,94.3,12.81,Moderate,33.3,63.5,Low,15.320947024089149,Medium,36.52943570260174,79,69.91,Recommended
3433,Maruti Suzuki,Baleno,2020,7.87,Diesel,Manual,1498,15.2,5,2,Yes,Yes,Yes,Risky,Medium,0.16,103.9,11.89,Good,30.5,75.9,Medium,43.66706147952857,Medium,45.64955396885621,69,64.33,Recommended
3434,Kia,Sonet,2025,9.41,CNG,Manual,1497,24.8,3,4,Yes,No,Yes,Normal,Low,0.0,85.3,12.91,Moderate,36.9,84.4,Low,5.083144629607545,Low,15.69501817855625,53,62.57,Recommended
3435,Mahindra,Scorpio,2026,15.29,Diesel,Manual,1498,22.4,4,6,Yes,No,Yes,Normal,Medium,0.24,85.7,12.82,Good,28.3,78.9,Low,11.041984444093522,Low,22.963659537477135,67,64.51,Recommended
3436,Volkswagen,Virtus,2022,11.37,Diesel,Manual,1199,23.6,5,6,Yes,Yes,No,Normal,Medium,0.08,90.6,12.14,Good,32.2,52.3,Low,29.370588646645515,Low,18.664995779810905,89,68.59,Recommended
3437,Honda,Elevate,2024,13.72,Petrol,Manual,1199,21.9,4,4,Yes,Yes,Yes,Calm,High,0.42,87.5,12.54,Good,28.0,75.5,Low,6.869690277503812,Medium,39.55569276046955,73,67.13499999999999,Recommended
3438,Mahindra,XUV 3XO,2022,10.22,Petrol,Manual,1997,21.2,4,6,Yes,Yes,Yes,Normal,High,0.39,86.3,12.32,Good,33.8,66.5,Low,11.08079624567228,Medium,49.98979248505962,73,67.03,Recommended
3439,Maruti Suzuki,Fronx,2026,7.29,Diesel,Manual,1197,27.2,3,4,Yes,No,Yes,Normal,Low,0.19,99.4,12.77,Good,32.4,40.5,Low,21.913367051029148,Low,7.804142754793853,59,61.63,Recommended
3440,Tata,Harrier,2020,11.14,CNG,Automatic,1997,25.8,3,7,Yes,No,Yes,Normal,Low,0.05,75.9,12.03,Good,31.0,94.1,Low,18.97213930216907,Low,10.95190331965138,64,72.67,Recommended
3441,Tata,Nexon,2020,10.23,Petrol,Manual,998,16.1,4,6,Yes,Yes,Yes,Normal,Medium,0.18,79.4,11.7,Moderate,32.7,74.2,Low,30.783110509765987,Medium,30.461140328041584,71,65.36500000000001,Recommended
3442,Skoda,Slavia,2026,15.61,Petrol,Automatic,1199,17.8,4,2,Yes,Yes,Yes,Normal,Low,0.0,88.4,12.0,Good,28.1,77.5,Low,28.16417050755986,Low,5.412083145818136,78,73.77000000000001,Recommended
3443,Mahindra,Scorpio,2025,15.42,Petrol,Manual,998,15.3,4,6,Yes,Yes,Yes,Normal,Low,0.18,89.5,12.91,Good,31.4,73.2,Low,5.529075926586422,Low,9.065260865973805,88,72.89500000000001,Recommended
3444,Skoda,Slavia,2022,13.0,Petrol,Automatic,1997,21.6,3,6,Yes,No,Yes,Aggressive,Low,0.2,83.5,12.27,Good,30.0,59.0,Low,17.29033627174805,Low,28.830104319513005,56,64.44,Recommended
3445,Kia,Seltos,2026,13.15,Diesel,Manual,998,19.8,5,2,Yes,Yes,Yes,Normal,High,0.16,95.4,12.86,Poor,34.8,91.7,Low,22.95392877597671,Medium,38.99031669966055,60,60.97,Recommended
3446,Honda,Elevate,2021,13.39,Petrol,Automatic,1497,18.7,4,6,Yes,Yes,No,Normal,Medium,0.27,85.9,12.36,Good,33.4,71.8,Low,12.774785343008011,Low,26.018977459792776,81,69.255,Recommended
3447,Toyota,Urban Cruiser,2025,12.87,CNG,Automatic,1997,24.3,4,6,Yes,Yes,Yes,Normal,Low,0.19,93.5,13.0,Good,38.0,81.3,Low,4.507923723415888,Low,23.31583059166417,83,80.995,Highly Recommended
3448,Renault,Triber,2026,12.75,Petrol,Manual,1290,13.0,5,6,Yes,Yes,Yes,Normal,Low,0.22,80.2,11.97,Good,30.3,69.3,Low,29.401258318818645,Low,17.464324177287423,89,73.0,Recommended
3449,Kia,Sonet,2026,7.86,Petrol,Manual,1197,19.4,3,7,Yes,No,No,Aggressive,Medium,0.24,89.8,12.44,Good,31.8,48.7,Low,19.581027529553822,Medium,37.76654280309499,55,52.66,Consider
3450,Volkswagen,Virtus,2019,8.27,Petrol,Manual,1597,26.9,5,4,Yes,Yes,Yes,Normal,High,0.42,101.7,12.58,Good,34.2,96.7,Low,4.098706150308265,Medium,44.007107696735744,80,71.035,Recommended
3451,Toyota,Glanza,2020,8.78,CNG,Automatic,1290,25.3,5,4,Yes,Yes,Yes,Calm,Medium,0.2,88.3,13.16,Good,30.4,89.7,Low,6.872037072175885,Low,16.802919977670314,89,83.845,Highly Recommended
3452,Mahindra,Scorpio,2021,12.8,Petrol,Manual,998,18.4,5,7,Yes,Yes,Yes,Normal,Low,0.12,99.4,12.32,Good,30.9,75.2,Low,17.23014924795071,Low,12.90288770790548,95,76.50999999999999,Highly Recommended
3453,Maruti Suzuki,Fronx,2019,6.24,Petrol,Automatic,1997,16.8,5,2,Yes,Yes,Yes,Normal,Low,0.17,90.2,12.37,Good,34.8,56.8,Low,8.540641113897466,Low,15.725042563536313,85,76.77000000000001,Highly Recommended
3454,Honda,Amaze,2025,12.42,Petrol,Automatic,1997,13.5,5,6,Yes,Yes,Yes,Aggressive,Medium,0.2,77.8,12.32,Good,31.8,96.1,Low,0.0,Medium,37.84263912977712,87,77.175,Highly Recommended
3455,Renault,Kiger,2023,8.43,Petrol,Automatic,1997,12.7,5,6,Yes,Yes,Yes,Aggressive,Low,0.27,92.1,12.65,Good,31.2,82.2,Low,2.3952331541556733,Low,17.133612232104696,94,80.20500000000001,Highly Recommended
3456,Hyundai,Verna,2026,10.83,Diesel,Manual,998,16.3,4,4,Yes,Yes,Yes,Calm,Low,0.0,91.8,12.76,Good,32.1,63.9,Low,18.241817884902506,Low,19.163089529673464,79,68.995,Recommended
3457,Hyundai,Verna,2025,10.82,Petrol,Manual,2198,14.6,4,4,Yes,Yes,Yes,Aggressive,Low,0.19,86.7,11.74,Good,28.2,69.8,Low,29.516467726253875,Low,20.416881143426917,76,67.39,Recommended
3458,Tata,Curvv,2021,9.31,Petrol,Manual,1497,13.0,4,4,Yes,Yes,No,Normal,Low,0.13,78.7,12.81,Good,30.5,71.9,Low,4.473558148454848,Low,12.17391037996684,83,64.30000000000001,Recommended
3459,Hyundai,i20,2021,14.65,Electric,Manual,0,213.6,4,6,Yes,No,Yes,Normal,Medium,0.16,95.9,13.71,Good,32.5,69.7,Low,18.861225046091256,Low,19.127135579866962,67,73.16,Recommended
3460,Skoda,Kushaq,2022,12.04,Electric,Manual,0,431.2,4,6,Yes,Yes,Yes,Aggressive,High,0.56,95.3,12.53,Moderate,31.8,62.6,Low,8.55516909188723,Medium,54.97794126326103,65,79.25,Highly Recommended
3461,Honda,Amaze,2021,12.51,Diesel,Automatic,2198,19.2,4,6,Yes,No,Yes,Normal,Low,0.11,72.7,12.29,Moderate,30.7,60.4,Low,12.638455118656402,Low,17.33913644150766,63,67.23,Recommended
3462,Renault,Kwid,2019,4.73,Petrol,Manual,1290,15.6,5,6,Yes,Yes,Yes,Normal,Low,0.24,92.2,12.26,Moderate,36.2,87.1,Low,1.479641566425495,Low,20.064974541234395,87,72.49,Recommended
3463,Mahindra,Thar,2026,17.19,Petrol,Manual,1498,18.2,4,6,Yes,Yes,Yes,Normal,Medium,0.23,86.6,12.52,Moderate,30.8,83.5,Low,14.194451956768198,Low,24.45481827481555,75,67.47999999999999,Recommended
3464,Hyundai,Venue,2019,4.5,Petrol,Manual,2198,25.2,5,6,Yes,Yes,No,Normal,High,0.35,87.8,11.96,Good,30.3,72.6,Medium,36.82452324057953,Medium,36.38217272554367,82,65.68,Recommended
3465,Skoda,Slavia,2021,11.98,Petrol,Automatic,1197,24.3,4,7,Yes,Yes,Yes,Normal,Low,0.11,90.0,12.55,Moderate,33.2,86.4,Low,7.545638392269,Low,19.668063545883086,80,75.64500000000001,Highly Recommended
3466,Renault,Kwid,2026,12.26,Petrol,Automatic,1498,24.5,4,6,Yes,Yes,Yes,Aggressive,Medium,0.3,98.7,12.22,Moderate,35.4,83.3,Low,7.262541525021161,Medium,43.060271348287614,70,71.175,Recommended
3467,Maruti Suzuki,Brezza,2021,7.88,Petrol,Manual,2198,17.3,4,7,Yes,Yes,Yes,Normal,Medium,0.28,79.4,11.74,Poor,33.1,93.5,Medium,47.04042051954167,Medium,34.593932009714365,60,60.595,Recommended
3468,Toyota,Glanza,2025,17.52,Petrol,Automatic,1197,15.9,4,4,Yes,Yes,Yes,Normal,Low,0.05,78.3,12.47,Moderate,27.8,78.5,Low,6.201219879054712,Low,11.965348580040262,77,73.035,Recommended
3469,Toyota,Urban Cruiser,2019,12.37,Diesel,Manual,1290,26.2,4,6,Yes,No,Yes,Normal,Medium,0.27,83.8,12.42,Good,33.4,79.0,Low,6.778986055945476,Low,23.60776603782742,68,65.53,Recommended
3470,Renault,Kiger,2023,4.5,Petrol,Automatic,2198,20.2,4,6,Yes,Yes,Yes,Normal,Low,0.02,86.3,12.94,Good,33.8,68.3,Low,3.2455427688397647,Low,13.172921587821827,87,78.18,Highly Recommended
3471,Mahindra,Thar,2019,9.27,Diesel,Automatic,1199,20.8,4,6,Yes,Yes,Yes,Aggressive,High,0.62,84.7,13.31,Good,31.0,77.9,Low,12.249157927601349,Medium,53.926981750966256,71,71.07,Recommended
3472,Honda,Elevate,2026,10.34,Petrol,Manual,1498,20.4,3,6,Yes,No,Yes,Aggressive,Low,0.12,87.3,12.29,Good,31.0,74.1,Low,8.538851456999277,Low,17.025891863314744,62,61.96,Recommended
3473,Skoda,Kushaq,2024,20.43,Electric,Manual,0,410.4,4,6,Yes,Yes,Yes,Normal,Low,0.13,84.2,12.59,Good,32.4,78.3,Low,7.778290382196371,Low,20.345334982216297,84,87.80000000000001,Highly Recommended
3474,Hyundai,Verna,2026,13.47,Petrol,Automatic,1997,21.3,3,2,Yes,No,Yes,Aggressive,Low,0.02,78.4,12.46,Good,33.0,95.9,Low,0.0,Low,18.44593960837553,55,63.945,Recommended
3475,Kia,Sonet,2021,11.55,Diesel,Automatic,1199,20.6,5,4,Yes,Yes,Yes,Normal,Low,0.0,85.7,11.85,Moderate,32.0,91.1,Low,26.909794436418178,Low,19.915440489897055,79,74.64000000000001,Recommended
3476,Hyundai,Exter,2021,12.83,Electric,Manual,0,414.7,3,4,Yes,No,Yes,Calm,Medium,0.26,95.8,12.99,Good,33.8,100.0,Low,10.069903829862941,Low,25.28314607050832,55,74.75,Recommended
3477,Tata,Nexon,2019,13.59,Petrol,Automatic,1199,17.7,3,4,Yes,No,Yes,Calm,Medium,0.11,80.0,12.54,Moderate,32.0,63.2,Low,10.128137114978303,Low,24.002472932848686,49,60.705,Recommended
3478,Toyota,Innova,2024,18.57,Petrol,Automatic,1199,15.3,5,6,Yes,Yes,Yes,Normal,Low,0.11,82.8,12.57,Good,31.1,88.9,Low,5.1182476860671855,Low,18.079645974618167,93,80.14500000000001,Highly Recommended
3479,Maruti Suzuki,Fronx,2025,5.93,CNG,Manual,1498,27.8,5,6,Yes,Yes,No,Risky,Low,0.0,86.1,12.43,Good,30.3,70.9,Low,14.773687290535637,Low,28.646649432449927,88,72.77000000000001,Recommended
3480,Skoda,Slavia,2026,12.58,Petrol,Manual,2198,18.0,3,2,Yes,No,Yes,Calm,Low,0.06,84.8,12.19,Good,37.3,75.4,Low,12.761119326355914,Low,12.447780597040195,55,58.45,Consider
3481,Volkswagen,Taigun,2023,14.99,Petrol,Manual,1199,25.2,4,4,Yes,No,Yes,Normal,Medium,0.08,85.7,12.04,Moderate,30.8,96.0,Low,18.19341349960097,Low,27.115643857364276,55,59.53,Consider
3482,Honda,Amaze,2020,14.61,Diesel,Manual,1997,21.9,4,2,Yes,Yes,Yes,Normal,Low,0.12,75.9,12.24,Moderate,31.9,68.4,Low,11.685602821570576,Low,11.615211304666662,72,66.685,Recommended
3483,Toyota,Hyryder,2020,13.58,CNG,Manual,1597,23.2,4,2,Yes,Yes,Yes,Aggressive,Medium,0.23,94.7,12.53,Good,36.6,54.6,Low,19.53274870213179,Medium,34.43966750976533,69,69.53,Recommended
3484,Honda,Elevate,2020,8.31,Diesel,Automatic,1597,20.8,5,6,Yes,Yes,Yes,Normal,High,0.37,90.6,11.99,Moderate,34.6,100.0,Low,21.249314132676467,Medium,41.05085887769841,76,73.32,Recommended
3485,Kia,Seltos,2023,11.69,Petrol,Manual,1498,18.6,4,4,Yes,Yes,Yes,Aggressive,Medium,0.23,73.7,12.65,Moderate,34.9,76.4,Low,9.82079185333984,Medium,42.02918142881418,66,63.49,Recommended
3486,Toyota,Glanza,2019,11.08,Diesel,Manual,1597,20.9,5,4,Yes,Yes,No,Normal,Medium,0.3,93.5,12.27,Moderate,33.6,100.0,Low,9.225403427144997,Medium,32.59917894238418,77,62.785,Recommended
3487,Maruti Suzuki,Brezza,2026,16.67,Electric,Manual,0,293.0,5,4,Yes,Yes,Yes,Normal,Low,0.12,79.7,13.28,Good,35.1,76.3,Low,10.645520190033888,Low,7.191934774482423,92,87.38749999999999,Highly Recommended
3488,Tata,Altroz,2026,11.04,Petrol,Automatic,1197,22.9,5,2,Yes,Yes,No,Normal,Medium,0.31,88.2,12.69,Good,29.9,67.9,Low,14.121528883566974,Low,22.625976867361587,82,70.33500000000001,Recommended
3489,Toyota,Hyryder,2023,14.02,Petrol,Automatic,1497,18.3,5,4,Yes,Yes,No,Normal,Low,0.03,71.3,12.37,Good,35.5,77.7,Low,9.354000151296065,Low,12.66253219453905,90,73.245,Recommended
3490,Skoda,Kushaq,2019,12.2,Diesel,Automatic,998,18.7,4,6,Yes,Yes,Yes,Aggressive,Low,0.21,77.5,13.23,Good,33.8,62.2,Low,12.48479775951309,Low,22.53597779252485,82,75.705,Highly Recommended
3491,Tata,Punch,2021,11.09,CNG,Manual,1197,26.1,5,4,Yes,Yes,Yes,Normal,Low,0.11,85.8,12.26,Good,31.7,75.6,Low,4.6193064486517255,Low,10.62557004262633,92,80.315,Highly Recommended
3492,Tata,Nexon,2025,12.75,Petrol,Automatic,998,22.2,5,6,Yes,Yes,Yes,Normal,Medium,0.14,92.6,12.78,Good,34.8,72.3,Low,4.584580681046839,Low,19.60332556130544,92,80.72999999999999,Highly Recommended
3493,Maruti Suzuki,Brezza,2021,9.59,Petrol,Automatic,1199,22.7,3,6,Yes,No,Yes,Calm,Low,0.08,87.0,12.78,Good,33.2,65.1,Low,6.113295528742398,Low,3.318145494554569,67,69.555,Recommended
3494,Hyundai,Exter,2022,12.68,Petrol,Automatic,1997,19.7,4,4,Yes,Yes,Yes,Normal,Medium,0.14,89.3,12.61,Good,31.8,65.4,Low,14.493348329412536,Low,14.986014618539624,81,75.405,Highly Recommended
3495,Maruti Suzuki,Brezza,2020,4.5,Diesel,Automatic,1199,20.7,5,2,Yes,Yes,Yes,Normal,Low,0.15,89.5,12.78,Moderate,31.6,50.6,Low,13.615445503713808,Low,12.096448729424967,80,75.10499999999999,Highly Recommended
3496,Mahindra,XUV 3XO,2024,12.23,Petrol,Manual,998,22.8,4,7,Yes,Yes,Yes,Calm,High,0.34,97.6,12.9,Moderate,34.2,77.8,Low,6.933342725753602,Medium,40.24273486753614,73,67.27000000000001,Recommended
3497,Hyundai,Venue,2026,7.85,Petrol,Automatic,1997,18.1,4,6,Yes,Yes,Yes,Calm,Low,0.15,91.3,12.03,Good,29.6,89.9,Low,21.816038607281072,Low,9.425618362030752,85,76.965,Highly Recommended
3498,Kia,Sonet,2019,11.68,CNG,Manual,2198,30.0,4,6,Yes,Yes,Yes,Calm,Low,0.06,86.3,11.52,Good,27.0,79.8,Low,24.406697794381166,Low,6.862733251039635,86,78.2,Highly Recommended
3499,Volkswagen,Taigun,2023,12.73,Petrol,Manual,1290,20.3,5,6,Yes,Yes,No,Normal,Low,0.1,82.9,11.9,Moderate,32.0,87.9,Low,23.984257364856933,Low,20.489038648208084,83,65.39500000000001,Recommended
3500,Renault,Kiger,2025,7.44,CNG,Manual,1597,27.7,4,7,Yes,Yes,Yes,Normal,Low,0.16,96.5,13.25,Good,30.2,85.0,Low,6.55977198036556,Low,10.780719071583315,89,79.20500000000001,Highly Recommended
3501,Mahindra,XUV700,2024,14.11,CNG,Manual,1597,27.4,4,2,Yes,Yes,Yes,Normal,Low,0.24,82.4,12.03,Moderate,31.5,96.1,Low,19.968849517646078,Low,22.380823371567637,67,69.26,Recommended
3502,Skoda,Slavia,2024,20.19,Diesel,Manual,1997,24.0,4,6,Yes,Yes,Yes,Normal,Low,0.08,92.0,13.67,Good,33.6,100.0,Low,0.0,Low,13.403297878058963,87,73.75,Recommended
3503,Mahindra,XUV700,2026,19.13,Electric,Automatic,0,292.6,4,6,Yes,Yes,No,Risky,Medium,0.26,97.7,13.13,Good,34.7,74.4,Low,16.898065938956595,Medium,44.24379040333692,74,78.27250000000001,Highly Recommended
3504,Maruti Suzuki,Brezza,2026,14.02,Electric,Manual,0,305.0,5,6,Yes,Yes,Yes,Normal,Medium,0.24,97.4,12.4,Moderate,33.0,46.1,Low,26.75386676395403,Medium,33.03098654006436,78,81.5375,Highly Recommended
3505,Toyota,Innova,2022,12.83,Diesel,Automatic,1497,16.3,4,6,Yes,Yes,Yes,Aggressive,Low,0.14,76.5,12.5,Good,31.9,66.5,Low,11.49633374351274,Low,27.166325789072804,81,74.89500000000001,Recommended
3506,Honda,Amaze,2020,9.1,CNG,Manual,2198,18.9,4,4,Yes,Yes,Yes,Normal,Medium,0.35,86.8,12.65,Moderate,26.9,94.7,Low,1.2098305758086845,Low,25.915871898172224,73,70.685,Recommended
3507,Renault,Kwid,2022,4.5,Petrol,Manual,1997,16.0,5,6,Yes,Yes,No,Aggressive,Low,0.04,84.6,12.49,Good,38.0,67.4,Low,12.461275287084813,Low,16.798201880584358,92,68.8,Recommended
3508,Mahindra,Thar,2024,7.68,Petrol,Automatic,1597,15.4,4,6,Yes,Yes,Yes,Calm,Medium,0.22,75.9,12.21,Good,33.9,69.9,Low,7.760341318489566,Low,18.356837927331675,84,76.11000000000001,Highly Recommended
3509,Renault,Triber,2020,4.5,Petrol,Manual,1997,20.2,3,6,Yes,No,Yes,Calm,Low,0.2,94.7,12.35,Moderate,30.3,100.0,Low,0.17182659020529423,Low,12.88391663436403,58,60.13,Recommended
3510,Volkswagen,Taigun,2025,12.03,CNG,Manual,1197,27.4,3,6,Yes,No,Yes,Aggressive,Medium,0.2,90.1,12.4,Moderate,25.5,61.6,Low,16.02753813278409,Medium,33.33556157033167,49,61.16,Recommended
3511,Maruti Suzuki,Fronx,2022,8.19,CNG,Manual,1597,23.0,5,6,Yes,Yes,Yes,Normal,Low,0.09,84.7,12.85,Moderate,30.9,77.8,Low,7.896471031542538,Low,11.957386263084434,89,78.5,Highly Recommended
3512,Tata,Curvv,2024,18.92,CNG,Manual,1197,26.4,4,6,Yes,Yes,Yes,Normal,Low,0.19,93.7,12.18,Poor,33.1,77.6,Low,28.871731262629563,Low,21.11171727936251,65,68.21000000000001,Recommended
3513,Tata,Curvv,2019,5.42,Petrol,Automatic,998,25.5,4,4,Yes,Yes,Yes,Normal,Low,0.09,79.3,12.47,Good,35.3,87.4,Low,9.041842487640348,Low,8.793126355011044,84,77.625,Highly Recommended
3514,Skoda,Slavia,2022,11.63,CNG,Automatic,2198,27.2,2,2,Yes,No,No,Aggressive,Low,0.11,86.0,13.0,Good,32.8,100.0,Low,0.9494673020033234,Low,25.25297708777045,44,57.88,Consider
3515,Skoda,Kushaq,2025,15.22,Diesel,Automatic,1197,17.6,5,6,Yes,Yes,Yes,Normal,Low,0.22,86.0,12.78,Good,33.3,81.1,Low,1.8150834970287413,Low,10.573374250841628,96,81.84,Highly Recommended
3516,Honda,Amaze,2024,16.24,Electric,Manual,0,290.1,4,6,Yes,Yes,Yes,Normal,High,0.31,92.1,13.03,Good,30.5,49.3,Low,27.09552083131202,Medium,37.50088848448799,75,79.62875,Highly Recommended
3517,Maruti Suzuki,Brezza,2026,11.76,CNG,Manual,1597,24.3,5,6,Yes,Yes,Yes,Normal,Medium,0.24,83.5,12.31,Good,30.0,75.3,Low,11.54001294872632,Low,24.081648496038014,90,79.14500000000001,Highly Recommended
3518,Renault,Kwid,2023,7.99,CNG,Manual,1597,25.6,4,6,Yes,Yes,Yes,Aggressive,Medium,0.29,91.3,12.49,Moderate,29.8,69.4,Low,14.786012290035549,Medium,39.78401900150401,70,70.34,Recommended
3519,Toyota,Glanza,2023,12.56,Petrol,Manual,1498,15.3,3,6,Yes,No,Yes,Normal,Low,0.1,94.6,12.62,Good,33.5,84.1,Low,14.523418586202133,Low,10.897069694785348,63,61.645,Recommended
3520,Kia,Carens,2021,16.22,Diesel,Manual,1290,18.8,5,6,Yes,Yes,Yes,Normal,Low,0.08,88.8,12.25,Good,30.1,86.4,Low,18.98700728425691,Low,15.994455338855644,92,75.22,Highly Recommended
3521,Skoda,Kushaq,2020,16.34,Petrol,Automatic,1997,18.7,4,6,Yes,Yes,Yes,Normal,Medium,0.04,97.8,11.9,Moderate,25.0,79.0,Medium,35.9881395965507,Low,21.43467788039625,73,71.655,Recommended
3522,Kia,Carens,2019,5.27,Petrol,Automatic,1997,25.0,3,6,Yes,No,Yes,Normal,Medium,0.29,82.5,12.47,Good,29.5,84.1,Low,5.197887963211095,Low,26.621753026513893,59,66.3,Recommended
3523,Mahindra,XUV 3XO,2020,11.43,Diesel,Automatic,1597,21.9,4,6,Yes,Yes,Yes,Aggressive,Medium,0.25,76.3,12.99,Good,30.4,84.0,Low,2.608789049718835,Medium,43.97130123508733,76,73.485,Recommended
3524,Skoda,Kushaq,2026,11.55,Petrol,Automatic,1197,22.5,5,6,Yes,Yes,Yes,Normal,High,0.2,90.1,12.78,Moderate,28.0,69.7,Low,12.520512936293407,Medium,41.736125105823774,78,74.475,Recommended
3525,Toyota,Urban Cruiser,2020,12.0,CNG,Automatic,1197,23.2,3,6,Yes,No,Yes,Normal,High,0.56,85.7,12.31,Good,34.5,69.8,Low,10.40982380059425,Medium,39.82285038018653,54,67.78,Recommended
3526,Toyota,Hyryder,2019,11.6,CNG,Manual,1498,23.0,4,6,Yes,Yes,Yes,Aggressive,Medium,0.21,97.8,12.4,Poor,32.9,91.4,Low,23.066010414498383,Medium,40.779961895283115,59,65.0,Recommended
3527,Mahindra,XUV700,2020,8.59,Petrol,Manual,1199,20.0,3,4,Yes,No,Yes,Calm,Low,0.18,79.5,11.74,Good,31.7,100.0,Low,24.83501728517593,Low,15.08494228263374,56,59.2,Consider
3528,Toyota,Innova,2021,12.4,Petrol,Manual,2198,19.9,3,4,Yes,No,Yes,Normal,Low,0.11,78.9,12.84,Moderate,33.7,65.4,Low,7.283288103994641,Low,22.48510838450472,50,56.485,Consider
3529,Maruti Suzuki,Swift,2022,6.64,CNG,Manual,1290,25.4,5,4,Yes,No,Yes,Aggressive,Medium,0.27,87.1,12.06,Good,28.3,92.8,Low,15.936543808168182,Medium,31.858210660571448,67,68.96000000000001,Recommended
3530,Skoda,Slavia,2023,10.88,Petrol,Automatic,1199,16.6,4,4,Yes,Yes,Yes,Aggressive,Low,0.06,90.8,12.07,Good,29.1,79.2,Low,24.68222392771075,Low,18.732635030495743,78,73.59,Recommended
3531,Skoda,Slavia,2021,12.64,CNG,Automatic,1197,28.8,5,6,Yes,Yes,Yes,Normal,Low,0.12,94.9,13.03,Moderate,34.3,76.1,Low,7.269217355517338,Low,23.195622473939167,85,82.57,Highly Recommended
3532,Toyota,Glanza,2019,13.49,Petrol,Manual,1497,24.6,3,6,Yes,No,Yes,Normal,Medium,0.2,87.9,12.93,Good,32.5,59.3,Low,17.22875996384077,Low,22.254121731961,59,61.24,Recommended
3533,Toyota,Innova,2021,15.81,Petrol,Manual,1997,17.5,5,2,Yes,Yes,No,Normal,High,0.43,81.0,12.72,Moderate,27.9,49.0,Low,27.25933345633537,Medium,44.96699583520502,66,57.325,Consider
3534,Honda,Elevate,2020,11.38,CNG,Manual,1199,27.4,4,6,Yes,Yes,No,Normal,High,0.43,95.8,12.19,Good,32.9,80.3,Low,4.792932337280863,Medium,40.36308239874743,77,67.75999999999999,Recommended
3535,Volkswagen,Taigun,2025,16.54,Diesel,Manual,1497,21.3,4,6,Yes,No,Yes,Calm,Low,0.1,83.0,11.94,Good,28.2,71.4,Medium,38.30614148753008,Low,5.820979235781772,69,65.245,Recommended
3536,Maruti Suzuki,Swift,2024,7.09,Petrol,Automatic,1290,19.7,5,2,Yes,Yes,Yes,Normal,Low,0.09,97.8,12.54,Good,31.0,100.0,Low,12.69475066960354,Low,11.4681512217867,86,77.655,Highly Recommended
3537,Maruti Suzuki,Fronx,2025,13.54,Petrol,Manual,998,17.2,4,7,Yes,Yes,Yes,Normal,Low,0.21,92.9,12.34,Good,30.3,64.1,Low,8.610878895114844,Low,10.496515807759605,89,73.63,Recommended
3538,Mahindra,Scorpio,2020,14.9,Diesel,Manual,2198,23.3,4,4,Yes,Yes,Yes,Normal,Low,0.06,98.0,12.89,Good,30.5,85.2,Low,13.914450151544205,Low,13.10440717077962,81,70.945,Recommended
3539,Maruti Suzuki,Dzire,2022,7.28,Petrol,Manual,998,20.2,5,6,Yes,Yes,No,Normal,High,0.37,78.1,12.43,Good,31.7,74.6,Low,14.406974260467234,Medium,44.25583909246788,82,64.93,Recommended
3540,Volkswagen,Virtus,2023,15.58,CNG,Automatic,1197,21.6,4,4,Yes,No,Yes,Aggressive,Low,0.0,86.0,13.06,Good,31.4,82.9,Low,0.36462885531939815,Low,22.331782151825323,65,72.49000000000001,Recommended
3541,Renault,Kwid,2021,6.02,Petrol,Manual,1997,18.7,4,4,Yes,Yes,Yes,Normal,High,0.41,84.1,11.65,Moderate,34.6,82.7,Low,18.952104691305113,Medium,42.698360345851356,64,62.605000000000004,Recommended
3542,Hyundai,Creta,2024,5.43,Diesel,Automatic,1497,25.3,3,6,Yes,No,No,Normal,Medium,0.24,89.5,12.9,Good,31.9,61.7,Low,15.131575446566417,Low,29.85212322190842,56,58.995,Consider
3543,Kia,Seltos,2023,9.52,CNG,Manual,1597,22.7,4,2,Yes,Yes,No,Normal,High,0.24,100.2,12.07,Good,32.0,53.3,Medium,46.663781141538635,Medium,36.31780671105177,64,61.205,Recommended
3544,Mahindra,Thar,2026,15.02,Diesel,Manual,2198,17.2,4,6,Yes,No,No,Aggressive,Medium,0.19,76.4,12.54,Good,33.2,100.0,Low,14.130052863366503,Medium,35.08227994211933,63,55.93,Consider
3545,Tata,Curvv,2020,6.04,Petrol,Manual,1290,17.6,3,4,Yes,No,No,Normal,Low,0.1,87.8,12.36,Good,33.7,90.5,Low,0.0,Low,13.283875569193569,60,54.64,Consider
3546,Maruti Suzuki,Fronx,2024,12.1,Electric,Automatic,0,334.8,4,4,Yes,Yes,Yes,Normal,Medium,0.06,81.6,13.53,Moderate,29.7,64.9,Low,11.604774734453379,Low,28.87251028174517,70,84.055,Highly Recommended
3547,Volkswagen,Virtus,2019,8.36,Petrol,Manual,2198,20.1,5,6,Yes,Yes,Yes,Aggressive,Medium,0.29,99.9,12.51,Good,35.7,84.6,Low,4.264583597837833,Medium,35.02446063948085,87,73.16499999999999,Recommended
3548,Renault,Kiger,2022,9.93,Petrol,Manual,1197,18.0,5,6,Yes,Yes,No,Normal,Low,0.26,95.1,12.74,Good,34.8,81.7,Low,0.0,Low,14.793104326769631,95,70.45,Recommended
3549,Kia,Sonet,2026,14.09,CNG,Automatic,998,28.5,4,7,Yes,Yes,No,Calm,Medium,0.2,79.6,12.5,Good,33.3,55.6,Low,10.898507607342918,Low,15.319048560924443,87,77.425,Highly Recommended
3550,Honda,City,2023,10.85,Petrol,Manual,1498,15.3,3,6,Yes,No,Yes,Normal,Low,0.18,77.4,12.52,Moderate,35.0,63.0,Low,9.150932455909679,Low,19.656014149609,55,58.045,Consider
3551,Mahindra,XUV 3XO,2021,16.56,Petrol,Manual,2198,18.7,5,2,Yes,Yes,Yes,Normal,High,0.35,81.1,12.26,Moderate,31.1,83.6,Low,0.0,Medium,42.69425975855804,71,65.755,Recommended
3552,Maruti Suzuki,Baleno,2024,11.03,Petrol,Automatic,998,23.0,4,6,Yes,Yes,Yes,Normal,Medium,0.29,97.0,12.48,Good,31.8,92.6,Low,14.202134897226086,Low,29.508664587716403,80,75.45,Highly Recommended
3553,Maruti Suzuki,Brezza,2019,9.63,Petrol,Manual,1997,20.8,4,4,Yes,Yes,Yes,Normal,Low,0.08,74.0,12.4,Good,29.7,85.6,Low,0.0,Low,16.521798326705916,82,71.02,Recommended
3554,Tata,Curvv,2026,15.1,Electric,Automatic,0,369.5,4,6,Yes,Yes,Yes,Normal,Low,0.1,83.6,12.62,Good,31.0,100.0,Low,0.0,Low,15.546526422978355,87,93.00625,Highly Recommended
3555,Mahindra,XUV700,2019,4.69,Petrol,Automatic,1997,15.5,5,6,Yes,Yes,No,Normal,Medium,0.22,88.4,12.75,Good,31.5,83.9,Low,2.1409332107469323,Low,21.035575643266693,92,73.725,Recommended
3556,Tata,Altroz,2019,5.17,Diesel,Manual,1197,25.1,3,6,Yes,No,No,Risky,Low,0.11,89.9,12.34,Moderate,35.5,75.3,Low,13.359428291871371,Medium,40.38904052575362,47,49.915000000000006,Consider
3557,Hyundai,Creta,2021,7.29,Petrol,Automatic,1498,21.0,4,2,Yes,Yes,Yes,Calm,Medium,0.26,95.9,12.24,Good,32.9,96.7,Low,15.517036708819486,Low,17.2382307682993,76,73.35,Recommended
3558,Kia,Sonet,2019,9.25,Petrol,Automatic,2198,19.3,4,6,Yes,No,Yes,Normal,Medium,0.2,86.4,12.23,Good,28.6,88.3,Low,7.844302552514074,Low,24.301415072964637,67,69.045,Recommended
3559,Renault,Kiger,2026,6.95,Petrol,Automatic,1498,14.0,4,4,Yes,Yes,No,Normal,Low,0.08,97.6,12.46,Good,28.1,66.3,Low,12.34055357477729,Low,14.728056202840362,81,68.55000000000001,Recommended
3560,Honda,City,2020,12.37,Diesel,Automatic,1497,19.2,3,6,Yes,No,Yes,Normal,Medium,0.3,95.3,12.78,Good,28.2,83.3,Low,8.821560191751619,Low,25.561361089269642,59,65.43,Recommended
3561,Toyota,Urban Cruiser,2020,10.09,Petrol,Manual,1197,20.6,2,2,Yes,No,Yes,Normal,Medium,0.27,91.1,12.05,Good,31.8,75.8,Low,23.27209284700465,Low,29.590414254496444,39,51.64,Consider
3562,Hyundai,Verna,2023,10.41,Electric,Automatic,0,463.7,5,7,Yes,Yes,Yes,Aggressive,Low,0.23,77.5,12.99,Good,36.7,84.4,Low,6.2209345640450024,Low,28.335146509565405,91,95.95,Highly Recommended
3563,Kia,Seltos,2023,9.52,Petrol,Manual,1199,26.1,2,4,Yes,No,No,Normal,Low,0.14,98.3,12.11,Moderate,31.5,69.0,Low,14.538011353305818,Low,22.547854705284976,41,47.364999999999995,Consider
3564,Honda,Amaze,2022,4.64,Diesel,Manual,1997,24.6,5,4,Yes,No,Yes,Calm,Medium,0.18,88.5,12.49,Good,32.5,67.0,Low,12.297361425383526,Low,12.746711660321631,75,68.44,Recommended
3565,Renault,Kwid,2026,7.36,Petrol,Manual,1997,17.3,4,6,Yes,Yes,Yes,Normal,Medium,0.17,97.4,12.32,Moderate,32.8,73.7,Low,21.451915312785154,Low,26.754583820596366,73,66.445,Recommended
3566,Volkswagen,Taigun,2022,9.14,Petrol,Manual,2198,21.5,3,4,Yes,No,Yes,Aggressive,Medium,0.22,90.9,12.35,Good,29.8,100.0,Low,5.004913808899552,Medium,31.142940167341074,53,58.075,Consider
3567,Mahindra,Scorpio,2026,16.28,Electric,Manual,0,333.9,3,6,Yes,No,No,Calm,Medium,0.28,82.1,12.3,Good,31.0,100.0,Low,0.9582143564463276,Low,13.96294854567644,64,70.32124999999999,Recommended
3568,Tata,Harrier,2020,14.21,Diesel,Manual,1199,20.7,5,6,Yes,Yes,Yes,Calm,Medium,0.27,85.2,12.36,Good,34.7,60.3,Low,10.283389078933148,Low,21.163575740904434,91,75.055,Highly Recommended
3569,Toyota,Urban Cruiser,2019,10.8,Petrol,Automatic,1497,17.4,3,4,Yes,No,No,Normal,Low,0.23,92.5,12.83,Moderate,27.9,94.3,Low,6.028910933620127,Low,21.742623776918755,50,55.11,Consider
3570,Hyundai,Venue,2025,18.69,CNG,Automatic,2198,19.5,4,4,Yes,Yes,Yes,Normal,Low,0.03,71.0,11.79,Good,29.0,100.0,Low,24.52976655338463,Low,9.563736446015147,81,79.375,Highly Recommended
3571,Mahindra,Thar,2020,11.5,Petrol,Manual,1597,12.4,4,6,Yes,No,Yes,Normal,Low,0.04,93.5,12.7,Good,29.9,100.0,Low,3.930057542433916,Low,3.7089385817843086,75,66.61,Recommended
3572,Mahindra,XUV 3XO,2021,14.11,Petrol,Manual,1290,13.1,5,6,Yes,Yes,Yes,Normal,Medium,0.34,98.0,12.73,Good,31.3,74.7,Low,26.5046738083635,Low,25.980835425263017,87,72.115,Recommended
3573,Honda,City,2019,10.88,Petrol,Manual,1497,15.7,3,6,Yes,No,Yes,Normal,Low,0.16,81.3,13.0,Good,34.2,89.0,Low,0.0,Low,16.623895503129024,63,61.705,Recommended
3574,Maruti Suzuki,Brezza,2025,4.5,Petrol,Automatic,1997,18.9,5,6,Yes,Yes,Yes,Aggressive,Low,0.02,88.9,12.43,Good,33.7,59.7,Low,12.064460584568256,Low,24.503500829693206,90,79.33500000000001,Highly Recommended
3575,Honda,Elevate,2024,8.98,Petrol,Manual,1498,19.5,4,6,Yes,No,No,Normal,High,0.5,84.3,12.23,Good,31.3,71.9,Low,12.658225571332704,Medium,42.40648578307155,60,54.925,Consider
3576,Toyota,Hyryder,2025,18.03,Petrol,Automatic,1497,18.6,4,6,Yes,Yes,No,Normal,Low,0.15,88.1,12.8,Good,32.0,87.5,Low,8.37952083451821,Low,15.613346343313577,85,71.03999999999999,Recommended
3577,Skoda,Slavia,2021,12.83,Petrol,Manual,1290,18.3,4,4,Yes,Yes,Yes,Risky,Low,0.06,83.6,12.47,Moderate,34.6,81.4,Low,10.220219115503605,Medium,43.132165308685664,65,62.995000000000005,Recommended
3578,Skoda,Slavia,2024,18.28,Electric,Automatic,0,367.6,4,4,Yes,Yes,No,Normal,Medium,0.19,91.9,11.82,Good,28.8,86.3,Low,10.141624213302514,Low,15.541510827485409,81,84.235,Highly Recommended
3579,Honda,Amaze,2022,9.74,Diesel,Automatic,1497,23.2,5,2,Yes,Yes,Yes,Normal,Medium,0.15,87.2,12.6,Moderate,32.9,98.1,Low,7.4307691888001335,Low,27.161348847509927,75,73.22999999999999,Recommended
3580,Hyundai,i20,2025,8.75,CNG,Automatic,1497,23.7,4,2,Yes,Yes,No,Calm,Low,0.01,94.8,12.16,Good,33.4,73.4,Low,17.583532026054677,Low,10.051064035943233,78,72.655,Recommended
3581,Maruti Suzuki,Baleno,2025,15.82,Electric,Automatic,0,294.1,4,6,Yes,Yes,Yes,Aggressive,Medium,0.0,81.2,12.1,Moderate,30.4,35.3,Low,16.68634070143932,Medium,37.18521703390274,70,82.52875,Highly Recommended
3582,Hyundai,Exter,2023,7.5,Electric,Automatic,0,364.9,4,4,Yes,Yes,No,Calm,Medium,0.37,101.6,12.82,Moderate,32.0,89.4,Low,13.706037284965888,Low,27.146305387177755,70,79.18375,Highly Recommended
3583,Hyundai,i20,2026,12.42,Petrol,Manual,2198,19.9,2,6,Yes,No,Yes,Normal,Low,0.2,90.0,11.32,Moderate,35.2,69.1,Low,25.69116650365777,Low,13.84358057279156,46,54.685,Consider
3584,Mahindra,XUV 3XO,2022,14.11,Petrol,Manual,1199,17.2,4,4,Yes,Yes,Yes,Normal,Low,0.17,99.8,12.25,Moderate,28.3,85.6,Low,18.958493168741484,Low,18.4942281854769,73,66.43,Recommended
3585,Volkswagen,Taigun,2025,10.17,Petrol,Manual,1997,17.6,3,2,Yes,No,Yes,Normal,Low,0.19,74.4,12.47,Good,27.7,74.5,Low,10.460633747179115,Low,7.620618565421516,57,59.290000000000006,Consider
3586,Tata,Nexon,2019,7.5,CNG,Manual,1997,21.6,4,4,Yes,No,No,Calm,Medium,0.29,97.2,12.33,Good,26.9,77.7,Low,21.022206558151368,Low,23.999986589447218,61,59.69,Consider
3587,Kia,Sonet,2019,13.04,Diesel,Manual,1498,19.5,3,6,Yes,No,Yes,Normal,Medium,0.23,90.8,12.64,Good,37.2,89.0,Low,0.0,Low,22.608275496540017,61,61.375,Recommended
3588,Toyota,Urban Cruiser,2019,9.35,Petrol,Automatic,1597,23.4,4,6,Yes,Yes,Yes,Normal,High,0.41,90.1,12.14,Good,32.0,76.0,Low,13.170827428349364,Medium,39.04519610954302,76,73.71000000000001,Recommended
3589,Maruti Suzuki,Fronx,2023,4.5,CNG,Manual,1498,19.6,4,6,Yes,Yes,No,Normal,Low,0.18,84.0,12.31,Good,29.4,56.2,Low,10.655925102006133,Low,14.567465382241298,85,70.19,Recommended
3590,Skoda,Kushaq,2024,13.93,Diesel,Manual,1290,15.8,4,4,Yes,Yes,Yes,Normal,Low,0.1,85.3,12.48,Good,38.0,75.0,Low,9.645787082008969,Low,18.949500033113296,80,69.37,Recommended
3591,Skoda,Slavia,2021,7.5,Electric,Manual,0,327.6,4,7,Yes,Yes,No,Normal,Low,0.25,86.6,11.56,Moderate,33.9,77.1,Medium,35.501579878870984,Low,21.854623621822732,75,75.035,Highly Recommended
3592,Renault,Kwid,2023,4.51,Petrol,Automatic,2198,17.5,3,6,Yes,No,Yes,Normal,High,0.39,82.6,12.32,Good,33.1,86.6,Low,9.745458952197875,Medium,42.57286356520142,53,62.475,Recommended
3593,Hyundai,Venue,2021,5.97,Petrol,Automatic,1197,20.5,5,2,Yes,Yes,Yes,Calm,Medium,0.34,98.1,12.59,Good,32.7,94.8,Low,1.9736983338188034,Low,19.516133408775143,85,77.325,Highly Recommended
3594,Toyota,Glanza,2025,8.14,Petrol,Manual,1197,18.9,4,6,Yes,Yes,Yes,Normal,Low,0.1,78.9,12.3,Good,34.6,88.0,Low,14.264096632590942,Low,5.289137463890792,88,73.435,Recommended
3595,Skoda,Kushaq,2020,10.65,Petrol,Automatic,2198,21.4,4,4,Yes,Yes,Yes,Risky,Medium,0.23,92.5,13.09,Good,33.8,99.3,Low,0.0,Medium,39.96588003890217,74,72.51,Recommended
3596,Renault,Triber,2021,10.19,Diesel,Manual,1497,20.8,4,6,Yes,Yes,Yes,Normal,Medium,0.39,92.4,12.82,Good,31.8,93.5,Low,9.41100052722395,Low,27.86569003271939,81,70.57,Recommended
3597,Maruti Suzuki,Dzire,2023,8.11,Petrol,Manual,1197,22.5,4,6,Yes,Yes,Yes,Normal,Low,0.21,86.1,13.21,Good,33.3,92.9,Low,8.602983348200384,Low,16.708353818495624,85,72.625,Recommended
3598,Renault,Kiger,2019,6.35,Petrol,Automatic,1597,20.6,4,4,Yes,Yes,Yes,Aggressive,High,0.31,83.6,12.82,Good,29.7,100.0,Low,0.0,Medium,41.89837983363117,73,71.94,Recommended
3599,Hyundai,i20,2020,9.08,Petrol,Manual,1197,21.0,4,6,Yes,Yes,Yes,Risky,High,0.31,84.0,12.97,Good,31.7,74.2,Low,5.699407521482312,High,61.92360943105706,69,65.2,Recommended
3600,Honda,Amaze,2025,12.79,Petrol,Manual,1497,19.2,4,6,Yes,Yes,Yes,Calm,Medium,0.18,91.6,12.83,Good,30.4,78.7,Low,1.464420135123925,Low,13.79089811232416,87,73.03,Recommended
3601,Hyundai,Exter,2019,14.26,Electric,Manual,0,355.1,3,6,Yes,No,Yes,Risky,Medium,0.2,97.1,12.07,Good,32.5,72.8,Low,33.80819895858223,Medium,45.70768060440501,48,69.91625,Recommended
3602,Toyota,Glanza,2019,10.03,Diesel,Manual,1197,22.3,3,4,Yes,No,Yes,Normal,Medium,0.26,84.5,12.49,Moderate,32.7,96.5,Low,0.0,Low,29.26152273318989,49,56.394999999999996,Consider
3603,Maruti Suzuki,Fronx,2020,7.72,Petrol,Manual,998,18.5,5,7,Yes,Yes,No,Normal,Low,0.17,95.5,12.87,Poor,32.9,48.7,Medium,47.36579679215789,Low,26.05400928078872,71,59.725,Consider
3604,Renault,Triber,2024,5.61,Petrol,Manual,1597,13.8,4,6,Yes,Yes,Yes,Calm,Low,0.14,95.3,13.02,Good,34.3,91.2,Low,0.0,Low,5.268872904313408,90,73.57,Recommended
3605,Toyota,Urban Cruiser,2019,8.92,Diesel,Manual,1290,19.9,5,2,Yes,Yes,No,Risky,Low,0.08,86.0,12.55,Moderate,33.7,79.4,Low,5.217486597097617,Medium,33.508238926963216,73,60.835,Recommended
3606,Maruti Suzuki,Fronx,2024,4.5,Petrol,Manual,1597,20.4,4,4,Yes,Yes,Yes,Calm,Medium,0.29,91.5,12.17,Good,31.3,73.5,Low,7.411344570732337,Low,17.981947879226055,81,70.51,Recommended
3607,Honda,City,2022,11.28,Petrol,Automatic,1597,12.5,5,4,Yes,Yes,Yes,Normal,Low,0.02,94.3,11.52,Good,32.9,71.3,Low,25.23284371092092,Low,9.277481047716764,89,77.92500000000001,Highly Recommended
3608,Mahindra,Scorpio,2021,14.51,Petrol,Manual,1997,13.4,4,6,Yes,Yes,No,Aggressive,Low,0.18,85.4,12.41,Moderate,34.0,97.0,Low,1.469154286487833,Medium,32.03757891279108,75,60.76,Recommended
3609,Hyundai,Creta,2024,13.56,Petrol,Manual,1497,23.1,4,6,Yes,Yes,Yes,Normal,Low,0.1,95.8,13.06,Good,33.9,81.7,Low,6.367830671958524,Low,9.038673654696295,88,74.065,Recommended
3610,Renault,Kiger,2020,7.44,Petrol,Automatic,1498,23.2,4,6,Yes,Yes,Yes,Normal,Low,0.05,82.7,11.56,Poor,30.7,73.2,Medium,45.075045472735766,Low,25.26214875455656,61,66.93,Recommended
3611,Renault,Kiger,2026,8.6,Petrol,Manual,1199,21.3,5,6,Yes,Yes,Yes,Aggressive,Low,0.22,98.1,11.58,Good,34.4,91.9,Low,29.709294622498433,Low,25.059101397445207,87,73.345,Recommended
3612,Tata,Punch,2020,7.83,CNG,Manual,2198,25.8,3,6,Yes,No,Yes,Aggressive,Low,0.0,82.5,12.49,Good,36.1,95.8,Low,6.052300338081567,Low,21.363374620179627,61,66.32,Recommended
3613,Toyota,Innova,2022,12.9,Petrol,Manual,1497,18.0,4,4,Yes,Yes,Yes,Calm,Medium,0.14,78.2,12.33,Good,31.8,62.0,Low,3.837835292671663,Low,23.61844631758612,79,69.25,Recommended
3614,Volkswagen,Taigun,2024,12.0,Diesel,Manual,1199,21.4,4,2,Yes,Yes,Yes,Aggressive,Low,0.14,81.7,12.15,Good,30.3,86.9,Low,2.711335072387461,Low,27.89522049545184,74,67.51,Recommended
3615,Renault,Triber,2020,8.18,Diesel,Manual,1597,20.9,5,6,Yes,Yes,Yes,Normal,Low,0.0,89.3,12.43,Good,32.3,78.3,Low,4.420620474986718,Low,16.20827210159721,94,76.435,Highly Recommended
3616,Tata,Punch,2026,8.07,Petrol,Automatic,1197,10.0,5,4,Yes,Yes,Yes,Normal,Low,0.11,94.0,12.84,Good,33.5,60.6,Low,12.76716092841458,Low,11.30558350528114,90,78.0,Highly Recommended
3617,Mahindra,Scorpio,2020,12.11,Diesel,Manual,1497,19.4,4,6,Yes,Yes,No,Aggressive,Low,0.22,85.4,12.65,Good,33.2,62.8,Low,12.731566264932978,Low,29.04061153720813,80,63.91,Recommended
3618,Mahindra,Scorpio,2024,16.26,Petrol,Manual,2198,16.9,5,2,Yes,Yes,No,Calm,Low,0.06,93.3,12.67,Good,34.1,64.3,Low,9.270641301911295,Low,11.732338592335733,87,66.685,Recommended
3619,Tata,Nexon,2019,9.14,CNG,Manual,1290,23.8,3,7,Yes,No,Yes,Risky,High,0.41,86.5,12.65,Good,33.0,54.0,Low,16.80532415171086,High,65.51395390098929,46,59.269999999999996,Consider
3620,Tata,Harrier,2025,12.99,CNG,Automatic,1498,22.3,3,6,Yes,No,Yes,Aggressive,Low,0.07,83.8,12.14,Poor,36.1,100.0,Low,24.563409214005144,Medium,34.29016544003711,38,60.445,Recommended
3621,Toyota,Hyryder,2026,20.28,Electric,Automatic,0,308.2,5,7,Yes,Yes,Yes,Normal,High,0.26,95.6,12.17,Good,35.2,46.9,Low,29.430164596912896,Medium,36.5072287350594,85,89.8075,Highly Recommended
3622,Honda,City,2023,13.31,Electric,Manual,0,320.6,4,6,Yes,Yes,No,Calm,Medium,0.28,74.8,13.34,Good,29.6,95.2,Low,7.296010131887328,Low,20.303267677310483,84,78.8225,Highly Recommended
3623,Volkswagen,Virtus,2025,12.93,CNG,Manual,1498,25.0,4,4,Yes,Yes,Yes,Risky,Low,0.05,86.0,12.59,Good,33.8,95.7,Low,1.1891317655239617,Medium,33.15116642690395,76,72.95,Recommended
3624,Kia,Seltos,2019,10.83,Petrol,Manual,1290,15.2,4,6,Yes,Yes,No,Normal,High,0.36,80.2,11.88,Good,31.2,90.1,Low,16.58535440090852,Medium,38.767221897752975,76,61.480000000000004,Recommended
3625,Hyundai,Venue,2022,16.66,Electric,Automatic,0,315.1,5,6,Yes,Yes,No,Normal,Medium,0.3,97.7,12.04,Moderate,31.9,58.7,Low,33.68345319196393,Low,28.362108620617057,79,81.36625000000001,Highly Recommended
3626,Tata,Harrier,2021,11.36,Electric,Automatic,0,323.7,4,6,Yes,Yes,Yes,Normal,Low,0.07,92.5,12.33,Good,32.8,79.9,Low,10.351383173525601,Low,10.435716368393011,87,91.28875,Highly Recommended
3627,Toyota,Innova,2026,16.46,Electric,Manual,0,364.4,4,4,Yes,Yes,Yes,Normal,Low,0.08,90.3,12.4,Good,31.3,80.6,Low,8.344043569146322,Low,9.545270371917368,83,86.015,Highly Recommended
3628,Mahindra,Scorpio,2021,14.6,CNG,Manual,1498,27.1,5,6,Yes,No,Yes,Normal,Medium,0.22,73.7,11.45,Good,30.7,55.6,Medium,37.47566863677022,Low,18.866066368690937,73,71.91499999999999,Recommended
3629,Tata,Curvv,2020,7.52,Diesel,Manual,1498,18.3,4,6,Yes,Yes,Yes,Calm,Low,0.0,77.3,12.23,Good,33.2,84.2,Low,8.648879526176756,Low,4.780136876004343,89,73.795,Recommended
3630,Tata,Nexon,2025,10.43,Petrol,Automatic,1197,10.0,3,6,Yes,No,Yes,Calm,Low,0.11,95.1,12.57,Good,30.2,62.5,Low,12.407179598578374,Low,10.733319970331602,63,65.85,Recommended
3631,Toyota,Hyryder,2025,14.92,Petrol,Automatic,1997,16.5,5,6,Yes,Yes,Yes,Aggressive,Low,0.11,85.5,12.15,Good,31.8,75.5,Low,7.290917895106299,Low,20.127998154358913,92,79.875,Highly Recommended
3632,Renault,Kwid,2024,5.72,Petrol,Manual,1197,17.3,4,6,Yes,Yes,Yes,Aggressive,Medium,0.25,84.3,12.07,Poor,28.8,79.6,Medium,49.3727128615186,Medium,49.63576612329477,52,56.995000000000005,Consider
3633,Honda,City,2022,10.42,Diesel,Manual,2198,18.4,4,6,Yes,Yes,No,Normal,Low,0.13,95.7,12.24,Good,30.9,91.2,Low,6.121741485603305,Low,15.184511160610057,86,66.46000000000001,Recommended
3634,Toyota,Urban Cruiser,2025,15.01,Petrol,Manual,1498,14.9,4,6,Yes,Yes,Yes,Normal,High,0.26,87.0,12.2,Moderate,32.7,57.9,Low,19.15458586900499,Medium,41.30021217937668,69,64.285,Recommended
3635,Kia,Carens,2026,18.47,CNG,Manual,1197,23.1,4,6,Yes,Yes,Yes,Normal,Medium,0.38,94.7,12.81,Good,29.5,90.6,Low,3.963864798169997,Low,24.520705141696933,83,75.815,Highly Recommended
3636,Renault,Triber,2020,9.01,Petrol,Manual,1199,13.3,3,2,Yes,No,No,Normal,Medium,0.28,85.7,11.94,Good,28.0,88.1,Low,19.443162788997714,Low,25.335059593001752,49,49.045,Consider
3637,Renault,Kiger,2021,6.98,Petrol,Automatic,1290,16.7,3,6,Yes,No,No,Normal,Medium,0.21,97.7,12.57,Good,31.6,78.6,Low,13.269025155169752,Low,19.42441537165248,60,59.504999999999995,Consider
3638,Maruti Suzuki,Dzire,2019,4.5,Petrol,Automatic,2198,16.0,5,4,Yes,Yes,No,Normal,Medium,0.25,90.3,13.16,Moderate,34.2,64.2,Low,6.216281129411257,Medium,32.93139586030962,78,67.5,Recommended
3639,Maruti Suzuki,Dzire,2019,4.99,Petrol,Manual,1597,19.5,3,4,Yes,No,No,Normal,Medium,0.11,88.2,11.51,Good,33.5,74.3,Low,21.1556504783104,Low,27.224020201031543,52,51.325,Consider
3640,Maruti Suzuki,Fronx,2023,7.31,Petrol,Manual,2198,23.3,5,4,Yes,Yes,No,Calm,Low,0.13,78.2,12.82,Good,33.6,82.3,Low,0.0,Low,10.041007260409307,92,69.895,Recommended
3641,Kia,Seltos,2025,11.57,Petrol,Manual,1199,23.9,5,4,Yes,Yes,Yes,Normal,Medium,0.15,82.7,12.28,Moderate,34.0,79.3,Low,9.55873346529466,Low,25.325275279312795,80,70.58500000000001,Recommended
3642,Skoda,Slavia,2023,10.82,Petrol,Manual,998,17.0,4,4,Yes,Yes,No,Normal,Low,0.02,94.2,12.29,Moderate,33.6,90.0,Low,8.510612855307022,Low,13.535244665502972,76,61.75,Recommended
3643,Volkswagen,Virtus,2020,11.64,Petrol,Manual,2198,17.4,4,6,Yes,Yes,Yes,Normal,Low,0.16,93.0,12.73,Good,38.0,60.1,Low,22.913899158236685,Low,15.414182175032309,83,70.96000000000001,Recommended
3644,Tata,Altroz,2020,16.71,Electric,Manual,0,341.4,5,7,Yes,Yes,Yes,Normal,Low,0.11,100.4,12.36,Moderate,25.3,94.8,Low,5.152732841367074,Low,20.33138822381749,88,87.4025,Highly Recommended
3645,Maruti Suzuki,Baleno,2023,6.46,Petrol,Manual,1997,21.0,4,7,Yes,Yes,Yes,Calm,Medium,0.18,86.7,12.95,Good,29.7,88.8,Low,5.011630219073773,Low,16.593177257091398,87,73.3,Recommended
3646,Tata,Curvv,2019,5.44,Diesel,Automatic,1997,17.7,4,2,Yes,Yes,Yes,Aggressive,Low,0.18,84.8,12.02,Good,33.1,63.2,Medium,41.93873438052952,Low,19.156748852461902,71,70.60499999999999,Recommended
3647,Tata,Harrier,2022,12.95,Petrol,Automatic,1197,15.7,3,6,Yes,No,Yes,Normal,Medium,0.23,88.6,12.55,Good,32.3,64.0,Low,1.3089584119987325,Medium,31.95210704814386,58,64.455,Recommended
3648,Hyundai,Verna,2025,6.76,Petrol,Automatic,1497,14.9,5,2,Yes,No,Yes,Aggressive,Medium,0.25,85.3,12.82,Good,34.2,89.6,Low,7.366567795115564,Medium,33.181114160449845,64,67.035,Recommended
3649,Maruti Suzuki,Swift,2022,8.91,Petrol,Manual,1197,23.2,4,6,Yes,Yes,Yes,Normal,Medium,0.25,86.1,12.73,Poor,32.9,100.0,Low,22.80206063004944,Medium,36.15319269973961,61,61.93,Recommended
3650,Mahindra,XUV 3XO,2019,13.38,Petrol,Manual,1199,19.3,4,4,Yes,No,Yes,Aggressive,Medium,0.17,81.1,12.18,Good,34.1,77.5,Low,13.895941097767992,Low,28.726904588750212,61,61.345,Recommended
3651,Tata,Altroz,2026,17.68,Diesel,Manual,1997,19.6,5,2,Yes,Yes,Yes,Normal,Low,0.09,84.3,13.2,Moderate,33.2,79.8,Low,7.286729161360647,Low,25.418022307994548,76,68.14,Recommended
3652,Hyundai,i20,2025,17.78,Electric,Manual,0,345.8,4,4,Yes,Yes,Yes,Aggressive,Low,0.17,83.3,12.92,Good,32.7,73.0,Low,5.698205779558135,Low,16.709355129653268,81,84.4175,Highly Recommended
3653,Mahindra,XUV700,2019,18.01,Petrol,Manual,1199,16.8,5,7,Yes,Yes,Yes,Calm,Low,0.23,82.6,12.29,Moderate,31.7,66.4,Low,8.613099931832803,Low,10.800547107612594,91,74.47,Recommended
3654,Renault,Triber,2022,4.91,CNG,Manual,1597,27.8,5,6,Yes,No,Yes,Normal,Low,0.21,82.6,13.53,Poor,26.3,100.0,Low,23.64348065110467,Low,26.94157834833205,57,64.82,Recommended
3655,Toyota,Innova,2022,14.38,Diesel,Automatic,998,18.9,4,6,Yes,Yes,Yes,Normal,Low,0.14,70.2,12.04,Poor,35.0,65.3,Medium,42.65865886021007,Low,27.555973512975847,61,66.285,Recommended
3656,Mahindra,Thar,2020,12.15,Diesel,Manual,1290,17.9,3,6,Yes,No,Yes,Calm,Medium,0.32,91.9,12.88,Good,32.8,91.9,Low,0.0,Low,18.783612514031486,62,61.585,Recommended
3657,Tata,Nexon,2021,14.44,Electric,Manual,0,429.2,4,6,Yes,Yes,Yes,Calm,Low,0.23,84.9,12.27,Good,31.7,33.0,Low,25.649812250576673,Low,7.394570977786488,86,88.7,Highly Recommended
3658,Kia,Seltos,2022,6.45,Petrol,Automatic,998,16.4,3,6,Yes,No,Yes,Normal,Low,0.11,92.3,13.8,Poor,26.4,94.9,Low,17.022128855350502,Low,25.678184863203832,42,57.36,Consider
3659,Toyota,Hyryder,2019,10.11,Diesel,Manual,1597,24.8,4,6,Yes,Yes,Yes,Calm,Medium,0.25,83.1,12.05,Good,30.5,58.8,Medium,43.75853530761476,Low,18.767871795260554,79,70.27000000000001,Recommended
3660,Toyota,Glanza,2021,10.88,Petrol,Automatic,1290,17.3,4,6,Yes,Yes,Yes,Calm,Medium,0.11,89.2,12.04,Poor,33.2,95.7,Medium,50.61769034615321,Medium,30.69235601101959,59,65.145,Recommended
3661,Renault,Kwid,2020,6.04,Petrol,Manual,1997,19.0,4,7,Yes,Yes,Yes,Normal,Medium,0.2,83.0,13.03,Good,36.7,94.2,Low,2.5539877315280917,Low,23.5902768911612,85,72.1,Recommended
3662,Volkswagen,Virtus,2022,9.6,CNG,Automatic,1498,24.3,5,4,Yes,No,Yes,Normal,Low,0.0,82.8,11.95,Moderate,30.9,60.2,Low,32.59828672120738,Low,22.46257463381398,62,71.545,Recommended
3663,Volkswagen,Taigun,2023,7.12,Petrol,Automatic,1497,25.3,3,4,Yes,No,Yes,Aggressive,High,0.44,82.4,12.52,Good,30.0,68.8,Low,10.135283987815638,Medium,49.931984157859766,46,60.495,Recommended
3664,Hyundai,i20,2022,11.92,Diesel,Manual,1197,23.7,4,6,Yes,Yes,Yes,Calm,High,0.35,92.6,12.58,Good,34.7,94.0,Low,3.4665459327485544,Medium,32.76637652530969,80,70.555,Recommended
3665,Renault,Triber,2022,8.77,Petrol,Manual,998,10.0,5,6,Yes,No,Yes,Normal,Low,0.06,79.9,12.42,Good,33.0,65.7,Low,16.867816469898372,Low,11.772031197372533,78,67.6,Recommended
3666,Tata,Curvv,2022,10.56,Diesel,Manual,998,24.8,4,6,Yes,Yes,Yes,Normal,Low,0.04,86.2,12.49,Poor,31.6,46.3,Medium,39.81456805591469,Low,26.86997079870966,62,62.620000000000005,Recommended
3667,Skoda,Slavia,2020,8.75,Petrol,Automatic,1290,16.4,5,6,Yes,Yes,Yes,Calm,Low,0.08,98.7,12.54,Good,38.0,95.8,Low,9.678092742916185,Low,7.3454106179676675,96,81.66,Highly Recommended
3668,Tata,Nexon,2022,4.63,Petrol,Automatic,1997,19.2,5,6,Yes,Yes,Yes,Normal,Low,0.1,88.0,12.47,Poor,33.3,69.9,Low,29.358578261850052,Medium,35.191115017543396,68,69.48,Recommended
3669,Volkswagen,Taigun,2025,15.96,Petrol,Manual,2198,18.6,4,6,Yes,Yes,Yes,Aggressive,Low,0.19,97.7,12.4,Good,31.9,76.0,Low,9.461025673507885,Low,19.750961415213908,84,71.59,Recommended
3670,Hyundai,Creta,2026,16.68,CNG,Manual,1497,21.7,5,6,Yes,Yes,No,Normal,Low,0.1,96.0,12.4,Good,31.4,83.4,Low,5.054052950104347,Low,7.52200439435874,97,75.905,Highly Recommended
3671,Maruti Suzuki,Fronx,2022,4.5,CNG,Automatic,1498,23.8,3,6,Yes,No,Yes,Normal,Medium,0.21,99.7,12.22,Good,27.9,64.8,Low,15.96814215971851,Medium,31.738739166765217,55,68.32,Recommended
3672,Skoda,Kushaq,2021,7.57,Electric,Manual,0,429.4,5,6,Yes,Yes,Yes,Risky,Low,0.16,97.2,12.69,Moderate,32.6,55.8,Low,16.102038849662254,Medium,39.18143889698378,78,85.1,Highly Recommended
3673,Honda,Amaze,2022,14.96,Electric,Automatic,0,338.3,3,6,Yes,No,Yes,Normal,Low,0.03,83.4,12.59,Good,32.6,81.3,Low,0.0,Low,11.218620751040806,65,81.93625,Highly Recommended
3674,Hyundai,Exter,2022,10.44,CNG,Automatic,1497,27.1,3,6,Yes,No,No,Calm,Low,0.11,87.8,12.09,Good,27.7,72.2,Low,28.362595107026646,Low,12.306481614717672,60,65.065,Recommended
3675,Tata,Nexon,2020,11.4,Petrol,Automatic,2198,23.7,3,6,Yes,No,Yes,Aggressive,Medium,0.19,76.8,12.64,Good,30.9,74.2,Low,2.0888721896384954,Medium,33.57615980355959,57,65.205,Recommended
3676,Tata,Altroz,2024,10.37,CNG,Manual,1497,25.7,4,4,Yes,Yes,Yes,Normal,Low,0.08,86.9,12.6,Good,35.1,55.6,Low,19.441400855777815,Low,18.45842859975915,79,74.405,Recommended
3677,Renault,Kwid,2025,7.9,Diesel,Automatic,1597,25.3,4,6,Yes,Yes,No,Normal,Low,0.05,85.7,12.87,Good,27.9,58.0,Low,6.058222444198558,Low,12.268618523250518,87,72.945,Recommended
3678,Maruti Suzuki,Dzire,2025,9.06,Diesel,Manual,1199,25.3,3,6,Yes,No,Yes,Calm,Low,0.04,89.3,12.35,Moderate,32.5,74.7,Low,12.57285084250612,Low,9.845180620523273,58,60.895,Recommended
3679,Renault,Kwid,2022,6.94,Petrol,Manual,1997,22.0,5,4,Yes,Yes,Yes,Aggressive,Low,0.22,82.6,12.19,Good,32.2,56.4,Low,24.610479088558517,Medium,32.40733288044257,81,70.75,Recommended
3680,Volkswagen,Taigun,2024,19.51,Electric,Manual,0,495.5,4,2,Yes,Yes,Yes,Normal,Low,0.1,90.2,13.27,Good,34.8,76.5,Low,7.105083672133921,Low,5.792584532158885,81,86.45,Highly Recommended
3681,Tata,Punch,2024,9.43,Petrol,Automatic,1997,17.9,3,2,Yes,No,Yes,Aggressive,Low,0.1,89.6,12.18,Good,29.6,76.0,Low,10.886907719446226,Low,28.63045512185149,49,60.735,Recommended
3682,Maruti Suzuki,Baleno,2024,5.39,Diesel,Manual,1597,20.7,4,2,Yes,Yes,Yes,Normal,Medium,0.25,85.4,13.21,Good,28.4,91.2,Low,4.21374101623459,Low,21.81436417092645,76,68.305,Recommended
3683,Toyota,Urban Cruiser,2023,13.09,Petrol,Manual,2198,20.1,3,2,Yes,No,Yes,Normal,Medium,0.14,89.4,12.8,Good,30.4,58.3,Low,14.41012072892237,Low,20.17160265031373,52,57.415000000000006,Consider
3684,Hyundai,i20,2020,13.51,CNG,Manual,1199,27.9,4,6,Yes,Yes,No,Normal,Low,0.22,85.1,12.21,Good,29.6,87.5,Low,4.330176112494475,Low,14.609380836832607,86,71.885,Recommended
3685,Maruti Suzuki,Fronx,2026,8.84,Diesel,Automatic,1497,18.3,4,6,Yes,Yes,No,Aggressive,Medium,0.26,90.9,12.86,Moderate,37.6,72.8,Low,6.793259780117719,Medium,44.97857696130349,69,63.795,Recommended
3686,Tata,Altroz,2023,8.57,Petrol,Manual,1997,19.8,5,4,Yes,Yes,Yes,Normal,Low,0.08,87.6,12.54,Good,31.6,52.3,Low,15.275662126561237,Low,12.108241118611272,89,74.02000000000001,Recommended
3687,Skoda,Slavia,2023,9.78,Petrol,Manual,2198,15.1,5,7,Yes,Yes,No,Aggressive,Low,0.24,86.5,12.46,Good,35.0,63.3,Low,12.314938610437606,Medium,31.49971558122592,89,67.315,Recommended
3688,Honda,City,2022,12.11,Petrol,Manual,1597,21.3,3,7,Yes,No,Yes,Calm,Medium,0.27,84.0,11.94,Good,32.9,79.6,Low,20.829389207912634,Low,9.252708282070177,65,63.445,Recommended
3689,Skoda,Slavia,2024,13.42,Petrol,Automatic,1199,10.4,4,4,Yes,No,Yes,Normal,Medium,0.32,105.0,12.02,Good,37.3,99.7,Low,24.159729302745315,Low,24.087318966794406,61,65.00999999999999,Recommended
3690,Skoda,Slavia,2023,13.72,Petrol,Manual,1597,19.3,4,6,Yes,Yes,Yes,Normal,Medium,0.16,94.7,11.75,Good,31.2,47.5,Medium,38.50097879376836,Low,25.136778897461298,77,68.545,Recommended
3691,Mahindra,XUV700,2023,16.25,Diesel,Automatic,1199,19.2,4,4,Yes,Yes,Yes,Normal,Low,0.16,93.1,13.28,Good,36.4,74.1,Low,11.010111940762659,Low,12.732441125890288,82,75.78,Highly Recommended
3692,Toyota,Glanza,2023,12.62,Diesel,Automatic,1597,18.3,4,6,Yes,Yes,Yes,Aggressive,Low,0.25,78.9,12.92,Good,35.5,85.1,Low,3.5431380590552153,Low,29.14366480652561,81,75.195,Highly Recommended
3693,Volkswagen,Taigun,2019,8.43,Diesel,Manual,1197,19.3,4,6,Yes,Yes,Yes,Calm,Medium,0.07,87.5,12.61,Good,28.7,75.7,Low,14.703862576602393,Low,9.456385541986291,86,72.595,Recommended
3694,Volkswagen,Virtus,2025,10.14,Petrol,Manual,998,18.0,5,2,Yes,Yes,Yes,Normal,Low,0.2,82.8,12.5,Good,26.1,77.0,Low,5.955693002953375,Low,13.336446054282645,86,72.4,Recommended
3695,Renault,Kiger,2022,8.92,Electric,Manual,0,383.4,4,4,Yes,Yes,Yes,Normal,Low,0.08,95.7,12.56,Good,25.4,100.0,Low,3.2645040990505585,Low,10.904495963934519,84,87.17750000000001,Highly Recommended
3696,Renault,Kiger,2024,6.01,CNG,Manual,1498,24.1,4,2,Yes,Yes,No,Risky,Low,0.14,87.4,13.17,Good,28.7,78.0,Low,4.828672708286209,Low,28.900438633230365,73,65.465,Recommended
3697,Skoda,Kushaq,2022,17.15,Electric,Automatic,0,480.2,4,4,Yes,Yes,No,Normal,Low,0.16,83.6,11.66,Good,36.1,73.2,Low,33.22162398759845,Low,10.408776422696647,79,84.55000000000001,Highly Recommended
3698,Honda,Elevate,2020,13.75,Petrol,Manual,998,16.9,4,2,Yes,Yes,No,Aggressive,High,0.37,98.7,12.55,Moderate,34.6,81.1,Low,9.602465551154165,Medium,51.5761569037715,59,54.085,Consider
3699,Toyota,Glanza,2019,12.84,Petrol,Manual,1290,12.9,3,6,Yes,No,Yes,Calm,Low,0.27,100.4,12.5,Moderate,31.3,71.3,Low,16.26164581701811,Low,13.301022862065189,56,58.135,Consider
3700,Honda,Elevate,2024,16.33,Electric,Manual,0,390.5,4,4,Yes,Yes,No,Normal,Low,0.17,72.8,11.89,Poor,31.1,79.7,Medium,48.441300143749174,Low,19.908004031769337,59,70.19375,Recommended
3701,Renault,Triber,2023,6.0,Petrol,Manual,1290,18.2,2,4,Yes,No,Yes,Normal,Low,0.0,92.0,12.28,Good,33.7,70.4,Low,13.433945670780574,Low,9.858181785519776,52,57.13,Consider
3702,Mahindra,XUV 3XO,2021,13.61,Electric,Manual,0,386.9,3,6,Yes,No,Yes,Aggressive,Medium,0.19,93.3,12.67,Moderate,30.3,75.0,Low,0.0,Medium,39.968448412947446,49,71.55875,Recommended
3703,Mahindra,Scorpio,2026,19.01,Electric,Manual,0,240.5,4,4,Yes,Yes,Yes,Aggressive,Medium,0.29,84.0,12.33,Good,34.7,75.5,Low,5.790654317513255,Medium,33.43859098404652,75,77.76875,Highly Recommended
3704,Mahindra,XUV700,2020,12.67,Petrol,Manual,1498,25.6,5,6,Yes,Yes,Yes,Aggressive,High,0.3,88.4,12.29,Good,30.9,68.6,Low,2.2450159469964763,Medium,50.810850238566566,82,71.74,Recommended
3705,Hyundai,i20,2020,6.01,CNG,Manual,998,24.9,4,6,Yes,Yes,Yes,Normal,Medium,0.18,80.2,11.2,Good,34.2,94.5,Low,15.529454487966676,Low,26.32579979454671,80,74.735,Recommended
3706,Renault,Kiger,2023,13.27,Petrol,Manual,1997,17.4,5,6,Yes,Yes,Yes,Aggressive,Low,0.07,97.8,12.78,Poor,34.8,85.9,Low,30.82709479535557,Medium,34.51994152034685,68,64.21000000000001,Recommended
3707,Toyota,Hyryder,2026,20.12,Petrol,Automatic,1197,18.4,4,4,Yes,Yes,Yes,Normal,High,0.43,83.6,12.26,Good,32.6,91.0,Low,8.495141651105573,Medium,30.56693301163684,76,72.96000000000001,Recommended
3708,Honda,City,2023,13.05,Diesel,Manual,1497,19.1,5,6,Yes,Yes,Yes,Normal,Low,0.08,96.9,12.87,Moderate,27.6,73.7,Low,10.378189138931422,Low,18.64872839420382,86,72.565,Recommended
3709,Maruti Suzuki,Fronx,2023,4.5,Diesel,Manual,998,20.7,4,6,Yes,No,No,Calm,Medium,0.17,77.0,12.91,Good,35.5,85.1,Low,10.49824616982544,Low,17.17241863379995,69,59.155,Consider
3710,Hyundai,Exter,2022,8.28,Petrol,Manual,1597,16.8,4,6,Yes,Yes,Yes,Aggressive,Low,0.06,83.6,11.91,Good,29.5,61.4,Low,28.305058637457314,Low,25.75384911255455,79,69.07000000000001,Recommended
3711,Honda,City,2019,8.07,Petrol,Automatic,2198,16.3,4,6,Yes,Yes,Yes,Normal,Medium,0.22,86.6,12.69,Good,29.2,57.9,Low,14.495230664688567,Low,23.255329825757933,82,75.345,Highly Recommended
3712,Kia,Seltos,2019,11.33,Diesel,Manual,1597,22.7,4,6,Yes,Yes,No,Normal,Low,0.1,102.9,12.1,Good,35.7,90.7,Low,10.892678531679152,Low,9.921005126570972,87,67.555,Recommended
3713,Toyota,Glanza,2023,14.68,Electric,Automatic,0,316.8,3,6,Yes,No,Yes,Normal,High,0.42,90.7,12.53,Moderate,25.8,100.0,Low,6.019126277417623,Medium,52.14777713183314,44,71.68,Recommended
3714,Mahindra,XUV 3XO,2023,14.69,Diesel,Automatic,2198,21.5,3,6,Yes,No,Yes,Aggressive,Medium,0.11,88.7,12.12,Good,30.0,100.0,Low,0.0,Low,28.62439668089802,59,65.775,Recommended
3715,Mahindra,XUV 3XO,2026,9.93,Petrol,Automatic,1498,22.2,5,4,Yes,Yes,No,Aggressive,Low,0.16,95.8,12.48,Moderate,30.3,100.0,Low,0.6494407435976255,Low,28.348104399895295,80,69.33,Recommended
3716,Volkswagen,Taigun,2023,4.5,CNG,Automatic,1597,29.8,4,2,Yes,Yes,Yes,Aggressive,Medium,0.26,95.2,11.53,Good,28.9,92.0,Low,20.83875737106819,Medium,34.06825369544329,69,75.52000000000001,Highly Recommended
3717,Kia,Seltos,2022,13.26,Petrol,Manual,2198,15.4,3,4,Yes,No,Yes,Normal,High,0.22,87.7,12.38,Moderate,34.1,90.0,Low,0.461543113089399,Medium,40.1618908833809,45,53.56,Consider
3718,Volkswagen,Taigun,2020,8.22,Diesel,Automatic,1199,25.5,3,4,Yes,No,No,Normal,High,0.53,82.9,12.84,Good,31.5,73.7,Low,11.04249131443153,Medium,41.8606060562249,49,55.875,Consider
3719,Volkswagen,Virtus,2021,11.76,CNG,Automatic,998,23.4,4,4,Yes,Yes,Yes,Normal,Low,0.13,85.8,12.28,Good,27.6,77.2,Low,15.175045426462145,Low,12.887925304473121,81,79.96000000000001,Highly Recommended
3720,Volkswagen,Taigun,2022,15.02,Petrol,Automatic,1199,24.4,2,4,Yes,No,Yes,Normal,Low,0.24,78.0,11.91,Good,34.1,77.6,Low,32.18433861227783,Low,12.429354475621317,48,61.260000000000005,Recommended
3721,Skoda,Slavia,2026,17.65,Electric,Automatic,0,361.4,5,6,Yes,Yes,Yes,Normal,Low,0.12,95.6,12.64,Poor,29.4,66.5,Low,30.458682933962834,Low,27.114398681108234,71,85.5025,Highly Recommended
3722,Renault,Kiger,2025,10.0,CNG,Automatic,1199,28.1,5,2,Yes,Yes,No,Calm,High,0.31,88.6,12.64,Good,33.5,99.1,Low,4.791997005375791,Medium,34.388908178799944,79,73.765,Recommended
3723,Maruti Suzuki,Baleno,2019,4.5,CNG,Manual,1290,25.3,4,6,Yes,No,Yes,Normal,Low,0.25,89.2,12.67,Poor,31.1,85.0,Low,22.02220110428948,Low,23.79758836402702,50,61.295,Recommended
3724,Skoda,Slavia,2020,13.14,Petrol,Manual,1597,18.2,5,4,Yes,Yes,No,Normal,Low,0.14,87.8,12.46,Good,34.1,81.3,Low,10.613925384995436,Low,13.261296959088845,90,68.22999999999999,Recommended
3725,Mahindra,XUV 3XO,2023,11.48,Petrol,Manual,1497,25.3,5,6,Yes,Yes,No,Aggressive,Medium,0.28,70.2,13.18,Moderate,31.2,63.5,Low,15.735761467702291,Medium,39.860860982955195,78,63.895,Recommended
3726,Tata,Altroz,2026,15.81,Petrol,Manual,1997,22.7,4,4,Yes,Yes,Yes,Normal,Low,0.07,88.5,11.73,Good,35.4,93.7,Low,16.64125557048159,Low,13.136993283461727,81,70.855,Recommended
3727,Honda,Amaze,2024,13.24,CNG,Manual,1997,19.8,5,6,Yes,Yes,Yes,Normal,High,0.36,84.2,12.9,Moderate,33.6,40.0,Low,19.40953993494502,Medium,47.56839176412677,74,71.27000000000001,Recommended
3728,Toyota,Innova,2026,16.2,Petrol,Automatic,998,13.8,4,4,Yes,Yes,No,Normal,Low,0.08,96.4,11.93,Good,29.5,82.4,Medium,37.37017106779319,Low,16.469028153277016,77,66.72,Recommended
3729,Volkswagen,Virtus,2019,4.54,Petrol,Manual,1290,17.9,5,6,Yes,Yes,Yes,Normal,Low,0.01,95.9,13.33,Good,35.0,80.3,Low,2.946025197444877,Low,10.387387799859825,96,76.885,Highly Recommended
3730,Skoda,Slavia,2021,7.73,Petrol,Manual,1497,17.4,3,4,Yes,No,Yes,Calm,Low,0.05,92.2,12.49,Moderate,33.2,100.0,Low,7.298310607657742,Low,12.514008087854824,54,57.91,Consider
3731,Tata,Harrier,2022,8.89,Petrol,Automatic,1597,17.8,5,6,Yes,Yes,No,Calm,Low,0.09,78.4,12.78,Good,37.2,53.5,Low,21.125459669792555,Low,0.7862394088139393,97,76.32,Highly Recommended
3732,Kia,Carens,2019,11.98,Electric,Automatic,0,229.8,4,2,Yes,Yes,Yes,Normal,Medium,0.13,87.4,13.32,Good,28.2,98.3,Low,0.0,Low,20.665007199635358,77,83.2675,Highly Recommended
3733,Maruti Suzuki,Dzire,2024,4.82,Petrol,Automatic,1997,19.4,4,2,Yes,Yes,Yes,Normal,Medium,0.16,101.5,12.32,Good,32.3,81.3,Low,7.307706933848623,Low,12.243045457598312,79,74.46000000000001,Recommended
3734,Mahindra,Thar,2023,14.65,Diesel,Automatic,1497,23.9,4,6,Yes,Yes,Yes,Aggressive,Medium,0.23,84.8,13.07,Poor,35.8,89.9,Low,21.853605665317804,Medium,40.242621642718355,60,66.58500000000001,Recommended
3735,Skoda,Kushaq,2023,10.64,Petrol,Manual,1197,19.0,3,2,Yes,No,No,Risky,High,0.34,93.2,13.07,Moderate,32.9,53.4,Low,22.870153798556117,High,65.23010959398658,29,40.9,Not Recommended
3736,Tata,Punch,2024,16.07,Electric,Automatic,0,313.3,5,7,Yes,No,No,Normal,Low,0.18,96.0,12.56,Good,33.2,64.5,Low,21.712352071859087,Low,18.16547085266552,77,80.39875,Highly Recommended
3737,Skoda,Kushaq,2024,10.4,Diesel,Manual,2198,23.2,5,6,Yes,Yes,Yes,Aggressive,Low,0.23,86.2,12.1,Good,35.0,100.0,Low,0.0,Low,25.000365961263427,91,75.43,Highly Recommended
3738,Kia,Sonet,2023,9.32,Petrol,Automatic,2198,21.9,4,6,Yes,No,Yes,Normal,Medium,0.26,95.1,12.12,Poor,32.4,77.4,Low,27.87243372826309,Low,28.171493897236317,48,60.885000000000005,Recommended
3739,Hyundai,Verna,2019,10.68,CNG,Manual,1290,24.7,3,6,Yes,No,No,Aggressive,Medium,0.2,83.5,12.55,Good,32.7,56.7,Low,22.182761306599655,Medium,35.80691454323324,53,56.555,Consider
3740,Toyota,Glanza,2026,15.64,Petrol,Manual,1290,24.3,3,7,Yes,No,Yes,Risky,Low,0.13,82.1,13.3,Good,30.9,67.4,Low,16.716050468471572,Medium,34.89153562673878,56,59.845,Consider
3741,Renault,Triber,2020,5.2,CNG,Manual,998,29.2,3,6,Yes,No,No,Normal,Medium,0.15,86.5,11.5,Moderate,32.2,74.2,Low,29.210455063374212,Low,26.096284592404245,49,55.43,Consider
3742,Renault,Kiger,2020,4.5,Petrol,Automatic,1197,17.1,3,4,Yes,No,No,Normal,High,0.4,82.6,12.0,Moderate,32.5,73.5,Low,23.635049022492655,Medium,53.81466535447201,37,49.215,Consider
3743,Toyota,Urban Cruiser,2025,15.76,CNG,Manual,2198,30.4,4,2,Yes,Yes,No,Aggressive,Low,0.06,76.0,12.74,Good,32.9,83.9,Low,6.953049040983871,Low,25.889256633285797,74,66.86000000000001,Recommended
3744,Hyundai,Exter,2024,14.27,Electric,Manual,0,328.2,4,6,Yes,No,Yes,Normal,Low,0.26,94.0,11.7,Good,32.6,71.3,Low,31.178878834958734,Low,10.767979140003202,69,78.3575,Highly Recommended
3745,Renault,Triber,2025,8.41,Diesel,Manual,1498,21.4,4,2,Yes,No,Yes,Normal,Low,0.17,73.6,12.37,Moderate,31.0,76.4,Low,9.576303283044695,Low,9.050662672248517,58,60.31,Recommended
3746,Toyota,Urban Cruiser,2020,14.93,Electric,Manual,0,363.4,5,6,Yes,Yes,No,Calm,Low,0.13,92.6,12.31,Good,35.4,50.9,Low,21.158953223384586,Low,14.436503702905643,92,84.0275,Highly Recommended
3747,Toyota,Hyryder,2019,10.26,Petrol,Manual,1497,21.9,4,6,Yes,Yes,Yes,Aggressive,Low,0.0,91.3,12.87,Good,29.3,100.0,Low,0.7637241320744405,Low,29.984836587241084,81,70.735,Recommended
3748,Honda,City,2025,6.69,Petrol,Manual,1290,20.8,3,6,Yes,No,Yes,Calm,Low,0.1,85.6,13.18,Poor,36.5,57.7,Low,34.184793188427214,Low,21.460599405080448,41,52.57,Consider
3749,Skoda,Slavia,2022,17.98,Electric,Automatic,0,315.4,4,7,Yes,Yes,No,Normal,Low,0.2,88.7,12.82,Good,31.1,87.7,Low,7.953572980160947,Low,5.570301817443941,91,86.7775,Highly Recommended
3750,Honda,City,2022,5.54,Diesel,Automatic,1497,23.0,4,7,Yes,Yes,No,Normal,Low,0.02,79.5,12.17,Good,36.1,80.6,Low,11.51690218549413,Low,6.894467525709942,90,73.95,Recommended
3751,Mahindra,XUV 3XO,2021,18.15,Electric,Automatic,0,331.5,5,6,Yes,Yes,Yes,Normal,Medium,0.29,101.3,11.91,Good,31.1,73.3,Low,27.291679753917357,Medium,30.000790687662963,85,90.68125,Highly Recommended
3752,Renault,Kwid,2022,4.63,Petrol,Manual,1997,19.2,4,4,Yes,No,Yes,Calm,Low,0.24,86.2,12.83,Moderate,26.1,95.5,Low,7.601198188593195,Low,10.855214954298274,62,61.78,Recommended
3753,Kia,Sonet,2026,12.3,Petrol,Automatic,1498,21.4,3,6,Yes,No,Yes,Aggressive,Medium,0.21,81.2,12.42,Good,29.9,75.4,Low,14.69858764866323,Medium,34.52188581759361,55,63.96,Recommended
3754,Hyundai,Verna,2024,7.5,Electric,Manual,0,253.7,5,4,Yes,Yes,No,Normal,Low,0.0,92.8,12.62,Good,29.2,100.0,Low,0.0,Low,15.721811240265751,90,79.01375,Highly Recommended
3755,Honda,City,2023,10.42,CNG,Automatic,1497,22.1,5,7,Yes,Yes,No,Calm,Medium,0.28,94.7,12.37,Good,28.0,84.3,Low,4.963359362682501,Low,22.68922692904982,93,79.16499999999999,Highly Recommended
3756,Skoda,Kushaq,2023,8.52,Diesel,Manual,1497,23.5,4,2,Yes,No,Yes,Aggressive,High,0.44,99.0,12.67,Moderate,32.6,46.5,Low,21.4933680778177,High,55.101824983364004,40,52.525,Consider
3757,Skoda,Kushaq,2025,10.92,Diesel,Manual,1290,22.4,4,6,Yes,Yes,Yes,Normal,High,0.32,97.0,13.14,Moderate,34.5,90.2,Low,7.797240136199078,Medium,33.655792571501124,73,67.21000000000001,Recommended
3758,Mahindra,XUV 3XO,2020,17.18,Petrol,Manual,1597,27.8,5,6,Yes,Yes,Yes,Normal,Medium,0.32,91.6,12.69,Poor,28.0,64.2,Low,31.349911494441265,Medium,36.98898653957455,67,65.32,Recommended
3759,Honda,Amaze,2019,10.03,CNG,Manual,1997,27.2,4,2,Yes,Yes,Yes,Aggressive,High,0.43,83.4,12.6,Good,31.1,68.4,Low,6.812330054984812,Medium,52.74783129126583,65,68.33,Recommended
3760,Toyota,Hyryder,2023,8.74,CNG,Manual,1197,19.8,5,7,Yes,Yes,Yes,Normal,Low,0.06,93.2,12.92,Moderate,34.2,96.1,Low,5.793725991461561,Low,18.381076092202925,89,78.02000000000001,Highly Recommended
3761,Hyundai,Creta,2019,7.62,CNG,Manual,1497,23.9,3,6,Yes,No,Yes,Calm,Medium,0.32,84.5,12.02,Good,33.8,45.3,Medium,47.6681747893552,Low,23.308706017499226,54,62.885000000000005,Recommended
3762,Mahindra,XUV 3XO,2026,18.35,Petrol,Automatic,2198,18.0,5,2,Yes,Yes,Yes,Normal,High,0.39,92.5,12.32,Moderate,29.8,84.0,Low,6.6718542230422075,Medium,40.078905968940994,71,70.65,Recommended
3763,Hyundai,Verna,2020,9.16,Electric,Manual,0,364.0,4,6,Yes,Yes,Yes,Normal,Low,0.32,76.0,12.1,Moderate,28.9,76.1,Low,17.350531917746064,Low,18.48831487236409,77,83.3,Highly Recommended
3764,Volkswagen,Taigun,2023,12.78,Electric,Automatic,0,278.6,5,4,Yes,Yes,No,Normal,Low,0.22,93.4,11.91,Moderate,32.6,84.8,Low,16.97445749140615,Low,19.403024891413228,81,80.89750000000001,Highly Recommended
3765,Renault,Triber,2021,4.5,Petrol,Manual,1199,15.1,4,6,Yes,Yes,Yes,Normal,Low,0.09,81.2,12.52,Moderate,32.0,72.3,Low,11.39644024975189,Low,19.927212743507173,77,67.91499999999999,Recommended
3766,Toyota,Urban Cruiser,2021,8.82,CNG,Manual,1498,26.4,5,4,Yes,Yes,Yes,Normal,Low,0.24,81.8,12.73,Good,33.5,91.9,Low,2.676297562224924,Low,14.39433151626512,91,79.91,Highly Recommended
3767,Tata,Curvv,2021,10.8,CNG,Manual,1290,25.4,5,6,Yes,Yes,Yes,Normal,Low,0.22,87.5,12.94,Moderate,36.1,70.0,Low,10.144705425365332,Low,19.4638401773788,86,77.51,Highly Recommended
3768,Toyota,Hyryder,2022,14.26,Petrol,Automatic,1498,15.9,3,4,Yes,No,No,Normal,Low,0.08,98.5,12.45,Good,34.5,87.7,Low,9.742967424618998,Low,18.08622844948823,57,58.035000000000004,Consider
3769,Hyundai,Verna,2022,7.89,Diesel,Automatic,1498,23.1,4,6,Yes,Yes,Yes,Calm,High,0.28,87.7,12.49,Good,33.4,100.0,Low,0.0,Medium,32.116189144835694,81,75.915,Highly Recommended
3770,Hyundai,Creta,2021,11.79,Electric,Automatic,0,388.9,4,6,Yes,Yes,Yes,Calm,Low,0.08,86.2,12.91,Good,31.5,59.1,Low,14.400839258202323,Low,3.3134540498892706,89,94.63375,Highly Recommended
3771,Toyota,Hyryder,2026,16.27,Petrol,Manual,2198,18.4,4,6,Yes,Yes,Yes,Risky,Low,0.09,92.1,12.46,Good,34.0,74.8,Low,6.4660321792680175,Medium,36.74008407623499,78,68.86,Recommended
3772,Toyota,Glanza,2022,6.79,Petrol,Manual,1199,18.7,4,6,Yes,Yes,Yes,Normal,High,0.44,92.7,12.6,Good,32.0,86.8,Low,3.994153637821854,Medium,42.758515745408445,76,68.005,Recommended
3773,Renault,Triber,2025,14.35,Electric,Automatic,0,371.5,4,6,Yes,Yes,Yes,Normal,Low,0.0,95.0,11.68,Good,30.2,85.2,Low,22.643409074471563,Low,10.02225119235484,85,92.18125,Highly Recommended
3774,Volkswagen,Taigun,2019,15.6,Electric,Automatic,0,323.7,4,6,Yes,Yes,Yes,Normal,Medium,0.21,90.0,13.32,Good,28.6,68.8,Low,0.0,Medium,31.984951380484368,81,88.58875,Highly Recommended
3775,Renault,Kiger,2023,9.9,Electric,Manual,0,349.8,3,6,Yes,No,Yes,Normal,Low,0.16,88.1,12.12,Good,32.4,87.9,Low,9.231995801408527,Low,12.101609431854069,63,76.4675,Highly Recommended
3776,Hyundai,Exter,2019,7.64,Diesel,Automatic,1498,21.5,3,7,Yes,No,No,Calm,Medium,0.28,96.5,12.26,Good,32.6,84.0,Low,15.028241205126536,Low,17.757636524604635,63,61.575,Recommended
3777,Honda,City,2020,11.03,Diesel,Manual,2198,23.6,4,6,Yes,Yes,Yes,Calm,Low,0.11,93.3,12.09,Good,31.6,89.5,Low,26.224785387973043,Low,9.69794030692722,85,72.78999999999999,Recommended
3778,Kia,Carens,2020,15.43,Petrol,Manual,1997,22.1,5,2,Yes,Yes,Yes,Calm,Low,0.11,82.1,12.18,Good,34.6,67.2,Low,13.488567917062682,Low,7.695289095232053,87,73.465,Recommended
3779,Volkswagen,Taigun,2022,16.34,Electric,Manual,0,416.5,3,6,Yes,No,Yes,Normal,High,0.32,89.4,12.42,Good,32.0,100.0,Low,3.952843612596279,Medium,42.59622871434049,53,73.85,Recommended
3780,Tata,Altroz,2021,14.82,Electric,Automatic,0,271.6,4,6,Yes,Yes,Yes,Risky,Medium,0.08,92.9,12.57,Poor,32.9,88.4,Low,28.404887611556518,High,55.91403123888395,53,74.035,Recommended
3781,Toyota,Hyryder,2024,17.07,Petrol,Manual,1199,22.0,4,6,Yes,Yes,Yes,Normal,High,0.4,84.4,11.91,Poor,31.7,54.6,Medium,56.80479654747906,High,58.448393250256665,48,55.900000000000006,Consider
3782,Honda,City,2020,12.13,Electric,Manual,0,376.6,3,6,Yes,No,Yes,Normal,Medium,0.23,91.1,12.1,Moderate,30.5,100.0,Low,5.750737083617582,Low,24.613612472932203,54,73.4225,Recommended
3783,Renault,Kwid,2022,6.47,Petrol,Manual,1197,18.1,3,6,Yes,No,Yes,Aggressive,Low,0.17,89.7,12.23,Good,32.6,67.1,Low,0.0,Low,29.185708929156064,59,60.265,Recommended
3784,Kia,Seltos,2024,9.64,Diesel,Manual,1597,21.0,3,6,Yes,No,Yes,Normal,Low,0.2,91.7,12.67,Good,31.6,90.5,Low,0.0,Low,8.462435338806575,66,63.85,Recommended
3785,Renault,Kiger,2019,7.17,Petrol,Manual,1197,19.1,5,6,Yes,Yes,Yes,Calm,Low,0.02,76.3,13.03,Good,33.0,93.0,Low,0.0,Low,9.9626335746038,97,77.515,Highly Recommended
3786,Honda,Elevate,2024,16.36,Diesel,Manual,1497,26.1,3,4,Yes,No,No,Normal,Medium,0.12,79.3,13.09,Good,27.5,67.5,Low,19.28802286302398,Low,22.60602406670053,54,53.215,Consider
3787,Kia,Sonet,2023,11.05,Diesel,Automatic,1997,25.1,2,6,Yes,No,Yes,Normal,Low,0.15,86.3,12.59,Moderate,30.6,94.6,Low,2.4608723082280197,Low,19.638156754187932,48,61.365,Recommended
3788,Skoda,Slavia,2025,16.85,Petrol,Manual,1199,17.8,3,4,Yes,No,No,Aggressive,Low,0.13,87.4,12.48,Good,30.8,73.6,Low,7.78990001479556,Low,25.449158071506787,55,52.42,Consider
3789,Volkswagen,Taigun,2026,10.89,CNG,Manual,998,27.8,5,2,Yes,Yes,Yes,Normal,Low,0.1,101.7,12.35,Good,31.5,100.0,Low,0.0,Low,14.698461763269533,87,78.32,Highly Recommended
3790,Renault,Kiger,2021,9.32,Petrol,Automatic,998,14.4,4,6,Yes,Yes,Yes,Aggressive,High,0.47,92.2,11.69,Good,31.7,80.0,Low,34.6449833332648,Medium,52.359535089472196,68,68.76,Recommended
3791,Kia,Carens,2019,8.76,CNG,Automatic,1498,27.1,3,6,Yes,No,Yes,Calm,Medium,0.3,94.5,12.48,Moderate,38.0,74.7,Low,8.350346954097262,Low,23.744680770180288,53,67.915,Recommended
3792,Tata,Nexon,2024,12.52,Diesel,Automatic,1199,19.2,5,6,Yes,Yes,No,Risky,Medium,0.13,80.6,13.72,Moderate,33.6,63.9,Low,15.123019668972848,High,56.37408865769996,72,65.28,Recommended
3793,Hyundai,Verna,2026,11.81,Diesel,Manual,1290,18.1,4,2,Yes,Yes,Yes,Calm,Low,0.16,93.3,12.44,Moderate,34.1,76.4,Low,11.992631294809886,Low,13.914830967957746,71,65.66499999999999,Recommended
3794,Kia,Carens,2019,11.32,Diesel,Automatic,1497,27.5,4,2,Yes,Yes,Yes,Calm,Low,0.1,86.9,11.77,Moderate,32.6,75.1,Low,29.93222879257464,Low,15.613350162414745,68,70.725,Recommended
3795,Volkswagen,Taigun,2026,12.53,Electric,Manual,0,371.4,4,6,Yes,Yes,Yes,Normal,Medium,0.17,90.8,12.77,Poor,33.2,60.7,Medium,41.02711884895837,Medium,32.62718065100458,59,75.47749999999999,Highly Recommended
3796,Renault,Triber,2022,6.9,Petrol,Automatic,1197,17.2,4,4,Yes,Yes,Yes,Aggressive,Low,0.12,89.8,12.48,Good,32.7,75.5,Low,12.08202831689617,Low,24.473551499426364,78,73.68,Recommended
3797,Kia,Seltos,2020,13.37,Petrol,Manual,1997,13.0,3,6,Yes,No,No,Normal,Low,0.17,85.4,12.68,Good,32.2,97.4,Low,5.484626187093557,Low,19.13169041796488,61,54.4,Consider
3798,Kia,Sonet,2024,6.85,Petrol,Automatic,998,19.1,5,6,Yes,Yes,Yes,Risky,Low,0.15,97.9,12.7,Good,29.1,74.0,Low,9.64614786197627,Medium,36.816766534876116,86,77.565,Highly Recommended
3799,Toyota,Hyryder,2020,17.27,Diesel,Manual,1290,19.9,4,6,Yes,Yes,Yes,Aggressive,Low,0.09,81.6,12.97,Good,32.9,87.9,Low,9.777571647359192,Low,25.80805244726885,82,70.88499999999999,Recommended
3800,Tata,Altroz,2021,6.78,Petrol,Manual,1497,18.2,5,7,Yes,Yes,Yes,Normal,Medium,0.21,91.8,12.19,Good,34.2,100.0,Low,1.3274157954343688,Low,24.97378144652016,93,75.58,Highly Recommended
3801,Skoda,Kushaq,2025,12.0,Petrol,Automatic,1290,21.2,4,6,Yes,Yes,Yes,Normal,High,0.39,87.5,12.44,Good,30.2,77.2,Low,4.7062731238017035,Medium,40.48300679673791,77,73.83,Recommended
3802,Hyundai,i20,2026,14.06,Petrol,Automatic,1197,15.4,4,2,Yes,No,Yes,Normal,Low,0.1,90.9,12.43,Poor,33.8,82.2,Low,21.304540183027083,Low,22.549106302815254,43,57.66,Consider
3803,Tata,Punch,2024,12.49,Electric,Manual,0,271.9,5,4,Yes,Yes,No,Normal,High,0.35,91.6,12.96,Good,34.4,75.1,Low,14.304209667979986,Medium,45.06704093183622,78,74.29625,Recommended
3804,Volkswagen,Taigun,2022,8.08,Petrol,Manual,998,18.2,4,4,Yes,Yes,Yes,Normal,Low,0.07,97.2,12.73,Moderate,33.9,66.4,Low,9.682887211290199,Low,11.375148122215627,77,68.38,Recommended
3805,Hyundai,i20,2020,6.7,Diesel,Manual,1290,15.0,4,7,Yes,Yes,No,Normal,Low,0.15,93.2,12.1,Moderate,34.2,57.7,Low,13.326812535614073,Low,11.9155664814946,82,64.15,Recommended
3806,Toyota,Glanza,2024,17.08,Diesel,Manual,1497,20.6,4,6,Yes,Yes,Yes,Normal,Low,0.05,87.7,11.73,Good,27.8,78.1,Low,28.752682755626218,Low,17.816771096711506,81,70.54,Recommended
3807,Hyundai,Creta,2020,9.43,Diesel,Automatic,1199,20.1,4,4,Yes,Yes,Yes,Normal,Low,0.13,94.4,11.35,Moderate,35.7,61.8,Low,34.17400695499948,Low,20.956274229955728,70,70.515,Recommended
3808,Honda,Elevate,2021,12.16,CNG,Automatic,1497,21.7,5,6,Yes,Yes,No,Normal,Low,0.14,98.8,13.54,Moderate,30.9,90.5,Low,3.840879236483372,Low,23.052192089357913,85,75.505,Highly Recommended
3809,Skoda,Kushaq,2020,14.84,CNG,Manual,1997,26.0,5,6,Yes,Yes,No,Normal,High,0.3,83.2,12.29,Good,33.7,77.6,Low,16.78077443164745,Medium,40.52118561230703,83,70.25,Recommended
3810,Tata,Curvv,2019,10.91,Petrol,Manual,2198,19.2,5,6,Yes,Yes,Yes,Normal,Low,0.11,73.9,11.67,Good,30.6,78.3,Low,32.68030117111159,Low,9.109593946611241,92,75.28,Highly Recommended
3811,Toyota,Innova,2025,14.18,Diesel,Automatic,1290,25.6,5,7,Yes,Yes,Yes,Aggressive,Medium,0.28,72.3,12.46,Good,31.3,57.0,Low,16.04164130311188,Medium,40.479425507572145,85,78.09,Highly Recommended
3812,Volkswagen,Taigun,2025,18.03,CNG,Manual,2198,22.2,3,4,Yes,No,Yes,Calm,Low,0.1,70.5,11.64,Moderate,30.3,93.3,Low,21.538829566914572,Low,6.655421094547329,53,62.18,Recommended
3813,Tata,Nexon,2024,10.96,Petrol,Manual,2198,20.2,5,6,Yes,Yes,Yes,Normal,Low,0.13,84.3,12.78,Good,36.0,89.8,Low,1.6438838754736493,Low,9.545613918031751,96,77.23,Highly Recommended
3814,Skoda,Slavia,2024,12.69,Diesel,Manual,998,17.2,5,6,Yes,Yes,Yes,Normal,Medium,0.16,88.1,12.46,Good,31.0,51.1,Low,14.814783340298025,Low,25.74401055281294,89,73.63,Recommended
3815,Honda,Elevate,2024,12.9,Petrol,Manual,1597,19.8,4,2,Yes,Yes,No,Normal,Medium,0.4,82.9,12.1,Poor,30.3,89.2,Low,15.87473826471961,Medium,39.64424597117765,53,51.82,Consider
3816,Toyota,Glanza,2024,8.56,Diesel,Automatic,1498,20.2,2,6,Yes,No,Yes,Normal,Medium,0.2,82.0,12.59,Poor,25.9,95.1,Low,19.978447737670592,Medium,35.30283088493125,31,52.980000000000004,Consider
3817,Maruti Suzuki,Swift,2021,11.69,Electric,Manual,0,347.6,4,6,Yes,No,Yes,Normal,High,0.29,91.1,12.29,Good,36.0,76.6,Low,3.1413946141870746,Medium,40.60556366594346,62,75.935,Highly Recommended
3818,Volkswagen,Virtus,2021,10.94,CNG,Manual,2198,25.9,3,7,Yes,No,Yes,Normal,Low,0.1,83.2,12.43,Good,28.3,81.1,Low,14.67380013007418,Low,14.988573601598057,64,67.685,Recommended
3819,Hyundai,Exter,2019,9.02,CNG,Automatic,998,27.4,4,7,Yes,Yes,Yes,Aggressive,Low,0.03,95.3,13.04,Moderate,26.8,78.9,Low,9.16640962254881,Low,25.71907462044826,78,79.21000000000001,Highly Recommended
3820,Toyota,Glanza,2020,7.69,Petrol,Manual,1597,15.9,5,2,Yes,Yes,No,Normal,Low,0.13,85.3,11.92,Good,35.6,91.7,Low,20.620433074770332,Low,12.885820815697127,84,65.185,Recommended
3821,Maruti Suzuki,Swift,2025,9.36,Diesel,Automatic,1498,16.4,3,6,Yes,No,Yes,Normal,Low,0.02,91.6,12.04,Good,32.5,49.5,Medium,45.555680069831105,Low,15.574730163305837,57,64.11,Recommended
3822,Skoda,Slavia,2024,19.18,Electric,Manual,0,391.7,3,2,Yes,No,No,Aggressive,High,0.32,79.0,12.29,Good,28.4,85.1,Low,0.8302599248915712,High,56.93423211773774,41,62.13875,Recommended
3823,Tata,Punch,2021,4.74,Petrol,Automatic,2198,19.3,4,4,Yes,Yes,No,Normal,Low,0.15,98.3,12.65,Good,35.5,90.2,Low,9.79709597261309,Low,16.18256409631297,81,69.345,Recommended
3824,Hyundai,i20,2024,8.49,Petrol,Manual,1498,21.5,4,6,Yes,Yes,Yes,Normal,Low,0.11,89.3,12.88,Good,35.4,63.4,Low,16.278808919958887,Low,10.12376716494622,86,72.92500000000001,Recommended
3825,Maruti Suzuki,Baleno,2025,9.75,Diesel,Automatic,1498,21.7,4,6,Yes,Yes,Yes,Aggressive,Low,0.27,87.7,12.62,Good,34.2,70.3,Low,11.148085886868083,Low,26.508907953447423,81,75.70500000000001,Highly Recommended
3826,Skoda,Kushaq,2024,9.18,Petrol,Automatic,1597,22.7,4,6,Yes,Yes,Yes,Normal,Low,0.2,93.5,12.4,Good,29.6,68.1,Low,8.383799257831022,Low,13.949251604115796,86,78.105,Highly Recommended
3827,Honda,Elevate,2024,13.35,CNG,Automatic,998,25.4,3,6,Yes,No,Yes,Normal,Medium,0.15,78.5,12.14,Good,26.2,100.0,Low,0.2642919418034523,Low,20.494301856996348,62,71.71000000000001,Recommended
3828,Toyota,Hyryder,2019,14.55,Petrol,Automatic,1597,16.5,5,6,Yes,Yes,Yes,Normal,Low,0.09,90.2,12.36,Moderate,34.7,86.2,Low,0.0,Low,14.441354860130422,89,78.525,Highly Recommended
3829,Hyundai,Verna,2020,7.13,Petrol,Manual,1197,15.3,3,2,Yes,No,Yes,Normal,Medium,0.26,94.7,12.45,Moderate,29.9,89.1,Low,9.390320102354341,Medium,35.01999860649203,41,51.745,Consider
3830,Maruti Suzuki,Swift,2022,11.32,CNG,Manual,1197,23.6,4,7,Yes,Yes,Yes,Normal,Low,0.21,88.8,12.33,Good,28.2,54.7,Low,18.258466494180116,Low,13.922596317442263,86,77.24000000000001,Highly Recommended
3831,Kia,Sonet,2023,18.27,Electric,Automatic,0,393.5,4,7,Yes,Yes,Yes,Calm,Medium,0.1,96.3,12.44,Moderate,28.1,89.7,Low,1.5445621522739925,Low,23.927775602206705,79,90.30625,Highly Recommended
3832,Toyota,Glanza,2024,16.19,Electric,Automatic,0,345.7,5,4,Yes,Yes,Yes,Normal,High,0.45,84.9,12.95,Poor,34.8,63.2,Low,33.08515296691754,High,56.01912125146942,56,78.16375,Highly Recommended
3833,Mahindra,Thar,2020,16.58,Petrol,Manual,2198,19.3,3,6,Yes,No,Yes,Risky,Low,0.18,87.8,12.54,Good,33.0,75.1,Low,10.30161023012316,Low,27.99662892859689,58,59.995000000000005,Consider
3834,Honda,Elevate,2020,8.85,Diesel,Manual,998,22.3,4,2,Yes,Yes,Yes,Aggressive,Medium,0.25,87.5,12.48,Good,28.6,99.0,Low,0.0,Medium,34.63199380931812,72,66.745,Recommended
3835,Toyota,Innova,2019,9.76,Petrol,Manual,1997,18.1,4,6,Yes,Yes,Yes,Normal,Low,0.17,85.4,12.64,Moderate,29.3,96.1,Low,0.0,Low,17.084591134277954,80,69.715,Recommended
3836,Honda,Amaze,2022,15.93,Petrol,Automatic,1997,22.9,4,4,Yes,Yes,Yes,Normal,High,0.33,93.5,12.6,Good,34.1,85.8,Low,4.322076490794126,Medium,42.50053017878451,72,71.83500000000001,Recommended
3837,Honda,Amaze,2026,7.45,Petrol,Automatic,1498,10.0,5,6,Yes,Yes,Yes,Normal,Medium,0.17,91.8,12.71,Good,33.1,95.4,Low,2.4955739454637764,Low,17.745198606413,93,79.35,Highly Recommended
3838,Volkswagen,Virtus,2023,13.71,CNG,Automatic,1597,25.3,5,6,Yes,Yes,Yes,Risky,Medium,0.22,84.9,12.54,Good,32.3,66.7,Low,17.03741180077041,Medium,47.59161077717673,81,80.245,Highly Recommended
3839,Toyota,Hyryder,2024,14.06,Diesel,Manual,2198,25.5,4,6,Yes,No,Yes,Normal,High,0.4,104.3,12.34,Good,35.0,96.7,Low,13.795745650177313,Medium,35.67691866709096,62,62.725,Recommended
3840,Hyundai,Creta,2021,9.03,Electric,Manual,0,344.3,5,4,Yes,Yes,Yes,Normal,Low,0.23,88.0,12.79,Good,27.4,100.0,Low,2.9022834236729453,Low,16.15130774947167,90,88.41125,Highly Recommended
3841,Kia,Carens,2023,15.24,Petrol,Manual,1290,23.3,4,7,Yes,Yes,Yes,Normal,Low,0.05,93.5,12.44,Poor,35.8,76.2,Low,31.25244107871896,Low,23.56367709982574,66,64.195,Recommended
3842,Maruti Suzuki,Fronx,2022,7.54,CNG,Manual,1597,26.0,3,6,Yes,No,Yes,Aggressive,High,0.47,78.3,13.1,Moderate,28.0,57.9,Low,21.56145884617378,High,59.218166053364115,39,56.45,Consider
3843,Maruti Suzuki,Baleno,2025,7.78,CNG,Manual,1290,22.4,3,6,Yes,No,No,Normal,Low,0.01,93.7,12.53,Good,34.9,67.7,Low,11.866683993546774,Low,7.442608546799731,65,61.61,Recommended
3844,Volkswagen,Virtus,2023,12.99,Diesel,Manual,1197,16.2,4,6,Yes,Yes,Yes,Calm,High,0.43,92.8,11.52,Good,31.0,94.9,Low,18.90850454649598,Medium,37.090579618579156,76,67.63,Recommended
3845,Maruti Suzuki,Baleno,2019,12.65,Electric,Automatic,0,413.8,4,2,Yes,Yes,Yes,Normal,Low,0.24,78.9,11.63,Moderate,31.5,61.0,Low,34.510136201572536,Low,21.25341351463425,65,84.25,Highly Recommended
3846,Maruti Suzuki,Brezza,2025,11.88,CNG,Manual,998,27.7,4,4,Yes,Yes,Yes,Aggressive,High,0.43,94.5,12.32,Good,31.0,63.9,Low,9.431616169532628,High,58.59320711391284,66,68.85499999999999,Recommended
3847,Renault,Kiger,2019,7.72,Petrol,Manual,1497,20.0,4,2,Yes,Yes,Yes,Aggressive,High,0.42,71.2,12.4,Moderate,32.9,67.1,Low,14.713300431495789,Medium,47.92740041749853,59,60.55,Recommended
3848,Toyota,Glanza,2025,12.76,Petrol,Automatic,2198,10.0,4,6,Yes,Yes,Yes,Normal,Low,0.09,85.9,12.54,Moderate,36.7,73.5,Low,3.556947844195582,Low,17.534198624019883,79,73.05000000000001,Recommended
3849,Renault,Triber,2020,8.36,Petrol,Automatic,1997,18.3,4,4,Yes,Yes,Yes,Normal,Medium,0.23,93.8,12.6,Good,29.0,73.3,Low,12.437903990530705,Low,23.823595647279205,78,73.845,Recommended
3850,Skoda,Slavia,2023,18.65,CNG,Automatic,1497,21.7,3,2,Yes,No,Yes,Aggressive,Medium,0.06,85.7,12.55,Good,32.8,80.4,Low,13.14488441516463,Medium,36.51957098514907,46,63.955,Recommended
3851,Skoda,Kushaq,2022,12.12,Petrol,Manual,1997,15.2,4,6,Yes,Yes,Yes,Normal,Low,0.1,81.4,12.63,Good,32.1,78.6,Low,2.2018518337174777,Low,10.2632390519542,88,72.88,Recommended
3852,Maruti Suzuki,Brezza,2024,10.81,Petrol,Automatic,1290,19.5,4,4,Yes,Yes,Yes,Aggressive,Low,0.01,91.3,13.52,Good,36.0,100.0,Low,0.0,Low,13.735053869307652,83,76.275,Highly Recommended
3853,Skoda,Kushaq,2023,15.45,Electric,Automatic,0,264.0,4,4,Yes,Yes,Yes,Aggressive,High,0.34,89.5,12.9,Good,31.1,86.8,Low,1.7584180967388985,Medium,51.202100984965014,70,81.4,Highly Recommended
3854,Toyota,Hyryder,2025,11.81,Petrol,Manual,2198,20.5,5,4,Yes,No,No,Normal,Medium,0.16,92.5,12.21,Poor,36.6,97.1,Low,14.724570598095882,Medium,39.66672045641867,50,50.575,Consider
3855,Honda,Elevate,2020,4.5,Petrol,Automatic,998,18.7,4,2,Yes,Yes,No,Normal,Low,0.11,86.3,13.27,Good,34.3,100.0,Low,8.795627471283606,Low,11.561540607350732,79,68.355,Recommended
3856,Tata,Punch,2021,4.5,CNG,Automatic,1290,23.4,4,4,Yes,Yes,Yes,Normal,Medium,0.25,87.6,12.51,Good,32.4,84.7,Low,1.3595903456420224,Low,25.25267483880759,79,79.06,Highly Recommended
3857,Toyota,Hyryder,2023,8.25,CNG,Manual,2198,25.8,5,6,Yes,Yes,No,Normal,Low,0.26,85.4,13.65,Poor,29.2,92.8,Low,19.741997335991275,Low,28.036812703248124,72,65.27,Recommended
3858,Skoda,Kushaq,2022,9.87,CNG,Automatic,1497,25.7,5,6,Yes,Yes,Yes,Normal,Medium,0.2,104.5,11.74,Poor,35.3,71.0,Medium,58.75383505239056,Medium,31.54082487653599,65,73.10499999999999,Recommended
3859,Kia,Seltos,2019,11.43,Electric,Automatic,0,350.4,5,4,Yes,Yes,Yes,Risky,Medium,0.33,76.5,12.71,Good,31.3,100.0,Low,2.637639918138608,Medium,46.1140167150391,79,88.69,Highly Recommended
3860,Hyundai,i20,2025,12.97,CNG,Manual,1290,28.5,4,2,Yes,Yes,Yes,Normal,Low,0.19,84.9,12.91,Good,38.0,85.1,Low,17.222766285460985,Low,16.84464227303564,76,73.475,Recommended
3861,Renault,Kwid,2019,9.68,CNG,Manual,1498,25.8,5,2,Yes,Yes,Yes,Normal,Low,0.25,101.9,12.38,Moderate,32.1,74.2,Low,13.267620910329029,Low,15.365412295244326,79,74.42,Recommended
3862,Toyota,Innova,2020,9.04,Petrol,Manual,1497,16.9,4,6,Yes,Yes,Yes,Aggressive,Low,0.22,94.7,12.88,Moderate,30.8,100.0,Low,7.999690336984984,Medium,32.703118890481356,73,66.38499999999999,Recommended
3863,Volkswagen,Taigun,2022,10.94,Petrol,Manual,1498,19.9,5,4,Yes,Yes,Yes,Aggressive,Medium,0.32,94.2,12.33,Good,32.8,88.1,Low,13.087519236150289,Medium,37.72521252280166,81,70.435,Recommended
3864,Honda,City,2021,11.73,Petrol,Automatic,1997,18.8,5,6,Yes,Yes,Yes,Normal,Low,0.25,103.0,13.09,Moderate,31.4,84.6,Low,15.503320934538618,Low,22.16117933107557,84,76.62,Highly Recommended
3865,Mahindra,Thar,2021,8.42,Diesel,Manual,1199,18.6,4,4,Yes,Yes,Yes,Normal,Low,0.2,90.6,13.16,Good,34.0,75.8,Low,16.42962329271642,Low,15.094575259752085,80,69.78999999999999,Recommended
3866,Mahindra,XUV 3XO,2023,21.53,Electric,Automatic,0,387.1,4,2,Yes,Yes,Yes,Aggressive,High,0.3,87.5,12.96,Good,30.7,91.0,Low,10.765869745696323,Medium,45.697216185902924,66,84.21625,Highly Recommended
3867,Toyota,Glanza,2021,12.8,Diesel,Manual,1290,17.3,4,6,Yes,Yes,Yes,Normal,Low,0.0,92.2,12.77,Moderate,32.8,88.0,Low,2.830167556373801,Low,13.666765731902432,81,70.045,Recommended
3868,Kia,Carens,2020,7.25,Petrol,Automatic,1498,17.0,4,6,Yes,Yes,Yes,Normal,Medium,0.2,94.8,12.87,Good,30.0,57.1,Low,18.801900594444163,Low,25.199170689137837,80,74.55,Recommended
3869,Tata,Punch,2020,10.98,Petrol,Automatic,2198,20.9,5,6,Yes,Yes,Yes,Calm,Low,0.24,82.9,12.18,Good,33.6,77.8,Low,14.799226483418252,Low,16.44899366523369,92,80.535,Highly Recommended
3870,Honda,Elevate,2024,9.02,Diesel,Manual,1497,13.6,4,6,Yes,Yes,Yes,Normal,Low,0.06,94.3,12.75,Poor,33.3,71.0,Low,34.671336680611546,Low,24.247750265859104,63,61.39,Recommended
3871,Tata,Harrier,2020,7.28,Petrol,Manual,1197,22.8,4,6,Yes,Yes,Yes,Normal,Low,0.16,90.8,12.56,Good,31.3,51.9,Low,14.766607019798503,Low,12.906543809758489,85,72.67,Recommended
3872,Honda,Amaze,2024,14.8,Electric,Automatic,0,373.2,4,2,Yes,Yes,Yes,Normal,Low,0.17,93.9,12.86,Good,31.6,89.1,Low,1.6553063045274499,Low,3.5090491661026775,83,91.345,Highly Recommended
3873,Renault,Kiger,2021,9.51,Petrol,Automatic,998,20.8,5,6,Yes,Yes,Yes,Risky,Low,0.13,98.8,12.24,Moderate,36.1,79.5,Low,3.2467225741854993,Medium,35.80648574145907,81,75.57,Highly Recommended
3874,Kia,Sonet,2019,12.11,Electric,Manual,0,316.6,3,2,Yes,No,Yes,Normal,Low,0.07,94.2,12.75,Moderate,31.4,83.6,Low,3.424934537880829,Low,10.213599582500764,51,69.82249999999999,Recommended
3875,Honda,Elevate,2023,9.09,Diesel,Manual,1497,21.2,5,6,Yes,Yes,Yes,Normal,Low,0.12,80.9,13.03,Moderate,34.7,95.9,Low,0.0,Low,18.39913417788669,88,73.78,Recommended
3876,Mahindra,XUV 3XO,2019,16.78,Petrol,Automatic,1197,16.2,3,2,Yes,No,Yes,Normal,Low,0.09,83.2,12.97,Good,31.3,81.5,Low,0.8387297005409122,Low,10.883958389892342,57,64.08,Recommended
3877,Tata,Harrier,2020,10.6,Electric,Manual,0,408.0,4,4,Yes,No,Yes,Normal,Low,0.22,87.2,12.39,Good,31.6,89.1,Low,3.2668076084973405,Low,3.893559364885231,71,81.95,Highly Recommended
3878,Toyota,Glanza,2025,11.15,Diesel,Automatic,2198,18.3,4,6,Yes,Yes,Yes,Normal,High,0.41,97.6,12.52,Good,33.6,95.7,Low,10.918754710590893,Medium,42.245853825631386,76,72.945,Recommended
3879,Tata,Nexon,2025,10.63,Diesel,Manual,1199,26.2,3,2,Yes,No,Yes,Normal,Low,0.33,89.1,12.12,Poor,34.6,88.9,Low,29.743106444995245,Low,26.48650330128065,32,49.33,Consider
3880,Volkswagen,Virtus,2021,9.61,Diesel,Manual,1197,19.4,4,4,Yes,Yes,Yes,Aggressive,Low,0.07,84.2,12.39,Good,35.8,93.2,Low,0.0,Low,25.974248909346212,79,69.46000000000001,Recommended
3881,Skoda,Kushaq,2024,10.01,Petrol,Manual,1498,22.7,4,6,Yes,No,No,Normal,Low,0.11,85.4,12.26,Good,35.0,67.4,Low,13.372336714668185,Low,1.4421324693329378,74,61.705000000000005,Recommended
3882,Tata,Curvv,2020,9.65,Petrol,Manual,998,21.7,5,2,Yes,Yes,Yes,Normal,Low,0.13,84.9,12.09,Moderate,31.4,82.6,Low,21.476303168496045,Low,12.829847486109578,78,69.355,Recommended
3883,Mahindra,XUV 3XO,2023,16.77,Petrol,Manual,1290,23.0,4,7,Yes,Yes,Yes,Aggressive,Low,0.1,86.0,13.63,Good,31.6,55.4,Low,16.376195492692204,Low,17.291199091838457,85,72.7,Recommended
3884,Toyota,Glanza,2020,8.2,Diesel,Automatic,1497,17.5,4,4,Yes,Yes,Yes,Normal,Medium,0.22,89.1,12.52,Good,33.1,100.0,Low,3.498372695855911,Low,17.315428925311036,81,75.075,Highly Recommended
3885,Toyota,Innova,2025,13.12,Petrol,Automatic,1498,19.6,3,2,Yes,No,Yes,Normal,Low,0.0,80.5,12.36,Good,31.4,59.9,Low,12.66091405576151,Low,4.981285170151669,57,64.59,Recommended
3886,Mahindra,Scorpio,2026,15.72,Electric,Automatic,0,361.9,5,6,Yes,Yes,Yes,Normal,Low,0.06,85.4,12.07,Good,33.6,82.4,Low,32.234528391213466,Low,8.331665644494585,92,94.97125,Highly Recommended
3887,Toyota,Innova,2026,20.82,Electric,Manual,0,430.8,5,2,Yes,Yes,No,Aggressive,Low,0.08,82.1,11.92,Poor,36.0,82.6,Medium,50.84574356047385,Medium,30.65247817787548,59,70.55,Recommended
3888,Skoda,Slavia,2026,11.96,Petrol,Automatic,1199,18.5,5,4,Yes,Yes,No,Normal,High,0.47,87.6,12.53,Good,32.8,87.0,Low,15.120594908775843,Medium,42.225586981829075,79,68.325,Recommended
3889,Tata,Punch,2025,7.08,Petrol,Manual,2198,18.7,3,4,Yes,No,Yes,Calm,Medium,0.06,88.8,12.72,Good,28.3,80.0,Low,1.549981076937093,Low,16.782838076786962,59,60.355000000000004,Recommended
3890,Skoda,Slavia,2022,13.66,Petrol,Automatic,2198,18.5,4,6,Yes,Yes,No,Calm,Low,0.08,69.5,11.82,Moderate,30.5,93.3,Low,17.790539564353885,Low,11.547565211901029,79,68.325,Recommended
3891,Renault,Triber,2024,6.36,Petrol,Manual,1199,19.2,4,2,Yes,Yes,Yes,Normal,Low,0.04,93.9,12.16,Moderate,32.4,71.5,Low,0.0,Low,13.99857061051584,73,66.73,Recommended
3892,Skoda,Kushaq,2025,14.62,Petrol,Manual,1199,15.6,5,6,Yes,Yes,Yes,Calm,Low,0.1,96.7,12.57,Good,31.7,70.1,Low,14.438995267370508,Low,7.127353606514486,95,76.09,Highly Recommended
3893,Mahindra,XUV 3XO,2022,7.85,Petrol,Automatic,1498,20.2,5,6,Yes,Yes,Yes,Normal,Low,0.18,89.3,13.04,Good,32.2,87.5,Low,1.1843988984295413,Low,25.5631458988435,91,79.98,Highly Recommended
3894,Kia,Carens,2026,10.35,Diesel,Manual,1290,15.9,4,6,Yes,Yes,Yes,Calm,Medium,0.27,94.3,12.59,Moderate,30.4,76.2,Low,13.843964184238025,Low,19.9328171665675,77,68.035,Recommended
3895,Maruti Suzuki,Brezza,2026,13.21,CNG,Manual,1498,24.8,5,2,Yes,Yes,Yes,Normal,High,0.46,101.2,13.12,Poor,32.9,74.3,Medium,43.71339457065008,Medium,49.74376621746842,53,62.57,Recommended
3896,Hyundai,Exter,2025,15.38,Electric,Manual,0,367.2,4,6,Yes,Yes,Yes,Normal,Low,0.18,93.7,13.04,Moderate,27.9,85.7,Low,12.797612951450564,Low,16.11326436756147,78,83.87,Highly Recommended
3897,Volkswagen,Virtus,2023,16.64,Diesel,Manual,2198,17.8,5,2,Yes,Yes,Yes,Risky,Medium,0.35,83.2,13.11,Moderate,32.9,52.9,Low,18.610610178508566,Medium,53.74189993162555,64,62.47,Recommended
3898,Skoda,Kushaq,2026,14.19,Petrol,Manual,998,15.4,4,6,Yes,Yes,No,Calm,Low,0.14,85.4,11.76,Good,30.1,90.6,Low,27.30285165963442,Low,10.045367525463153,84,65.11000000000001,Recommended
3899,Volkswagen,Virtus,2022,5.27,CNG,Manual,1199,24.5,4,6,Yes,Yes,No,Normal,Low,0.13,88.5,12.2,Moderate,32.3,88.1,Low,1.0328594116129266,Low,16.997968897595126,80,68.675,Recommended
3900,Tata,Harrier,2022,14.09,CNG,Automatic,1199,24.0,5,2,Yes,Yes,Yes,Normal,Medium,0.23,70.2,13.61,Good,26.4,64.6,Low,11.601527006149917,Low,28.405645635486806,80,79.6,Highly Recommended
3901,Maruti Suzuki,Baleno,2024,7.26,CNG,Automatic,998,28.2,4,4,Yes,Yes,Yes,Calm,Medium,0.27,98.9,12.32,Good,35.9,75.4,Low,12.608524299746803,Medium,30.95813189523161,75,77.97999999999999,Highly Recommended
3902,Volkswagen,Virtus,2026,11.54,Petrol,Manual,1498,21.1,4,6,Yes,Yes,Yes,Normal,Low,0.25,86.0,11.88,Poor,32.4,77.6,Medium,45.804733326367234,Medium,30.68134831248482,59,60.715,Recommended
3903,Renault,Kwid,2022,10.54,Petrol,Automatic,1497,14.9,4,4,Yes,Yes,Yes,Normal,High,0.19,89.0,13.35,Good,33.0,70.3,Low,10.081328614524162,Medium,40.00550005451982,72,70.63499999999999,Recommended
3904,Volkswagen,Virtus,2019,12.61,Electric,Automatic,0,324.0,5,6,Yes,Yes,Yes,Normal,High,0.37,88.7,12.77,Good,32.5,65.8,Low,10.376577510559661,Medium,47.98679430622133,82,89.05,Highly Recommended
3905,Hyundai,i20,2020,15.23,Petrol,Automatic,1197,16.0,4,6,Yes,Yes,No,Calm,Medium,0.2,81.0,12.74,Good,33.6,80.7,Low,6.367684766744805,Low,21.342041860988157,84,70.2,Recommended
3906,Volkswagen,Virtus,2020,12.64,Petrol,Automatic,1498,15.2,3,6,Yes,No,Yes,Normal,Medium,0.28,89.9,13.22,Moderate,32.3,43.7,Low,17.06602801887891,Low,24.331790644306274,52,61.68000000000001,Recommended
3907,Kia,Sonet,2019,7.42,Petrol,Automatic,2198,14.8,4,4,Yes,Yes,Yes,Normal,Low,0.08,108.4,12.98,Good,30.8,66.7,Low,31.45168062848647,Low,7.87061657546843,81,74.67,Recommended
3908,Maruti Suzuki,Brezza,2021,6.1,Petrol,Automatic,1497,21.8,5,2,Yes,Yes,No,Normal,Low,0.14,91.8,12.72,Good,27.9,84.0,Low,13.841234303475435,Low,15.246495562534312,85,71.52000000000001,Recommended
3909,Skoda,Slavia,2019,12.86,Petrol,Automatic,1199,20.0,4,4,Yes,Yes,Yes,Calm,Low,0.15,98.4,12.92,Good,35.9,82.9,Low,13.815171510360583,Low,7.676873102425258,83,76.35,Highly Recommended
3910,Honda,City,2019,6.93,Diesel,Manual,1290,19.4,5,6,Yes,Yes,Yes,Normal,Medium,0.24,89.6,13.19,Good,29.9,88.2,Low,5.9523196695925105,Low,22.548843747695887,91,74.86,Recommended
3911,Mahindra,Thar,2021,12.02,Diesel,Automatic,1197,19.1,5,6,Yes,Yes,Yes,Normal,Low,0.07,93.1,12.99,Good,33.8,76.4,Low,10.04855845340618,Low,13.217326204878704,94,81.165,Highly Recommended
3912,Hyundai,Exter,2023,5.16,CNG,Automatic,1498,20.8,4,2,Yes,Yes,Yes,Normal,Medium,0.15,81.4,12.53,Poor,30.3,84.3,Low,24.826619209567262,Low,28.759626715848903,55,67.87,Recommended
3913,Honda,Amaze,2023,13.79,Petrol,Manual,1197,17.3,4,6,Yes,Yes,No,Risky,Medium,0.09,85.7,11.23,Good,31.2,70.6,Low,32.837892637819095,Medium,43.71484060549094,72,59.995,Consider
3914,Maruti Suzuki,Fronx,2026,7.28,Petrol,Automatic,1498,19.8,4,2,Yes,Yes,No,Aggressive,Low,0.12,79.9,13.44,Good,31.9,100.0,Low,1.5406759283653373,Low,23.073174724519422,76,67.17,Recommended
3915,Mahindra,XUV700,2020,12.2,Diesel,Automatic,1498,20.6,5,6,Yes,Yes,Yes,Calm,Medium,0.2,84.5,11.5,Good,28.7,95.8,Low,16.658591351131154,Low,15.012367537271889,92,80.49000000000001,Highly Recommended
3916,Mahindra,Thar,2024,12.85,Petrol,Manual,1290,18.4,3,6,Yes,No,No,Normal,Low,0.21,77.6,13.8,Good,32.3,100.0,Low,0.0,Low,12.257789226978064,65,57.01,Consider
3917,Renault,Kiger,2021,8.96,Electric,Manual,0,369.4,4,2,Yes,Yes,No,Risky,Low,0.18,95.0,11.98,Good,31.8,83.4,Low,24.46289864133953,Medium,43.53610996336115,65,72.10249999999999,Recommended
3918,Honda,Elevate,2026,14.24,Electric,Manual,0,312.5,5,7,Yes,Yes,Yes,Normal,Low,0.13,82.9,11.96,Good,29.6,75.1,Low,32.62996791507255,Low,15.338687698426668,92,88.11875,Highly Recommended
3919,Volkswagen,Taigun,2022,13.04,Petrol,Manual,2198,13.1,5,6,Yes,Yes,Yes,Risky,Low,0.0,82.0,12.61,Good,27.1,71.1,Low,8.950282058750018,Medium,32.4804237465806,87,72.115,Recommended
3920,Hyundai,Exter,2019,8.2,Petrol,Manual,2198,17.2,3,4,Yes,No,Yes,Normal,Low,0.12,92.4,12.38,Moderate,32.9,66.2,Low,16.621051532398127,Low,16.433156821464536,51,56.53,Consider
3921,Skoda,Slavia,2024,8.9,Petrol,Manual,1597,22.6,4,2,Yes,Yes,Yes,Risky,High,0.48,92.0,12.08,Moderate,35.0,99.2,Low,21.034806542227834,High,74.00118871353332,49,56.44,Consider
3922,Mahindra,XUV700,2024,14.77,Petrol,Automatic,1197,14.1,4,6,Yes,No,Yes,Normal,Low,0.0,81.3,13.07,Poor,28.0,81.3,Low,20.210430221718678,Low,20.295555237080535,52,61.515,Recommended
3923,Skoda,Slavia,2021,15.11,Petrol,Manual,998,20.7,4,6,Yes,Yes,No,Normal,Low,0.05,91.9,12.88,Moderate,34.3,77.0,Low,11.457327510398448,Low,16.491251382264682,79,63.655,Recommended
3924,Volkswagen,Virtus,2020,9.83,Petrol,Manual,1997,21.7,5,4,Yes,Yes,Yes,Aggressive,Low,0.22,92.0,12.27,Good,30.8,66.5,Low,13.78348088559962,Low,28.51215992841741,84,72.055,Recommended
3925,Mahindra,Scorpio,2020,9.52,CNG,Automatic,1197,24.7,5,2,Yes,Yes,No,Normal,Low,0.16,91.0,12.67,Good,33.7,95.8,Low,0.0,Low,9.30495640470941,89,77.755,Highly Recommended
3926,Kia,Sonet,2022,15.96,Diesel,Manual,1997,20.7,4,6,Yes,No,Yes,Calm,High,0.42,94.0,12.52,Poor,31.4,62.7,Low,32.76321906955377,Medium,50.84930014430861,39,51.655,Consider
3927,Mahindra,Scorpio,2025,15.04,CNG,Manual,2198,23.8,3,6,Yes,No,Yes,Normal,Medium,0.23,78.5,12.94,Good,33.9,72.9,Low,0.5220511292507268,Low,29.550033410183673,59,65.12,Recommended
3928,Toyota,Innova,2023,8.47,Petrol,Manual,1497,16.1,5,6,Yes,Yes,Yes,Calm,Medium,0.29,90.1,12.54,Moderate,29.4,73.5,Low,2.351229424243651,Low,21.99376681822352,86,72.11500000000001,Recommended
3929,Kia,Carens,2019,4.5,Petrol,Automatic,2198,18.7,5,6,Yes,Yes,Yes,Aggressive,Medium,0.22,86.1,13.43,Good,28.2,69.0,Low,8.399413487778633,Low,29.336521886630717,88,78.405,Highly Recommended
3930,Tata,Altroz,2024,12.44,CNG,Automatic,1498,24.4,5,7,Yes,No,No,Normal,High,0.36,74.4,12.05,Good,29.3,92.3,Low,22.37344917084892,Medium,38.239488616717274,70,69.16,Recommended
3931,Hyundai,Venue,2021,10.81,Diesel,Automatic,1290,21.0,4,7,Yes,Yes,Yes,Normal,Low,0.17,90.7,12.85,Moderate,28.7,70.8,Low,7.3227616191960365,Low,14.634063429468732,82,76.05,Highly Recommended
3932,Toyota,Glanza,2019,8.45,Petrol,Manual,1197,14.7,4,6,Yes,Yes,No,Normal,Low,0.16,91.7,12.42,Good,29.1,67.5,Low,15.900228207664014,Low,10.98847609512323,86,65.905,Recommended
3933,Maruti Suzuki,Dzire,2024,7.46,Diesel,Automatic,1498,23.4,4,4,Yes,Yes,Yes,Risky,Medium,0.3,92.8,12.37,Good,32.6,92.2,Low,0.0,Medium,52.2649615700648,70,71.00999999999999,Recommended
3934,Mahindra,Scorpio,2020,17.54,Electric,Manual,0,284.6,3,6,Yes,No,Yes,Normal,Low,0.11,89.3,13.36,Moderate,30.3,91.6,Low,0.30311122011389147,Low,13.322918913929001,58,71.77250000000001,Recommended
3935,Tata,Curvv,2019,8.35,Diesel,Manual,1197,18.7,5,7,Yes,Yes,Yes,Normal,Low,0.02,95.6,12.07,Good,32.1,71.9,Low,34.43281323378414,Low,7.09865104481122,94,76.105,Highly Recommended
3936,Skoda,Slavia,2023,17.29,Electric,Automatic,0,520.3,3,7,Yes,No,Yes,Normal,Low,0.11,94.1,12.39,Moderate,32.5,79.6,Low,7.55208172204162,Low,21.66568684811459,56,80.2,Highly Recommended
3937,Renault,Kwid,2019,7.32,CNG,Manual,1290,22.6,4,4,Yes,Yes,Yes,Normal,Low,0.07,85.0,12.3,Good,35.4,80.2,Low,2.299483963716389,Low,8.287469985488638,85,76.64,Highly Recommended
3938,Kia,Seltos,2025,10.91,Diesel,Manual,1290,17.9,4,4,Yes,No,Yes,Aggressive,Medium,0.32,103.0,12.86,Good,29.9,96.8,Low,6.848623969340152,Medium,35.40705085344399,60,60.685,Recommended
3939,Tata,Punch,2023,11.51,Petrol,Automatic,1497,24.7,5,7,Yes,Yes,Yes,Risky,Low,0.01,90.7,12.36,Good,31.5,93.7,Low,3.520394786246695,Medium,33.95197693780822,90,80.205,Highly Recommended
3940,Tata,Punch,2019,11.33,Petrol,Manual,998,17.5,5,7,Yes,Yes,Yes,Aggressive,Medium,0.3,87.8,13.14,Good,30.6,67.8,Low,19.181347441936826,Medium,39.12469368270385,85,71.875,Recommended
3941,Toyota,Hyryder,2025,14.31,Petrol,Manual,998,14.6,3,6,Yes,No,No,Normal,Low,0.18,90.2,11.84,Poor,28.8,93.4,Medium,53.3536603545026,Low,22.910752720889153,38,44.290000000000006,Not Recommended
3942,Renault,Kiger,2024,8.69,Petrol,Manual,1497,16.6,4,6,Yes,Yes,No,Calm,Medium,0.18,91.5,12.15,Good,32.1,79.1,Low,5.493465142308979,Low,17.536954824092334,85,65.74000000000001,Recommended
3943,Volkswagen,Taigun,2026,8.01,Diesel,Automatic,1997,21.9,5,6,Yes,Yes,No,Normal,Low,0.0,87.2,12.59,Good,33.6,85.9,Low,4.978023208007983,Low,6.565093704458911,97,76.935,Highly Recommended
3944,Kia,Carens,2024,10.58,CNG,Automatic,998,22.6,4,6,Yes,Yes,Yes,Normal,Low,0.33,77.1,12.68,Moderate,32.2,75.7,Low,0.0,Low,23.712261824688895,78,78.49000000000001,Highly Recommended
3945,Kia,Seltos,2019,10.74,Petrol,Automatic,998,20.2,4,4,Yes,Yes,Yes,Calm,Low,0.11,103.2,12.47,Good,32.8,70.7,Low,12.437870595305082,Low,13.525483778629381,81,75.48,Highly Recommended
3946,Tata,Curvv,2019,9.21,Petrol,Manual,998,16.0,3,7,Yes,No,Yes,Calm,Medium,0.16,91.3,11.95,Good,32.4,71.7,Low,32.872299100165726,Low,14.902316267161261,61,60.849999999999994,Recommended
3947,Volkswagen,Virtus,2023,7.07,CNG,Manual,1199,23.2,3,7,Yes,No,Yes,Calm,Low,0.02,85.1,13.34,Poor,33.7,82.9,Medium,36.31350448268766,Low,19.4837009377058,44,58.28,Consider
3948,Toyota,Hyryder,2019,10.28,Diesel,Automatic,1497,30.0,4,6,Yes,Yes,Yes,Calm,Medium,0.24,98.1,12.06,Good,29.5,70.7,Low,31.67656376182203,Low,22.89111128580482,79,76.05000000000001,Highly Recommended
3949,Kia,Carens,2024,11.62,Petrol,Manual,1997,21.5,5,6,Yes,Yes,Yes,Normal,Low,0.22,93.6,13.8,Good,28.6,76.0,Low,20.223680810593123,Low,6.938428169802533,95,76.975,Highly Recommended
3950,Maruti Suzuki,Fronx,2024,6.38,Petrol,Automatic,1498,16.6,5,6,Yes,Yes,Yes,Aggressive,Medium,0.36,80.4,12.06,Good,30.6,84.5,Low,23.846407845980483,Medium,33.72370833583435,85,76.74000000000001,Highly Recommended
3951,Skoda,Kushaq,2024,14.62,Petrol,Manual,1497,17.9,3,4,Yes,No,Yes,Normal,Low,0.06,91.6,12.72,Poor,33.5,80.9,Medium,39.209670719118215,Medium,31.15577353858061,33,48.535,Consider
3952,Renault,Kiger,2026,4.81,Diesel,Manual,2198,19.0,5,6,Yes,Yes,Yes,Normal,Low,0.09,80.6,12.08,Moderate,31.7,94.5,Low,13.09897899277114,Low,21.530761228823593,84,71.65,Recommended
3953,Skoda,Slavia,2021,9.19,Petrol,Manual,1197,14.9,3,2,Yes,No,No,Normal,Medium,0.21,96.4,12.53,Good,32.5,66.2,Low,6.25080281379973,Low,24.69501264631623,51,50.185,Consider
3954,Mahindra,XUV 3XO,2022,18.14,CNG,Manual,1199,25.9,5,4,Yes,Yes,No,Calm,Low,0.12,95.0,12.08,Good,33.2,67.8,Medium,37.878429962588726,Low,9.402642994799525,87,72.035,Recommended
3955,Toyota,Innova,2021,13.53,Petrol,Manual,2198,21.5,4,2,Yes,Yes,Yes,Aggressive,Low,0.09,82.5,12.62,Good,28.0,81.5,Low,2.4697310581415017,Low,15.13728363341084,78,69.325,Recommended
3956,Toyota,Urban Cruiser,2021,16.39,Electric,Automatic,0,426.6,3,6,Yes,No,Yes,Normal,Low,0.09,79.2,12.69,Moderate,34.7,97.6,Low,0.0,Low,16.798172625153274,57,80.65,Highly Recommended
3957,Skoda,Kushaq,2020,12.11,Petrol,Manual,1290,24.6,4,6,Yes,Yes,Yes,Aggressive,Low,0.16,89.6,11.65,Good,33.4,87.7,Low,21.93505832920867,Low,24.05739132115205,80,70.69,Recommended
3958,Skoda,Kushaq,2025,15.72,Petrol,Manual,1197,21.5,5,6,Yes,Yes,Yes,Calm,Low,0.12,90.8,12.58,Good,32.2,95.6,Low,0.0,Low,5.959786666740422,98,78.325,Highly Recommended
3959,Hyundai,Creta,2024,11.03,Petrol,Manual,1498,18.4,5,2,Yes,Yes,Yes,Normal,Low,0.18,97.4,12.47,Good,30.9,86.7,Low,3.8731192249217568,Low,16.457551101243187,86,72.46000000000001,Recommended
3960,Skoda,Kushaq,2023,12.46,CNG,Manual,2198,24.6,4,6,Yes,Yes,Yes,Normal,Low,0.11,85.1,12.36,Poor,32.0,83.0,Low,22.805591465109742,Low,23.289666551433818,65,67.94,Recommended
3961,Toyota,Innova,2021,11.34,Diesel,Automatic,1290,20.4,4,6,Yes,No,No,Calm,Low,0.2,70.3,12.68,Good,30.7,86.8,Low,1.7242011311608927,Low,11.555386953353072,73,65.91,Recommended
3962,Tata,Curvv,2023,10.71,Petrol,Automatic,1597,23.0,5,6,Yes,Yes,Yes,Calm,Low,0.0,89.5,11.86,Good,30.8,87.8,Low,23.830461131508056,Low,3.240864498064686,95,82.2,Highly Recommended
3963,Maruti Suzuki,Dzire,2025,10.55,Electric,Automatic,0,341.6,4,6,Yes,Yes,No,Calm,Low,0.0,91.4,12.78,Moderate,32.4,94.3,Low,5.200356405727468,Low,9.41042802629157,82,83.71000000000001,Highly Recommended
3964,Hyundai,Verna,2026,10.67,Petrol,Manual,1197,21.5,5,6,Yes,Yes,No,Normal,Medium,0.33,85.5,11.94,Good,35.0,80.6,Low,31.012983191984674,Low,24.29537964851765,87,67.375,Recommended
3965,Tata,Altroz,2021,14.05,Petrol,Manual,2198,11.1,4,6,Yes,Yes,Yes,Risky,Low,0.1,81.1,11.87,Good,28.0,58.5,Low,34.75311248717357,Medium,37.350643859613065,74,65.965,Recommended
3966,Skoda,Slavia,2026,13.51,Diesel,Manual,1199,21.0,5,6,Yes,No,No,Normal,Low,0.06,94.7,11.96,Moderate,28.9,71.6,Medium,35.48636826843989,Low,11.635456284137952,70,59.65,Consider
3967,Toyota,Urban Cruiser,2019,15.33,CNG,Manual,1498,22.8,3,6,Yes,No,Yes,Risky,Low,0.16,83.6,12.45,Good,35.4,80.3,Low,5.8559857919787355,Medium,33.03833477668113,57,64.07,Recommended
3968,Skoda,Kushaq,2024,11.4,Diesel,Manual,2198,20.6,3,4,Yes,No,No,Normal,Low,0.15,82.3,12.4,Good,34.5,84.3,Low,6.135121670162548,Low,13.711478514554932,59,54.64,Consider
3969,Maruti Suzuki,Brezza,2022,8.69,Petrol,Manual,1997,24.1,4,2,Yes,Yes,Yes,Normal,Low,0.06,87.4,12.15,Moderate,32.6,98.4,Low,0.0,Low,22.053364287615302,70,66.11500000000001,Recommended
3970,Renault,Kiger,2021,4.5,Petrol,Manual,1290,14.6,4,6,Yes,Yes,Yes,Normal,Low,0.1,79.9,12.73,Poor,33.5,91.5,Low,18.94686462966951,Low,21.634632723797868,67,63.34,Recommended
3971,Renault,Triber,2020,4.5,Diesel,Manual,1290,25.9,5,2,Yes,Yes,Yes,Normal,Low,0.22,87.4,13.14,Poor,33.5,80.9,Low,21.57900020262654,Low,28.984991825025276,64,63.685,Recommended
3972,Kia,Carens,2019,12.8,Petrol,Manual,1997,25.1,5,4,Yes,Yes,Yes,Calm,Medium,0.24,86.5,12.72,Good,33.3,45.2,Low,15.124221952474603,Low,17.949701937499032,87,73.91499999999999,Recommended
3973,Toyota,Hyryder,2019,15.04,Petrol,Manual,2198,22.4,4,6,Yes,Yes,No,Normal,Medium,0.28,88.2,12.22,Good,28.3,94.2,Low,0.0,Low,23.105443692109002,84,66.16,Recommended
3974,Honda,Elevate,2024,14.37,CNG,Automatic,2198,21.2,5,7,Yes,Yes,No,Normal,Medium,0.22,82.6,13.05,Poor,34.6,57.6,Medium,37.109179154674045,Medium,33.10299971005831,70,68.68,Recommended
3975,Tata,Altroz,2020,8.96,Petrol,Automatic,1290,15.9,4,6,Yes,Yes,Yes,Normal,Low,0.13,94.4,12.39,Good,32.5,73.2,Low,5.229979424835783,Low,8.817125898697324,88,77.985,Highly Recommended
3976,Toyota,Innova,2022,7.69,Petrol,Manual,1997,17.1,3,6,Yes,No,Yes,Aggressive,Low,0.12,88.5,12.72,Good,31.9,86.5,Low,9.25955535619655,Low,23.649505307592324,59,60.115,Recommended
3977,Honda,City,2019,10.76,Electric,Manual,0,377.6,4,6,Yes,Yes,Yes,Normal,Medium,0.15,81.0,12.28,Good,31.0,71.3,Low,22.867351367092102,Low,24.887249954600996,80,85.16,Highly Recommended
3978,Honda,Amaze,2024,21.73,Petrol,Manual,1497,26.4,4,6,Yes,Yes,Yes,Normal,Low,0.16,85.7,12.57,Poor,26.0,97.3,Low,26.73850545504287,Low,24.21263045857366,65,64.21000000000001,Recommended
3979,Skoda,Slavia,2019,18.22,CNG,Automatic,1997,25.8,4,4,Yes,Yes,Yes,Calm,Low,0.13,95.0,12.69,Poor,33.7,71.8,Low,25.604964195261516,Low,26.998663116922273,60,70.87,Recommended
3980,Renault,Triber,2020,7.85,Petrol,Manual,2198,21.1,5,6,Yes,Yes,Yes,Aggressive,Low,0.03,89.8,12.25,Moderate,32.0,82.4,Low,10.150553005938672,Medium,31.314876514805803,82,71.065,Recommended
3981,Skoda,Slavia,2023,10.16,Petrol,Automatic,2198,17.3,4,6,Yes,Yes,No,Aggressive,High,0.37,71.3,11.89,Moderate,27.5,58.0,Low,27.076594402935793,Medium,54.559222165892606,63,60.945,Recommended
3982,Honda,City,2026,11.93,CNG,Automatic,1597,25.1,4,6,Yes,Yes,Yes,Normal,Medium,0.21,89.6,12.41,Good,31.9,63.5,Low,18.38096522188751,Low,24.90045046753089,81,80.215,Highly Recommended
3983,Skoda,Kushaq,2025,9.68,Diesel,Automatic,998,18.3,5,6,Yes,Yes,Yes,Normal,High,0.42,93.7,12.15,Good,32.3,100.0,Low,2.1999299044922553,Medium,39.37693354436169,86,77.445,Highly Recommended
3984,Honda,Amaze,2023,7.48,Diesel,Manual,1290,23.3,4,7,Yes,Yes,Yes,Risky,Medium,0.17,81.6,12.87,Good,32.4,60.2,Low,15.880620727993508,Medium,46.33714428487552,75,68.245,Recommended
3985,Toyota,Glanza,2021,7.78,Diesel,Manual,1199,24.6,4,6,Yes,Yes,Yes,Normal,Medium,0.2,78.6,12.17,Good,34.6,100.0,Low,2.4516657475035997,Low,20.211810285885058,85,72.94,Recommended
3986,Kia,Sonet,2023,6.33,CNG,Automatic,1199,24.5,5,6,Yes,Yes,Yes,Normal,Low,0.01,93.2,13.06,Moderate,29.4,66.4,Low,8.248978218554829,Low,15.179922291324507,87,82.82499999999999,Highly Recommended
3987,Maruti Suzuki,Baleno,2021,4.5,Petrol,Manual,998,18.4,4,4,Yes,Yes,No,Normal,Medium,0.2,86.8,13.05,Moderate,31.9,68.8,Low,9.84108169667057,Medium,31.32714653806512,70,59.26,Consider
3988,Mahindra,XUV700,2021,15.5,Petrol,Manual,1498,17.4,2,4,Yes,No,Yes,Normal,Low,0.16,92.3,12.73,Good,34.4,83.4,Low,8.032589751482156,Low,12.531046400115923,51,56.56,Consider
3989,Volkswagen,Taigun,2026,12.36,CNG,Automatic,1290,29.6,4,6,Yes,Yes,Yes,Normal,Medium,0.18,73.9,12.13,Good,34.0,78.5,Low,0.46809637752779487,Low,10.84391281648727,88,84.03999999999999,Highly Recommended
3990,Hyundai,Creta,2023,8.44,Petrol,Manual,2198,17.1,4,6,Yes,Yes,Yes,Calm,Medium,0.27,97.1,12.4,Good,29.3,90.8,Low,0.0,Low,21.180044310739085,85,71.815,Recommended
3991,Renault,Triber,2019,4.5,Diesel,Automatic,1199,20.9,3,6,Yes,No,Yes,Risky,High,0.38,96.2,13.19,Good,29.9,75.6,Low,6.23388265549545,High,67.60458318356798,44,58.935,Consider
3992,Kia,Carens,2020,13.65,CNG,Automatic,1290,27.9,5,6,Yes,Yes,Yes,Risky,Low,0.07,85.4,12.5,Poor,32.0,95.0,Low,24.165526669617808,Medium,50.14779842906891,64,72.985,Recommended
3993,Kia,Carens,2026,8.11,Electric,Manual,0,328.4,4,7,Yes,Yes,Yes,Risky,Low,0.16,96.7,12.73,Moderate,33.1,100.0,Low,3.374811663002829,Medium,35.16297343752378,75,81.065,Highly Recommended
3994,Honda,City,2023,19.06,Diesel,Manual,1290,17.9,5,7,Yes,Yes,No,Calm,High,0.38,84.5,12.63,Moderate,27.7,70.6,Low,1.601452556865306,Medium,36.84021754114635,83,65.035,Recommended
3995,Maruti Suzuki,Swift,2024,4.5,Petrol,Automatic,1197,14.8,4,6,Yes,Yes,No,Normal,High,0.4,89.3,12.63,Good,32.7,70.3,Low,4.24706600365223,Medium,32.807808138843455,80,68.22,Recommended
3996,Maruti Suzuki,Swift,2025,5.08,Petrol,Manual,1197,17.0,4,2,Yes,Yes,Yes,Normal,Low,0.0,97.5,11.58,Good,34.0,96.6,Low,24.12719944381599,Low,7.7059480352461485,78,68.65,Recommended
3997,Mahindra,Thar,2024,16.01,CNG,Automatic,1498,25.8,3,6,Yes,No,Yes,Normal,Low,0.13,80.3,12.59,Good,27.2,100.0,Low,4.305265702515804,Low,8.347930399084227,65,73.12,Recommended
3998,Hyundai,i20,2025,7.45,Petrol,Manual,1497,18.6,5,2,Yes,Yes,Yes,Normal,Low,0.09,76.4,11.97,Good,35.2,70.0,Low,30.868965401558402,Low,21.057561503131133,80,69.78999999999999,Recommended
3999,Skoda,Kushaq,2025,11.68,Petrol,Automatic,2198,15.0,2,6,Yes,No,No,Normal,Low,0.11,79.1,12.74,Good,29.7,84.0,Low,6.321528948826446,Low,12.980920237924131,56,57.45,Consider
4000,Tata,Nexon,2019,10.63,Diesel,Manual,1199,24.8,4,6,Yes,Yes,Yes,Normal,Low,0.15,96.4,12.52,Moderate,30.3,71.9,Low,2.8848773661598717,Low,17.34270203575207,79,70.27000000000001,Recommended
4001,Kia,Seltos,2023,10.94,CNG,Manual,1498,19.5,5,2,Yes,Yes,Yes,Risky,Low,0.15,81.2,12.12,Good,34.1,72.9,Low,2.0051157857641986,Low,28.355378393057773,82,74.82499999999999,Recommended
4002,Maruti Suzuki,Fronx,2022,4.5,Diesel,Manual,1597,18.8,3,6,Yes,No,Yes,Calm,High,0.4,83.3,12.11,Moderate,31.5,83.6,Low,15.418692067288891,Medium,38.83095123523656,47,54.97,Consider
4003,Tata,Curvv,2024,10.32,Petrol,Automatic,1199,14.1,3,6,Yes,No,Yes,Aggressive,Low,0.07,80.6,11.7,Good,32.0,93.3,Low,21.547723573501532,Low,22.308388561517322,58,64.215,Recommended
4004,Skoda,Kushaq,2022,14.87,Diesel,Manual,2198,25.1,5,6,Yes,Yes,Yes,Aggressive,High,0.31,85.4,11.51,Good,31.5,70.2,Medium,37.105542898317154,Medium,49.23886220193244,77,69.41499999999999,Recommended
4005,Volkswagen,Virtus,2019,12.87,Petrol,Manual,1997,16.5,4,4,Yes,Yes,Yes,Calm,High,0.24,77.1,11.81,Good,30.7,62.2,Medium,39.223601758110235,Medium,31.703335722019798,71,65.425,Recommended
4006,Renault,Triber,2021,8.33,CNG,Automatic,1199,23.6,4,2,Yes,Yes,Yes,Normal,High,0.39,89.4,12.42,Good,29.8,60.7,Low,13.856628263239992,Medium,37.02257121308232,69,74.59,Recommended
4007,Mahindra,XUV700,2023,18.58,Petrol,Automatic,1597,20.3,4,6,Yes,Yes,Yes,Aggressive,Medium,0.26,91.3,12.82,Good,31.6,86.2,Low,12.820371996427614,Medium,35.69471576625991,78,74.14500000000001,Recommended
4008,Renault,Kwid,2023,6.34,CNG,Automatic,998,23.4,5,6,Yes,No,Yes,Normal,High,0.35,93.3,12.53,Good,27.5,84.9,Low,13.90997791674258,Medium,33.4144942367015,71,75.46000000000001,Highly Recommended
4009,Mahindra,Thar,2025,18.35,CNG,Automatic,998,31.0,4,6,Yes,Yes,Yes,Calm,High,0.42,91.9,12.29,Good,31.1,91.1,Low,6.130515312964473,Medium,43.01780146897262,76,78.85,Highly Recommended
4010,Kia,Sonet,2026,5.4,Petrol,Automatic,1497,17.6,4,6,Yes,Yes,Yes,Normal,Medium,0.09,91.4,12.33,Good,32.4,85.9,Low,6.669700129448342,Low,23.10336692163159,83,75.99000000000001,Highly Recommended
4011,Mahindra,XUV 3XO,2025,8.86,Petrol,Manual,1290,18.5,4,7,Yes,Yes,Yes,Risky,Medium,0.18,89.2,12.04,Good,26.0,71.5,Low,26.139451978656872,Medium,42.67422697376452,75,67.525,Recommended
4012,Skoda,Kushaq,2024,14.07,Petrol,Automatic,1197,22.1,4,6,Yes,Yes,Yes,Normal,Low,0.05,92.6,12.12,Good,30.9,80.5,Low,11.182282531485088,Low,13.445939624138422,86,78.015,Highly Recommended
4013,Renault,Kiger,2024,7.15,Diesel,Manual,1498,18.6,4,7,Yes,Yes,Yes,Normal,Low,0.06,87.8,12.91,Good,31.3,75.9,Low,9.425836331839893,Low,17.671948278329054,86,72.49000000000001,Recommended
4014,Tata,Harrier,2022,11.03,Diesel,Automatic,1498,18.6,5,2,Yes,Yes,Yes,Risky,Low,0.19,80.5,12.98,Good,32.1,91.7,Low,0.0,Medium,39.3423426677299,78,73.89,Recommended
4015,Honda,Elevate,2026,13.76,Petrol,Manual,1290,21.9,4,6,Yes,Yes,Yes,Calm,Low,0.11,101.8,12.88,Good,30.9,77.9,Low,18.20137452235603,Low,8.658416421575353,86,72.985,Recommended
4016,Maruti Suzuki,Brezza,2024,4.5,Petrol,Manual,998,23.9,5,4,Yes,Yes,Yes,Aggressive,Medium,0.15,90.8,12.06,Good,30.2,89.2,Low,22.402769464660324,Low,29.00773974910141,82,71.485,Recommended
4017,Mahindra,Thar,2020,13.91,CNG,Manual,998,19.7,5,6,Yes,No,Yes,Normal,Low,0.11,78.2,12.68,Moderate,30.3,55.2,Low,12.982151208629642,Low,18.93085857426561,70,69.455,Recommended
4018,Toyota,Glanza,2025,21.42,Diesel,Automatic,1498,19.5,4,6,Yes,Yes,Yes,Normal,Low,0.22,86.6,13.14,Good,30.2,54.5,Low,17.949100189909412,Low,6.718562345812793,87,78.07499999999999,Highly Recommended
4019,Honda,Amaze,2025,14.09,Diesel,Manual,1199,20.3,4,6,Yes,Yes,Yes,Normal,Low,0.0,96.8,12.3,Good,30.9,66.2,Low,18.465891917712952,Low,11.842170400578365,85,72.295,Recommended
4020,Hyundai,Exter,2020,7.5,Electric,Manual,0,309.6,3,6,Yes,No,Yes,Normal,Low,0.08,80.2,13.24,Good,33.3,79.5,Low,10.984099170028486,Low,13.448352796024391,63,74.96000000000001,Recommended
4021,Renault,Kiger,2025,7.03,Diesel,Manual,1290,17.6,4,6,Yes,Yes,Yes,Aggressive,Low,0.19,87.4,13.25,Good,32.5,72.9,Low,9.049522425596924,Low,28.952196349977424,81,70.09,Recommended
4022,Tata,Nexon,2021,7.92,Petrol,Automatic,1997,18.9,3,6,Yes,No,No,Risky,Medium,0.21,89.7,12.12,Moderate,34.4,86.1,Low,1.2529263405222544,Medium,54.604518253487974,44,52.635000000000005,Consider
4023,Renault,Triber,2021,5.19,Diesel,Manual,1197,17.1,4,6,Yes,Yes,Yes,Risky,Medium,0.23,86.0,12.45,Moderate,32.0,73.9,Low,17.22184734877559,Medium,50.61370368000398,66,63.265,Recommended
4024,Renault,Kwid,2024,12.44,Diesel,Manual,1997,22.7,4,4,Yes,Yes,Yes,Normal,Low,0.16,93.9,11.67,Good,33.5,72.7,Low,31.829086693315144,Low,10.994277894852402,79,69.95500000000001,Recommended
4025,Volkswagen,Taigun,2025,9.87,Diesel,Automatic,1597,17.0,4,6,Yes,Yes,Yes,Calm,Low,0.04,92.8,11.99,Good,32.3,62.5,Low,26.94121302392129,Low,5.471830991623104,86,77.25,Highly Recommended
4026,Hyundai,Creta,2020,11.66,Petrol,Manual,1290,19.3,4,2,Yes,Yes,Yes,Normal,Low,0.23,98.7,12.23,Poor,33.9,78.1,Medium,37.180139534987646,Low,26.74381108983267,54,58.195,Consider
4027,Renault,Triber,2025,4.5,Petrol,Manual,1498,15.2,3,6,Yes,No,Yes,Normal,Medium,0.29,103.9,12.5,Moderate,29.4,65.5,Low,19.53023225236401,Low,28.134869055669068,50,55.78,Consider
4028,Tata,Curvv,2022,8.99,Diesel,Automatic,1597,19.9,4,4,Yes,Yes,Yes,Normal,Medium,0.27,86.8,11.84,Moderate,31.6,74.9,Low,30.738438761114494,Medium,30.142084120345736,67,69.135,Recommended
4029,Volkswagen,Virtus,2019,9.13,Petrol,Manual,998,21.5,5,6,Yes,Yes,Yes,Normal,High,0.28,93.3,12.23,Good,35.2,66.7,Low,9.1026432015036,Medium,46.47363881589838,82,71.125,Recommended
4030,Mahindra,Scorpio,2019,9.4,Petrol,Manual,1597,17.7,4,6,Yes,Yes,Yes,Normal,Low,0.13,91.7,13.1,Good,29.6,96.0,Low,10.713470284207192,Low,17.72565241302342,84,71.45500000000001,Recommended
4031,Mahindra,Scorpio,2023,16.54,Petrol,Manual,1290,17.8,4,6,Yes,Yes,No,Normal,Medium,0.26,86.0,12.34,Good,31.0,80.0,Low,3.941485404053342,Low,22.093041271437595,84,65.47,Recommended
4032,Maruti Suzuki,Fronx,2021,4.98,CNG,Manual,1997,24.4,4,4,Yes,Yes,No,Risky,Medium,0.12,90.3,12.76,Moderate,36.2,63.9,Low,11.55877897508424,Medium,52.06990909953903,62,60.56,Recommended
4033,Renault,Kwid,2020,6.47,CNG,Automatic,1497,23.2,5,7,Yes,Yes,No,Aggressive,Medium,0.22,81.8,12.67,Moderate,30.7,100.0,Low,0.0,Medium,41.40100828556692,82,74.38,Recommended
4034,Honda,Elevate,2025,8.81,CNG,Manual,1197,24.8,4,4,Yes,Yes,Yes,Normal,Medium,0.16,85.8,12.23,Good,28.0,69.6,Low,5.1294509741815055,Low,19.370861555583605,80,74.72,Recommended
4035,Skoda,Kushaq,2024,12.01,Petrol,Manual,998,17.6,4,6,Yes,Yes,Yes,Calm,Low,0.19,96.0,12.18,Good,32.0,66.4,Low,12.284122861386145,Low,7.823088005146682,87,72.78999999999999,Recommended
4036,Volkswagen,Virtus,2026,11.49,Electric,Automatic,0,403.8,4,6,Yes,Yes,Yes,Calm,Low,0.12,88.4,13.57,Good,29.9,86.0,Low,10.00850709481577,Low,2.993932511130253,89,95.05000000000001,Highly Recommended
4037,Toyota,Glanza,2022,11.01,Petrol,Automatic,1290,14.5,4,4,Yes,No,Yes,Calm,Medium,0.2,93.1,12.28,Good,27.2,61.3,Low,17.90448935048289,Low,21.525877866034953,63,66.525,Recommended
4038,Kia,Seltos,2019,9.93,CNG,Automatic,1997,20.9,4,6,Yes,No,Yes,Calm,Medium,0.5,90.5,13.2,Good,28.1,100.0,Low,0.0,Low,24.150260533326648,69,74.185,Recommended
4039,Hyundai,Venue,2023,10.34,CNG,Automatic,1497,27.6,4,4,Yes,No,Yes,Normal,Low,0.06,99.5,12.37,Good,31.4,53.5,Low,18.88918576341943,Low,11.99321951387225,66,73.84,Recommended
4040,Skoda,Kushaq,2025,11.46,Petrol,Manual,1497,22.2,5,2,Yes,Yes,Yes,Calm,Low,0.03,94.2,11.54,Good,36.0,53.3,Medium,40.759917623358795,Low,9.570130637721203,83,71.68,Recommended
4041,Honda,Elevate,2025,12.13,Electric,Manual,0,269.4,3,6,Yes,No,No,Normal,Low,0.13,95.1,11.77,Good,34.2,67.9,Low,31.720272472991596,Low,14.697012583777962,59,65.6525,Recommended
4042,Hyundai,Exter,2021,8.57,Petrol,Automatic,1199,17.3,4,6,Yes,Yes,Yes,Calm,Medium,0.12,93.9,12.0,Good,32.0,50.6,Medium,36.262714046303785,Low,14.678270797790773,81,75.045,Highly Recommended
4043,Hyundai,Creta,2020,8.71,Diesel,Manual,1498,28.0,4,6,Yes,Yes,Yes,Normal,Low,0.04,90.3,12.25,Good,31.0,66.2,Low,8.380308406915676,Low,17.632429601971598,85,73.45,Recommended
4044,Renault,Kwid,2024,9.92,Petrol,Manual,1597,18.5,3,6,Yes,No,Yes,Aggressive,Medium,0.28,100.7,12.04,Moderate,30.4,52.6,Medium,53.548014302480226,Medium,40.154167004295445,41,52.224999999999994,Consider
4045,Renault,Triber,2025,9.35,Petrol,Automatic,1290,18.8,3,2,Yes,No,Yes,Normal,Medium,0.18,94.4,12.66,Moderate,33.8,65.9,Low,19.219670373259007,Low,26.644674927918718,43,58.17,Consider
4046,Volkswagen,Virtus,2026,16.52,Electric,Automatic,0,354.9,3,6,Yes,No,Yes,Calm,High,0.35,76.3,12.75,Good,31.9,84.9,Low,6.549066427422336,Medium,43.053096680409936,53,77.15875,Highly Recommended
4047,Mahindra,XUV700,2026,13.44,Diesel,Manual,1497,23.6,4,2,Yes,No,Yes,Normal,High,0.39,91.1,13.09,Poor,36.0,96.2,Low,24.538593263108748,Medium,50.5764460072518,33,49.39,Consider
4048,Tata,Altroz,2021,12.13,Petrol,Manual,1197,23.4,4,2,Yes,Yes,Yes,Aggressive,Medium,0.07,83.9,12.0,Good,34.2,81.4,Low,19.130935497189455,Low,29.906443163869497,71,66.46000000000001,Recommended
4049,Renault,Triber,2026,9.04,Petrol,Manual,1197,24.6,5,6,Yes,Yes,Yes,Normal,Low,0.09,79.2,13.47,Good,35.2,92.5,Low,0.0,Low,5.755479148755282,98,78.78999999999999,Highly Recommended
4050,Toyota,Urban Cruiser,2026,5.65,Petrol,Manual,1197,18.8,3,6,Yes,No,Yes,Normal,Low,0.15,87.9,13.11,Good,35.2,77.4,Low,10.073201226181126,Low,11.5925349928408,63,62.17,Recommended
4051,Skoda,Slavia,2019,16.94,Electric,Automatic,0,432.4,5,6,Yes,No,No,Normal,High,0.29,85.0,12.62,Good,25.8,72.1,Low,1.91355446431474,Medium,35.30517036944735,72,81.4,Highly Recommended
4052,Hyundai,Creta,2019,9.01,Petrol,Manual,998,20.1,4,6,Yes,Yes,Yes,Normal,Medium,0.21,85.4,13.42,Good,33.2,64.6,Low,0.0,Low,20.68202444508765,85,72.265,Recommended
4053,Mahindra,XUV 3XO,2023,14.39,Petrol,Automatic,998,15.8,4,6,Yes,Yes,Yes,Aggressive,High,0.42,87.7,12.07,Good,36.1,91.1,Low,24.089228578695643,Medium,43.68314866179126,73,71.22,Recommended
4054,Renault,Triber,2025,9.55,CNG,Automatic,1290,24.7,3,6,Yes,No,Yes,Normal,Low,0.21,90.5,12.44,Moderate,32.9,87.9,Low,0.0,Low,24.26613989933809,55,68.455,Recommended
4055,Renault,Kwid,2021,16.7,Electric,Manual,0,310.8,3,6,Yes,No,Yes,Calm,Low,0.0,88.9,12.29,Good,29.8,69.8,Low,7.203954140847841,Low,4.750211604761429,66,76.35499999999999,Highly Recommended
4056,Kia,Seltos,2023,8.75,Petrol,Manual,1290,16.9,3,6,Yes,No,Yes,Calm,Low,0.03,90.8,12.31,Good,30.4,70.6,Low,9.208982373920344,Low,2.180618958786779,67,63.685,Recommended
4057,Toyota,Innova,2023,13.9,Petrol,Manual,1199,24.7,3,6,Yes,No,Yes,Normal,Low,0.03,92.2,12.94,Moderate,33.1,98.6,Low,0.0,Low,11.832274901409598,59,61.254999999999995,Recommended
4058,Volkswagen,Taigun,2021,13.47,Petrol,Manual,1597,24.8,3,6,Yes,No,Yes,Normal,High,0.39,92.6,12.1,Moderate,31.3,79.1,Low,7.25356261578254,Medium,41.302443361290756,47,55.870000000000005,Consider
4059,Honda,City,2019,13.41,Electric,Manual,0,449.8,4,6,Yes,Yes,Yes,Normal,High,0.51,83.3,12.21,Good,28.8,79.5,Low,5.728787611525405,Medium,41.87879611324545,76,84.2,Highly Recommended
4060,Tata,Harrier,2021,7.91,Petrol,Manual,1597,21.8,4,2,Yes,Yes,No,Normal,Low,0.0,90.0,13.79,Good,31.9,100.0,Low,0.0,Low,12.30113582025263,80,64.27000000000001,Recommended
4061,Tata,Altroz,2020,6.91,Diesel,Manual,998,22.2,3,6,Yes,No,Yes,Calm,Low,0.0,77.8,12.91,Good,31.5,71.4,Low,11.581915393064644,Low,4.0877540010050035,66,64.03,Recommended
4062,Maruti Suzuki,Swift,2025,12.57,CNG,Automatic,1197,27.3,5,6,Yes,Yes,Yes,Risky,Medium,0.34,85.9,11.68,Good,34.1,85.5,Low,23.379121122046705,Medium,45.04490071630454,81,80.545,Highly Recommended
4063,Honda,City,2020,6.67,Petrol,Manual,1498,16.1,5,4,Yes,Yes,Yes,Normal,Low,0.05,86.5,12.11,Good,27.4,76.5,Low,1.5972708943495704,Low,8.356008496813164,93,75.265,Highly Recommended
4064,Maruti Suzuki,Brezza,2019,7.5,Electric,Manual,0,411.0,3,6,Yes,No,Yes,Normal,Low,0.14,76.0,12.51,Good,31.8,91.0,Low,8.068494234469497,Low,19.040775966301293,61,77.45,Highly Recommended
4065,Tata,Nexon,2020,8.62,CNG,Manual,1997,28.9,5,6,Yes,Yes,Yes,Risky,High,0.4,84.4,13.03,Good,31.1,65.0,Low,11.902655836218264,High,65.12361555719976,75,73.08500000000001,Recommended
4066,Honda,City,2022,10.87,Electric,Automatic,0,342.7,3,6,Yes,No,No,Normal,Low,0.23,92.6,12.49,Moderate,30.2,62.8,Low,11.165457781998505,Low,15.295744133183208,56,72.05125,Recommended
4067,Honda,City,2024,6.53,Petrol,Manual,1498,16.2,3,4,Yes,No,Yes,Normal,Low,0.07,91.1,12.19,Moderate,37.7,71.7,Low,5.04576703904094,Low,20.063662857839308,51,56.379999999999995,Consider
4068,Maruti Suzuki,Dzire,2020,12.28,CNG,Manual,998,24.3,5,4,Yes,Yes,Yes,Normal,Low,0.09,80.8,12.2,Good,31.6,68.8,Low,10.023089292195161,Low,11.193984399186146,91,79.595,Highly Recommended
4069,Skoda,Slavia,2024,16.44,Petrol,Manual,1199,21.6,4,6,Yes,Yes,Yes,Normal,Low,0.13,98.7,13.16,Good,32.1,72.0,Low,18.809244141614222,Low,14.481153023213384,84,72.04,Recommended
4070,Kia,Seltos,2024,9.77,CNG,Manual,1597,27.0,5,2,Yes,Yes,No,Calm,Low,0.11,83.8,13.39,Good,32.7,63.3,Low,14.080918018996716,Low,9.48936948673626,87,72.19999999999999,Recommended
4071,Toyota,Innova,2020,5.67,Diesel,Automatic,1197,23.9,5,4,Yes,Yes,Yes,Normal,Low,0.1,79.1,12.29,Good,31.2,54.1,Low,17.57252875692876,Low,17.290832498965393,87,78.735,Highly Recommended
4072,Tata,Altroz,2024,6.61,Petrol,Manual,1497,24.0,4,6,Yes,Yes,No,Normal,Low,0.12,89.5,12.48,Good,32.5,61.2,Low,15.527425743399192,Low,8.393076995572708,87,67.75,Recommended
4073,Mahindra,XUV700,2021,9.95,Petrol,Manual,2198,17.3,4,6,Yes,Yes,Yes,Normal,Low,0.28,87.9,13.04,Good,31.2,73.6,Low,4.305444628893706,Low,12.061354499779705,87,72.745,Recommended
4074,Hyundai,Creta,2021,8.12,Petrol,Automatic,1197,14.6,4,6,Yes,Yes,No,Normal,Low,0.14,109.5,12.58,Poor,30.0,80.6,Medium,35.97729367747292,Low,21.494453250331862,64,60.99,Recommended
4075,Kia,Carens,2020,7.47,Petrol,Manual,1497,24.4,5,6,Yes,Yes,Yes,Calm,Low,0.12,79.2,12.3,Good,32.6,79.7,Low,14.041089471645666,Low,1.3968253227980032,97,78.31,Highly Recommended
4076,Renault,Kiger,2022,6.38,CNG,Automatic,1290,28.0,4,4,Yes,Yes,Yes,Normal,Low,0.08,85.2,12.1,Good,31.1,65.1,Low,22.007835574770596,Low,13.386811438373712,80,80.2,Highly Recommended
4077,Renault,Kwid,2022,4.98,Diesel,Automatic,1597,20.0,5,4,Yes,Yes,Yes,Normal,Medium,0.11,83.5,12.27,Good,28.9,99.7,Low,0.0,Low,20.9355287383647,89,79.05000000000001,Highly Recommended
4078,Skoda,Slavia,2024,9.9,Diesel,Automatic,1197,20.2,3,6,Yes,No,Yes,Normal,Low,0.05,80.2,13.59,Good,33.3,53.0,Low,12.662563988065598,Low,15.304629434212167,62,66.93,Recommended
4079,Hyundai,i20,2023,11.37,Electric,Manual,0,379.8,4,6,Yes,Yes,Yes,Normal,Low,0.04,84.5,12.5,Moderate,34.3,66.2,Low,11.723326889088751,Low,21.26792394299586,77,83.8925,Highly Recommended
4080,Volkswagen,Virtus,2024,11.65,Petrol,Manual,1997,14.1,4,7,Yes,Yes,Yes,Normal,Medium,0.17,98.0,13.12,Poor,29.9,85.1,Low,28.237279433238037,Medium,45.16822785265994,59,59.665,Consider
4081,Kia,Sonet,2019,7.42,Petrol,Automatic,1997,19.4,4,4,Yes,Yes,No,Aggressive,Low,0.14,86.8,13.67,Good,32.7,64.7,Low,12.535883653605856,Low,20.630046345565404,79,68.46000000000001,Recommended
4082,Honda,Elevate,2022,6.44,Petrol,Manual,998,21.6,3,2,Yes,No,Yes,Aggressive,High,0.38,105.7,12.86,Good,29.0,52.6,Low,32.52524586638857,Medium,50.8636182830878,38,51.34,Consider
4083,Toyota,Urban Cruiser,2024,14.43,Petrol,Manual,1597,23.3,3,6,Yes,No,Yes,Risky,Low,0.0,88.5,12.46,Moderate,33.3,80.4,Low,13.504994145752711,Medium,45.38863997502818,45,54.745000000000005,Consider
4084,Hyundai,Venue,2021,5.42,Petrol,Automatic,1290,17.0,4,6,Yes,Yes,Yes,Normal,Medium,0.22,90.3,13.3,Good,28.7,66.1,Low,7.6668278553149545,Low,29.061619307105516,81,75.0,Highly Recommended
4085,Skoda,Kushaq,2026,11.55,Petrol,Automatic,1597,16.3,4,6,Yes,Yes,Yes,Normal,Low,0.22,87.8,12.23,Good,33.0,82.4,Low,4.34847339796311,Low,14.393709311505976,86,77.14500000000001,Highly Recommended
4086,Tata,Curvv,2022,17.11,Electric,Automatic,0,340.3,4,6,Yes,Yes,No,Calm,Low,0.02,94.9,12.64,Moderate,36.0,73.2,Low,10.035527057637038,Low,10.229026941952414,81,83.21125,Highly Recommended
4087,Maruti Suzuki,Baleno,2022,9.19,Petrol,Automatic,1997,21.7,5,2,Yes,Yes,Yes,Normal,Low,0.22,96.6,12.76,Moderate,33.2,85.5,Low,5.2100076378367515,Low,20.414566254914934,78,74.355,Recommended
4088,Mahindra,Scorpio,2022,14.13,Petrol,Automatic,1199,19.5,4,6,Yes,Yes,Yes,Calm,Low,0.01,89.0,12.11,Good,37.4,95.7,Low,11.910702167732088,Low,6.066185036233483,88,78.525,Highly Recommended
4089,Volkswagen,Taigun,2020,9.94,Petrol,Manual,1199,21.3,5,4,Yes,Yes,Yes,Aggressive,High,0.28,77.9,11.82,Moderate,28.4,77.8,Low,23.42874989039383,Medium,51.40794372101977,68,64.795,Recommended
4090,Kia,Sonet,2024,10.46,Petrol,Manual,1597,18.6,5,4,Yes,Yes,Yes,Normal,Low,0.08,77.9,12.28,Moderate,31.7,77.2,Low,7.440897484517072,Low,14.620649043829085,84,71.59,Recommended
4091,Kia,Carens,2023,11.82,Diesel,Automatic,2198,18.7,5,6,Yes,Yes,Yes,Risky,Low,0.05,80.5,12.2,Good,35.7,71.7,Low,20.422016470477498,Medium,37.60150888446026,84,76.605,Highly Recommended
4092,Tata,Punch,2025,10.78,Diesel,Automatic,1597,18.8,5,4,Yes,Yes,Yes,Normal,Medium,0.1,89.1,12.85,Good,34.0,89.2,Low,9.610567433065667,Low,20.37668649135379,87,77.97,Highly Recommended
4093,Mahindra,XUV 3XO,2021,15.48,Petrol,Automatic,1497,18.7,5,6,Yes,Yes,No,Calm,Low,0.11,87.9,12.94,Moderate,31.8,89.8,Low,0.0,Low,10.466184240411469,90,73.305,Recommended
4094,Toyota,Innova,2026,17.55,CNG,Automatic,1498,28.7,5,2,Yes,No,No,Normal,Low,0.03,76.5,12.69,Good,32.6,81.1,Low,7.784111012378751,Low,10.029758096196833,72,70.705,Recommended
4095,Hyundai,Verna,2019,10.51,Petrol,Automatic,1997,22.7,4,6,Yes,No,Yes,Aggressive,Low,0.33,87.4,13.43,Good,29.5,52.3,Low,15.562050254568089,Medium,30.24533388358041,64,68.205,Recommended
4096,Tata,Harrier,2021,9.29,Diesel,Automatic,1597,23.3,4,6,Yes,Yes,Yes,Normal,Low,0.22,105.2,12.19,Good,34.5,78.9,Low,8.506411913196672,Low,17.579411323205388,85,77.745,Highly Recommended
4097,Renault,Kwid,2022,9.62,Petrol,Automatic,1290,24.2,4,6,Yes,Yes,Yes,Aggressive,Low,0.12,92.2,13.36,Good,31.8,81.8,Low,1.7205736011126218,Low,20.404479424432452,85,77.88,Highly Recommended
4098,Skoda,Kushaq,2023,16.03,Petrol,Automatic,1197,18.3,4,7,Yes,Yes,Yes,Normal,High,0.34,97.0,13.13,Good,29.9,65.3,Low,16.834080820641503,Medium,33.23467737557449,80,74.745,Recommended
4099,Toyota,Urban Cruiser,2021,12.92,Diesel,Automatic,1997,23.6,5,6,Yes,Yes,Yes,Normal,Medium,0.13,89.0,12.09,Moderate,30.3,68.5,Low,33.711887725915254,Low,23.216334871455537,81,75.99000000000001,Highly Recommended
4100,Toyota,Innova,2022,14.4,Petrol,Manual,1597,17.5,3,6,Yes,No,Yes,Normal,Medium,0.28,81.0,12.1,Good,31.0,80.7,Low,7.248959982780052,Low,19.61519742762332,61,61.075,Recommended
4101,Maruti Suzuki,Fronx,2022,9.14,Diesel,Manual,1199,16.5,4,4,Yes,Yes,Yes,Aggressive,Medium,0.08,83.8,12.37,Good,32.4,76.9,Low,10.514143758537193,Medium,39.06760069402548,73,66.325,Recommended
4102,Renault,Triber,2023,10.95,CNG,Manual,1597,29.6,5,6,Yes,Yes,Yes,Calm,Low,0.07,105.1,13.19,Good,29.0,75.0,Low,16.65415692929946,Low,8.419535368969129,95,82.19,Highly Recommended
4103,Kia,Seltos,2023,15.0,Diesel,Automatic,1199,18.9,5,6,Yes,Yes,Yes,Normal,Medium,0.29,79.2,12.5,Moderate,35.3,69.9,Low,9.800680336117585,Medium,31.890744120060454,81,75.285,Highly Recommended
4104,Maruti Suzuki,Fronx,2023,9.52,Petrol,Automatic,1197,21.5,4,6,Yes,Yes,Yes,Aggressive,Low,0.18,81.3,13.13,Moderate,33.7,81.6,Low,8.523097642605697,Low,27.908288148602118,75,72.975,Recommended
4105,Hyundai,Verna,2019,10.32,Diesel,Manual,1497,23.0,4,6,Yes,Yes,No,Normal,Low,0.12,87.2,13.36,Poor,35.8,75.0,Low,21.67617553320345,Low,25.137739227873368,65,57.7,Consider
4106,Tata,Punch,2025,12.66,Diesel,Manual,1597,24.9,4,6,Yes,Yes,No,Normal,Low,0.06,79.2,13.73,Good,32.3,100.0,Low,0.0,Low,10.219187097152886,88,68.33500000000001,Recommended
4107,Maruti Suzuki,Brezza,2025,7.24,CNG,Automatic,998,22.0,4,6,Yes,No,Yes,Normal,Low,0.03,89.5,12.45,Moderate,34.0,87.1,Low,16.163603832989697,Low,22.653655479256653,61,70.75,Recommended
4108,Kia,Seltos,2021,14.48,Diesel,Manual,1290,25.0,4,6,Yes,Yes,Yes,Risky,Low,0.0,87.1,13.06,Moderate,33.4,69.7,Low,5.898656277255322,Medium,35.091887851799314,73,67.6,Recommended
4109,Volkswagen,Virtus,2023,18.45,Petrol,Automatic,1597,16.8,4,6,Yes,Yes,Yes,Risky,Low,0.19,82.2,13.71,Good,36.2,90.4,Low,0.0,Medium,37.828404818516724,79,74.07000000000001,Recommended
4110,Toyota,Glanza,2022,14.16,Petrol,Automatic,1597,22.7,3,4,Yes,No,Yes,Risky,Low,0.12,90.9,12.43,Good,29.9,62.6,Low,16.557826313786705,Medium,37.479141947115394,49,61.455,Recommended
4111,Volkswagen,Virtus,2025,17.68,Petrol,Automatic,1498,21.2,5,6,Yes,Yes,No,Aggressive,Low,0.19,96.0,12.73,Good,33.5,86.4,Low,4.252759854815448,Low,23.43587940851638,91,74.13,Recommended
4112,Volkswagen,Taigun,2023,8.79,Electric,Manual,0,431.5,5,6,Yes,Yes,Yes,Normal,Low,0.07,83.6,12.46,Poor,33.8,65.2,Medium,45.11678887234826,Low,25.60210506609366,69,81.05,Highly Recommended
4113,Toyota,Innova,2024,12.89,Diesel,Automatic,1497,19.5,5,4,Yes,Yes,Yes,Aggressive,Medium,0.18,101.8,13.04,Good,29.1,67.5,Low,14.695248818069661,Medium,37.68633456461127,81,75.375,Highly Recommended
4114,Volkswagen,Virtus,2024,13.19,Petrol,Manual,998,22.7,3,6,Yes,No,Yes,Calm,Low,0.0,99.5,12.34,Moderate,35.1,65.8,Low,18.44248402232365,Low,5.857476599995444,58,60.505,Recommended
4115,Honda,Elevate,2021,10.38,Petrol,Automatic,1997,18.7,5,2,Yes,No,Yes,Risky,High,0.4,88.7,12.82,Poor,29.6,76.3,Low,29.1195632436574,High,79.48346408880694,30,52.305,Consider
4116,Renault,Kiger,2025,7.59,Diesel,Manual,1197,23.3,3,7,Yes,No,No,Normal,Low,0.13,88.6,12.21,Moderate,32.1,88.1,Low,8.362461749072754,Low,13.911582170899418,59,55.045,Consider
4117,Kia,Sonet,2026,11.88,Petrol,Automatic,1498,19.3,3,6,Yes,No,Yes,Normal,High,0.46,73.7,12.07,Moderate,31.0,72.2,Low,30.833296644018485,Medium,53.813841131169596,40,56.894999999999996,Consider
4118,Volkswagen,Virtus,2020,11.98,Petrol,Manual,1199,13.8,5,6,Yes,Yes,Yes,Aggressive,Low,0.15,69.6,12.76,Good,32.6,85.6,Low,3.2202746220071994,Low,24.918173695083983,91,74.02000000000001,Recommended
4119,Honda,Elevate,2026,15.66,Electric,Manual,0,416.8,2,7,Yes,No,Yes,Normal,Low,0.08,75.1,12.61,Good,26.6,73.7,Low,8.662757265848809,Low,15.936028170228237,56,75.2,Highly Recommended
4120,Volkswagen,Taigun,2022,9.1,Petrol,Manual,1197,23.1,4,6,Yes,Yes,Yes,Normal,Low,0.11,95.7,12.05,Good,28.1,72.6,Low,27.474714622316796,Low,9.073754582520598,85,72.715,Recommended
4121,Tata,Nexon,2024,11.04,CNG,Manual,1997,24.0,4,2,Yes,Yes,Yes,Normal,Low,0.21,90.2,11.52,Good,35.4,61.1,Medium,36.57632731137733,Low,14.865261249648446,73,71.45,Recommended
4122,Hyundai,Exter,2023,7.41,Petrol,Manual,2198,13.9,4,6,Yes,No,Yes,Normal,Low,0.14,99.2,12.8,Moderate,30.9,100.0,Low,3.8315901808107036,Low,13.363470168798086,66,62.785,Recommended
4123,Maruti Suzuki,Fronx,2023,7.71,Electric,Manual,0,337.5,5,6,Yes,Yes,No,Normal,High,0.45,94.3,11.94,Good,28.9,56.2,Low,33.277728395306795,Medium,37.78275333342912,82,78.55625,Highly Recommended
4124,Tata,Altroz,2023,13.4,Electric,Automatic,0,387.3,4,6,Yes,Yes,No,Normal,Low,0.13,86.5,12.22,Moderate,31.8,87.9,Low,8.424848117734353,Low,13.935791206697134,80,84.52375,Highly Recommended
4125,Mahindra,XUV 3XO,2023,14.24,Petrol,Manual,1498,18.5,3,2,Yes,No,Yes,Calm,High,0.31,89.1,12.68,Good,30.5,86.3,Low,0.24050756835807618,Medium,35.720432084030406,48,55.375,Consider
4126,Honda,Elevate,2020,9.47,Petrol,Manual,1997,21.9,2,2,Yes,No,Yes,Aggressive,Low,0.17,87.9,12.57,Good,29.0,71.4,Low,4.831260300131246,Low,25.486959776888675,43,53.635000000000005,Consider
4127,Tata,Nexon,2023,14.38,Electric,Manual,0,309.3,5,6,Yes,Yes,Yes,Normal,Low,0.07,90.0,13.19,Moderate,29.7,76.1,Low,1.3610410906784693,Low,16.835152960704978,88,86.19875,Highly Recommended
4128,Toyota,Hyryder,2025,13.54,Diesel,Manual,2198,18.6,5,6,Yes,Yes,Yes,Aggressive,High,0.38,84.1,11.93,Poor,29.1,96.6,Medium,49.83675215473538,High,59.74543372956592,57,59.44,Consider
4129,Hyundai,i20,2021,8.49,Petrol,Manual,1498,21.8,3,6,Yes,No,Yes,Normal,High,0.31,93.5,12.88,Good,28.7,93.6,Low,0.0,Medium,33.15196879173999,57,59.92,Consider
4130,Skoda,Kushaq,2025,15.81,CNG,Automatic,1597,26.7,4,7,Yes,Yes,Yes,Calm,Low,0.32,92.3,11.73,Good,29.9,58.3,Medium,40.919098104962416,Low,15.763799955261572,82,80.905,Highly Recommended
4131,Honda,Elevate,2021,10.3,Electric,Manual,0,472.0,4,6,Yes,Yes,Yes,Normal,Medium,0.2,87.3,12.11,Good,29.9,54.0,Low,16.425745477745366,Low,20.677536787034548,82,86.9,Highly Recommended
4132,Tata,Nexon,2022,9.92,Petrol,Automatic,1597,23.1,4,2,Yes,Yes,Yes,Normal,Low,0.08,89.5,12.38,Good,31.5,71.8,Low,13.846754814155078,Low,7.184935541299545,79,75.01500000000001,Highly Recommended
4133,Mahindra,Scorpio,2026,12.83,Petrol,Automatic,1997,21.5,4,6,Yes,Yes,Yes,Normal,Low,0.09,79.4,11.7,Good,33.6,67.7,Low,24.774439010786995,Low,17.937810227654303,82,76.125,Highly Recommended
4134,Hyundai,Creta,2025,15.58,Petrol,Manual,1197,14.0,4,4,Yes,Yes,Yes,Normal,Medium,0.34,92.7,12.56,Good,30.6,84.9,Low,2.408286537969535,Low,23.35748169357637,79,68.65,Recommended
4135,Tata,Curvv,2026,17.73,Petrol,Manual,998,22.6,4,6,Yes,Yes,Yes,Normal,Medium,0.2,96.3,12.97,Good,28.3,68.4,Low,17.60498529526425,Low,15.979223030083533,84,72.19,Recommended
4136,Skoda,Kushaq,2024,14.23,Petrol,Automatic,2198,21.4,5,6,Yes,Yes,Yes,Normal,Medium,0.35,83.3,12.25,Good,28.7,77.8,Low,1.0300884750407535,Low,25.602585138913682,91,80.16,Highly Recommended
4137,Mahindra,XUV 3XO,2020,8.15,Diesel,Manual,1199,15.7,5,7,Yes,Yes,Yes,Normal,Low,0.22,83.9,12.31,Moderate,29.6,92.1,Low,4.873063530045394,Low,26.017942216256536,86,72.055,Recommended
4138,Kia,Carens,2019,10.75,Electric,Automatic,0,336.2,4,6,Yes,Yes,Yes,Normal,Low,0.01,82.9,13.11,Good,31.2,82.2,Low,8.85714002846202,Low,9.758648670290178,87,91.7575,Highly Recommended
4139,Honda,Amaze,2019,6.92,Petrol,Manual,1290,17.7,5,4,Yes,Yes,Yes,Normal,Medium,0.17,86.1,12.67,Good,29.3,80.7,Low,10.984140141513693,Low,17.518624136699728,88,73.255,Recommended
4140,Toyota,Innova,2019,13.35,Petrol,Manual,2198,15.9,5,2,Yes,Yes,Yes,Calm,Low,0.11,85.3,12.85,Moderate,34.2,66.0,Low,11.304573624077776,Low,7.574655372623892,82,70.285,Recommended
4141,Volkswagen,Taigun,2019,12.01,CNG,Manual,2198,27.3,4,6,Yes,Yes,No,Calm,Low,0.11,73.1,12.58,Good,31.2,53.4,Low,21.315419337641334,Low,8.362856901761937,86,71.795,Recommended
4142,Honda,Amaze,2024,13.31,Electric,Manual,0,349.3,4,6,Yes,Yes,Yes,Aggressive,Medium,0.3,93.2,13.01,Poor,31.1,70.9,Low,21.999829969523358,Medium,45.61105443675186,58,74.19875,Recommended
4143,Maruti Suzuki,Fronx,2025,6.66,Petrol,Manual,1597,20.1,4,2,Yes,No,Yes,Normal,Low,0.29,81.9,12.54,Moderate,35.4,90.4,Low,12.18638609940296,Low,16.737764174871973,55,58.765,Consider
4144,Renault,Kiger,2022,4.5,CNG,Manual,1997,25.2,5,6,Yes,Yes,No,Aggressive,High,0.39,98.7,13.22,Good,32.3,64.5,Low,18.63456164041468,Medium,51.91806325586638,79,68.33000000000001,Recommended
4145,Mahindra,Thar,2025,17.89,Petrol,Automatic,1997,17.8,5,4,Yes,Yes,Yes,Normal,Low,0.18,88.3,13.21,Good,29.6,75.3,Low,6.051446212606381,Low,10.450482261850906,91,79.62,Highly Recommended
4146,Renault,Triber,2025,6.81,Petrol,Manual,1498,18.1,4,6,Yes,No,Yes,Normal,Medium,0.23,85.6,12.11,Good,30.9,63.6,Low,19.360529089295824,Low,23.75607271459399,66,63.415,Recommended
4147,Hyundai,i20,2021,4.5,Petrol,Automatic,1197,25.4,4,6,Yes,Yes,No,Aggressive,Low,0.04,83.2,12.16,Moderate,34.3,100.0,Low,0.0,Low,19.952989663143008,79,69.36000000000001,Recommended
4148,Kia,Seltos,2024,7.79,Petrol,Automatic,1997,19.9,5,7,Yes,No,No,Normal,Low,0.1,96.0,11.88,Good,32.2,77.3,Low,32.42355430350999,Low,9.281631077530013,79,68.535,Recommended
4149,Skoda,Kushaq,2026,19.74,Petrol,Manual,1290,18.8,4,6,Yes,Yes,Yes,Risky,Low,0.22,94.3,12.92,Poor,32.2,87.2,Low,22.0972580566622,Medium,47.732229923322976,57,59.47,Consider
4150,Honda,City,2022,4.5,Petrol,Manual,1597,24.0,3,6,Yes,No,No,Calm,Low,0.0,76.5,12.88,Good,36.4,100.0,Low,0.0,Low,3.238131458444592,68,59.2,Consider
4151,Mahindra,Scorpio,2023,14.9,Electric,Automatic,0,328.7,4,2,Yes,Yes,Yes,Calm,Low,0.12,86.4,12.49,Good,33.9,76.0,Low,7.141533811834421,Low,4.018334030582044,82,89.22625,Highly Recommended
4152,Honda,Elevate,2026,10.07,CNG,Manual,1597,22.3,4,6,Yes,Yes,Yes,Calm,Medium,0.4,86.2,12.31,Good,33.8,94.5,Low,0.0,Medium,32.69989264405315,81,74.795,Recommended
4153,Maruti Suzuki,Swift,2025,9.36,Petrol,Automatic,2198,12.9,4,6,Yes,Yes,No,Normal,Low,0.19,87.6,12.5,Good,28.0,65.4,Low,19.069839178615503,Low,19.383474735806853,82,68.83500000000001,Recommended
4154,Hyundai,Exter,2023,7.89,Diesel,Automatic,1497,19.9,4,4,Yes,Yes,Yes,Aggressive,Low,0.03,104.2,12.75,Good,30.3,99.8,Low,10.47963045840582,Low,20.42678608532718,79,74.535,Recommended
4155,Honda,City,2019,9.72,Petrol,Manual,1497,17.3,4,6,Yes,No,Yes,Normal,High,0.34,87.7,11.84,Good,32.0,79.2,Low,25.37902527610997,Medium,36.29497524930227,60,60.595,Recommended
4156,Volkswagen,Taigun,2023,10.25,Petrol,Manual,1199,22.8,4,4,Yes,No,Yes,Risky,Medium,0.08,85.3,12.62,Good,31.6,89.5,Low,6.603895521976726,Medium,42.99311122024409,57,60.07,Recommended
4157,Maruti Suzuki,Swift,2023,10.9,Petrol,Manual,1197,20.7,4,2,Yes,Yes,Yes,Normal,Low,0.13,83.3,11.85,Good,36.0,80.3,Low,29.592889462702058,Low,11.745199793535527,75,67.85499999999999,Recommended
4158,Honda,City,2019,14.86,CNG,Automatic,1199,21.7,4,2,Yes,Yes,Yes,Normal,Medium,0.28,85.7,13.33,Good,30.5,90.8,Low,1.2563244976975767,Low,21.469392472615013,76,77.45500000000001,Highly Recommended
4159,Volkswagen,Taigun,2022,9.33,Petrol,Automatic,1498,17.5,5,6,Yes,Yes,No,Normal,Low,0.17,87.5,12.4,Moderate,31.0,94.6,Low,5.541774610259994,Low,19.668155701206043,86,71.325,Recommended
4160,Honda,Elevate,2024,11.82,Petrol,Automatic,998,24.6,3,4,Yes,No,Yes,Normal,Low,0.09,92.2,12.75,Moderate,29.5,69.0,Low,14.620682505334248,Low,17.609311287415355,51,62.64,Recommended
4161,Kia,Seltos,2021,8.14,Diesel,Manual,1597,24.5,3,6,Yes,No,No,Aggressive,Medium,0.1,101.5,11.52,Good,36.1,78.9,Medium,45.44687564382943,Medium,35.13174223704577,50,51.175,Consider
4162,Volkswagen,Taigun,2022,8.49,Diesel,Manual,1497,19.0,3,2,Yes,No,Yes,Calm,Low,0.19,82.6,12.96,Good,33.3,57.8,Low,14.471929170945465,Low,13.411171283341137,54,58.150000000000006,Consider
4163,Maruti Suzuki,Fronx,2024,9.38,Electric,Manual,0,270.5,5,6,Yes,Yes,Yes,Normal,Low,0.04,82.0,12.54,Moderate,36.2,67.2,Low,15.14284585214538,Low,19.330014463894585,85,83.39375,Highly Recommended
4164,Hyundai,Verna,2023,13.07,Petrol,Manual,1498,22.1,5,7,Yes,Yes,Yes,Calm,Low,0.18,92.8,12.75,Good,32.2,83.0,Low,7.913903172523641,Low,7.010922454150489,98,78.41499999999999,Highly Recommended
4165,Tata,Nexon,2022,13.88,Petrol,Manual,2198,14.6,3,6,Yes,No,No,Calm,Low,0.17,88.2,12.93,Good,26.6,79.3,Low,6.1720938999780985,Low,10.496313688701436,64,55.99,Consider
4166,Toyota,Hyryder,2025,16.13,CNG,Manual,1197,30.2,3,6,Yes,No,Yes,Normal,Low,0.17,91.4,12.76,Good,31.6,83.2,Low,5.396026660676545,Low,15.987647854775517,63,67.88,Recommended
4167,Tata,Punch,2021,7.56,CNG,Automatic,1498,22.8,4,6,Yes,No,Yes,Risky,Low,0.06,91.0,12.85,Poor,30.2,81.2,Medium,35.44105702172298,Medium,39.98238214522771,43,62.77,Recommended
4168,Hyundai,Venue,2023,8.47,Diesel,Manual,1199,23.6,4,4,Yes,Yes,No,Normal,High,0.37,93.2,12.02,Good,30.7,70.4,Medium,39.66732170908662,Medium,36.766125247597955,69,59.59,Consider
4169,Maruti Suzuki,Baleno,2019,4.5,Petrol,Manual,1290,20.3,4,6,Yes,Yes,Yes,Calm,Medium,0.0,79.6,12.18,Good,28.1,100.0,Low,6.313597307767927,Low,20.20636718753566,84,71.845,Recommended
4170,Toyota,Innova,2021,14.03,Petrol,Automatic,1997,18.2,4,6,Yes,Yes,No,Aggressive,Low,0.11,92.1,12.83,Poor,27.8,97.2,Low,10.777523390871153,Medium,36.82514441191151,62,60.63,Recommended
4171,Skoda,Slavia,2023,11.64,Petrol,Manual,1498,20.2,2,4,Yes,No,Yes,Normal,High,0.41,95.1,12.54,Good,28.6,76.6,Low,13.228553160991815,Medium,38.452177713193265,42,52.93000000000001,Consider
4172,Maruti Suzuki,Baleno,2022,8.9,Petrol,Manual,1597,20.5,4,2,Yes,Yes,Yes,Calm,Medium,0.34,90.2,11.46,Good,32.7,74.6,Low,34.40399501143262,Low,17.284779587641015,73,66.92500000000001,Recommended
4173,Mahindra,Thar,2020,14.15,Electric,Manual,0,353.3,3,6,Yes,No,No,Aggressive,Low,0.08,97.8,12.9,Good,30.1,63.8,Low,14.180908661556419,Low,20.897283726311255,60,69.24875,Recommended
4174,Toyota,Innova,2023,10.63,Petrol,Automatic,1597,27.5,3,6,Yes,No,No,Normal,Medium,0.18,87.7,12.34,Moderate,27.5,43.7,Low,17.83239916697868,Low,28.865211317373078,50,56.625,Consider
4175,Hyundai,Verna,2026,9.72,Electric,Manual,0,275.3,3,4,Yes,No,Yes,Aggressive,Low,0.11,78.6,12.95,Good,34.1,67.6,Low,4.774512363574496,Low,22.044106191497157,57,70.97375,Recommended
4176,Kia,Carens,2021,6.31,Petrol,Manual,2198,20.0,5,4,Yes,Yes,Yes,Aggressive,Low,0.0,80.7,12.61,Good,29.6,76.0,Low,9.040970463147477,Low,17.741180471672067,88,73.6,Recommended
4177,Mahindra,XUV 3XO,2022,18.46,CNG,Manual,1199,21.3,4,6,Yes,Yes,Yes,Aggressive,Low,0.13,84.0,12.66,Moderate,26.9,60.3,Low,20.997809409927733,Low,29.660948495292367,72,70.595,Recommended
4178,Honda,Amaze,2024,11.03,Diesel,Automatic,1597,24.6,4,6,Yes,Yes,Yes,Normal,High,0.41,93.3,11.53,Good,30.7,69.5,Low,31.136376051792872,Medium,37.41277650812909,74,72.99000000000001,Recommended
4179,Renault,Triber,2025,11.09,Electric,Automatic,0,423.1,4,6,Yes,Yes,Yes,Normal,Low,0.1,82.5,13.34,Poor,29.5,91.3,Low,31.53831392195061,Low,23.919442439399134,64,83.8,Highly Recommended
4180,Renault,Kiger,2019,7.76,Petrol,Automatic,1197,17.7,5,2,Yes,No,Yes,Normal,Medium,0.19,84.6,12.28,Good,32.0,83.2,Low,9.16252998899104,Low,22.53630868539863,68,69.255,Recommended
4181,Mahindra,XUV 3XO,2025,14.22,Diesel,Automatic,1199,22.1,4,4,Yes,Yes,Yes,Normal,High,0.51,92.4,12.15,Moderate,35.8,96.6,Low,8.431182308088648,Medium,45.71111550383676,65,68.565,Recommended
4182,Skoda,Kushaq,2026,11.57,Petrol,Automatic,2198,15.5,4,6,Yes,Yes,Yes,Normal,Low,0.15,86.1,12.02,Good,29.8,54.4,Medium,39.731751912030994,Low,8.407433330814687,83,75.67500000000001,Highly Recommended
4183,Mahindra,XUV700,2023,12.63,CNG,Manual,1199,25.7,4,6,Yes,Yes,Yes,Risky,Low,0.16,94.2,12.44,Good,32.2,80.0,Low,0.439698053992867,Medium,38.53929230714126,78,73.955,Recommended
4184,Renault,Kwid,2020,7.5,Electric,Automatic,0,375.5,5,2,Yes,Yes,Yes,Normal,Low,0.12,91.0,13.14,Good,36.4,60.5,Low,10.543393088777028,Low,16.83626792675503,85,92.33125,Highly Recommended
4185,Tata,Harrier,2025,10.12,CNG,Manual,998,25.0,5,6,Yes,Yes,Yes,Normal,Low,0.13,90.3,11.84,Good,29.4,71.9,Low,33.70234323142622,Low,14.498774628249803,90,79.25,Highly Recommended
4186,Hyundai,i20,2026,9.59,CNG,Manual,1597,25.0,5,6,Yes,Yes,Yes,Aggressive,Low,0.0,81.3,12.33,Good,30.8,61.7,Low,15.127720903683652,Low,14.33564505376652,93,80.6,Highly Recommended
4187,Maruti Suzuki,Brezza,2023,8.24,Electric,Manual,0,355.3,4,6,Yes,Yes,Yes,Normal,Medium,0.19,81.3,12.57,Good,31.5,75.8,Low,14.370576756271483,Low,19.960411856856183,83,85.67375,Highly Recommended
4188,Skoda,Kushaq,2024,10.21,Diesel,Manual,1997,21.4,4,6,Yes,Yes,Yes,Normal,High,0.4,94.1,12.04,Good,34.6,100.0,Low,20.526597116858596,Medium,45.53659380541084,73,67.06,Recommended
4189,Kia,Sonet,2025,17.09,Electric,Automatic,0,397.9,4,2,Yes,Yes,Yes,Normal,Low,0.12,87.1,12.42,Good,35.9,87.7,Low,0.0,Low,10.632973591170394,80,90.92125,Highly Recommended
4190,Hyundai,Venue,2025,10.98,Petrol,Automatic,1197,23.5,5,2,Yes,Yes,No,Aggressive,Low,0.13,90.5,11.92,Good,33.8,56.5,Low,32.92588772088893,Low,22.905526274906958,79,69.075,Recommended
4191,Kia,Sonet,2023,12.07,Petrol,Manual,1290,15.4,5,6,Yes,Yes,Yes,Aggressive,Low,0.1,84.3,13.29,Good,31.9,81.7,Low,4.5150704614337736,Low,18.438423855003574,93,75.16,Highly Recommended
4192,Skoda,Slavia,2025,14.85,Diesel,Manual,1997,14.9,3,6,Yes,No,Yes,Normal,Low,0.09,91.0,13.14,Good,33.0,70.2,Low,11.861093080802323,Low,17.997907598886982,61,60.685,Recommended
4193,Kia,Sonet,2021,10.26,Petrol,Manual,1497,19.9,5,2,Yes,Yes,Yes,Risky,High,0.28,87.2,13.8,Good,27.5,100.0,Low,1.275695719425369,High,57.49451655472389,72,66.38499999999999,Recommended
4194,Toyota,Innova,2019,14.19,Diesel,Manual,1997,16.7,4,4,Yes,No,No,Normal,High,0.15,85.0,12.88,Poor,28.0,92.5,Low,29.81860049255976,Medium,49.897406408194314,36,43.705,Not Recommended
4195,Kia,Seltos,2025,16.22,Electric,Manual,0,313.2,5,7,Yes,Yes,Yes,Normal,Low,0.0,89.5,11.2,Poor,32.0,100.0,Medium,43.34526749277469,Low,21.233620382497893,73,79.595,Highly Recommended
4196,Hyundai,Exter,2022,10.91,Diesel,Manual,1997,19.9,5,2,Yes,Yes,Yes,Risky,Low,0.04,88.8,12.52,Good,32.6,77.6,Low,12.363905725016792,Medium,35.48213923612299,78,69.08500000000001,Recommended
4197,Hyundai,i20,2020,5.92,Diesel,Manual,1497,20.4,5,6,Yes,Yes,Yes,Normal,Low,0.06,83.5,12.61,Good,31.1,60.3,Low,25.33014062067668,Low,11.784341091257716,92,75.46000000000001,Highly Recommended
4198,Kia,Carens,2025,14.69,Electric,Manual,0,356.7,4,2,Yes,Yes,Yes,Normal,Medium,0.27,86.0,12.91,Moderate,32.8,76.5,Low,0.13350228669736985,Low,26.66133680765732,69,79.42625,Highly Recommended
4199,Renault,Triber,2019,10.75,Electric,Manual,0,337.5,5,4,Yes,Yes,Yes,Normal,Low,0.12,93.7,12.92,Good,33.2,80.0,Low,10.732371135682616,Low,12.505602313768186,90,88.15625,Highly Recommended
4200,Toyota,Innova,2026,14.89,CNG,Manual,998,25.7,4,6,Yes,Yes,No,Normal,Low,0.03,72.8,12.88,Moderate,37.3,56.1,Low,25.21667671751896,Low,15.034581645286705,77,67.505,Recommended
4201,Volkswagen,Taigun,2024,13.02,Diesel,Automatic,1597,19.9,4,7,Yes,Yes,Yes,Calm,High,0.35,90.4,12.21,Good,30.5,92.9,Low,2.673565054144004,Medium,39.47353073357914,80,74.985,Recommended
4202,Maruti Suzuki,Brezza,2024,8.79,Petrol,Manual,1290,19.4,4,2,Yes,Yes,Yes,Normal,Low,0.04,74.9,12.34,Moderate,31.6,60.1,Low,19.481077053615028,Low,16.72779934853151,69,64.96000000000001,Recommended
4203,Honda,Amaze,2021,4.5,Diesel,Automatic,1197,21.1,5,6,Yes,Yes,Yes,Normal,Low,0.16,90.8,12.09,Good,32.9,77.7,Low,31.06446660234798,Low,13.120605579093416,91,80.11500000000001,Highly Recommended
4204,Tata,Punch,2020,8.1,Diesel,Automatic,1197,20.0,4,2,Yes,Yes,Yes,Aggressive,High,0.27,87.6,12.41,Good,34.0,91.9,Low,8.59439501449786,Medium,44.29774685888828,67,69.15,Recommended
4205,Toyota,Glanza,2021,12.56,Electric,Manual,0,276.4,5,2,Yes,Yes,Yes,Risky,Low,0.3,94.3,11.8,Good,30.2,73.7,Medium,35.092314613142555,Medium,37.55428610207351,74,78.665,Highly Recommended
4206,Mahindra,Scorpio,2026,15.91,Petrol,Manual,1197,19.8,4,2,Yes,Yes,Yes,Risky,Low,0.33,81.8,12.16,Moderate,29.4,55.6,Low,18.950140705062992,Medium,35.8604082785338,63,62.32,Recommended
4207,Volkswagen,Virtus,2020,15.25,Electric,Manual,0,503.5,3,4,Yes,No,Yes,Normal,Low,0.0,85.8,12.15,Good,26.8,72.5,Low,11.774474866410085,Low,5.985404732359777,61,77.45,Highly Recommended
4208,Honda,Amaze,2020,10.43,Diesel,Automatic,998,17.5,4,6,Yes,Yes,Yes,Calm,Low,0.09,76.2,12.24,Good,34.7,58.1,Low,10.06782608323773,Low,3.2512737923923885,89,78.67500000000001,Highly Recommended
4209,Tata,Altroz,2020,10.03,Petrol,Automatic,998,19.9,4,6,Yes,Yes,Yes,Normal,Medium,0.23,89.3,12.22,Good,33.4,84.5,Low,10.192905948951667,Low,27.004853591148382,81,75.435,Highly Recommended
4210,Tata,Harrier,2019,10.88,Petrol,Manual,1997,19.4,3,4,Yes,No,Yes,Normal,Medium,0.21,100.5,12.43,Good,32.2,97.0,Low,7.3197203490837,Low,20.799047879436042,57,59.56,Consider
4211,Skoda,Kushaq,2026,15.88,Diesel,Manual,1498,15.4,3,6,Yes,No,Yes,Aggressive,Medium,0.28,86.3,12.58,Good,33.9,80.7,Low,9.38591377926925,Medium,38.64042665419204,54,57.61,Consider
4212,Kia,Sonet,2020,13.79,Electric,Manual,0,327.3,5,4,Yes,Yes,Yes,Aggressive,Low,0.0,80.3,12.33,Good,29.1,46.6,Low,18.177573621535313,Low,21.034478349628927,86,85.97375,Highly Recommended
4213,Maruti Suzuki,Swift,2026,4.83,Petrol,Manual,1197,27.3,3,2,Yes,No,Yes,Risky,High,0.42,93.2,12.69,Moderate,29.0,92.7,Low,11.974577027522667,High,72.83716050524164,28,47.695,Consider
4214,Maruti Suzuki,Fronx,2023,10.83,CNG,Manual,1199,23.9,3,4,Yes,No,Yes,Normal,Medium,0.16,88.6,12.36,Good,25.8,66.7,Low,7.410551611540574,Low,29.7786962538714,53,62.435,Recommended
4215,Mahindra,Scorpio,2022,16.66,CNG,Manual,1290,22.6,4,2,Yes,Yes,No,Aggressive,Low,0.18,80.2,12.68,Moderate,35.5,73.6,Low,9.010619811211038,Low,27.09848095474604,67,62.54,Recommended
4216,Mahindra,XUV700,2025,15.47,Petrol,Automatic,1290,18.5,4,6,Yes,Yes,Yes,Normal,Low,0.14,79.1,12.5,Moderate,32.9,70.1,Low,18.505743963074195,Low,21.1360069168477,76,72.975,Recommended
4217,Mahindra,XUV 3XO,2025,20.45,Diesel,Manual,1997,18.5,4,6,Yes,Yes,Yes,Aggressive,Medium,0.38,98.7,12.72,Good,32.0,60.3,Low,22.910113531301896,Medium,32.691678860012985,77,68.425,Recommended
4218,Mahindra,XUV 3XO,2025,20.32,Petrol,Automatic,998,14.1,5,6,Yes,Yes,No,Risky,Medium,0.15,91.2,12.82,Good,29.9,63.2,Low,4.972295423048646,Medium,48.756359543943425,82,69.015,Recommended
4219,Maruti Suzuki,Baleno,2025,8.52,Diesel,Automatic,1498,21.0,5,6,Yes,Yes,Yes,Normal,Low,0.15,91.0,12.6,Good,29.5,67.4,Low,8.696446242049886,Low,15.759624235151705,93,81.0,Highly Recommended
4220,Mahindra,XUV 3XO,2026,12.88,Petrol,Automatic,1197,18.5,4,4,Yes,Yes,Yes,Aggressive,Medium,0.09,85.0,12.85,Good,28.1,73.9,Low,4.99627336987902,Medium,44.702586333975894,72,71.175,Recommended
4221,Hyundai,i20,2020,9.13,Petrol,Manual,1290,25.4,3,7,Yes,No,Yes,Normal,High,0.44,83.3,12.67,Good,32.9,76.6,Low,12.406486532830133,Medium,44.630387850518254,54,59.11,Consider
4222,Maruti Suzuki,Brezza,2025,9.81,Electric,Manual,0,310.9,4,2,Yes,Yes,Yes,Calm,Medium,0.33,98.8,12.21,Good,28.5,90.2,Low,8.748722566072814,Low,27.278260101373533,73,79.50874999999999,Highly Recommended
4223,Toyota,Hyryder,2019,9.79,CNG,Manual,1597,25.3,5,6,Yes,Yes,Yes,Calm,High,0.23,87.5,12.31,Good,30.9,86.7,Low,4.707722399062038,Medium,35.2043856500967,87,77.945,Highly Recommended
4224,Volkswagen,Virtus,2021,10.95,Diesel,Manual,1197,18.8,4,6,Yes,Yes,No,Normal,Low,0.21,88.0,12.26,Good,33.5,69.2,Low,5.3453338943407775,Low,9.080057942922647,88,67.42,Recommended
4225,Hyundai,Verna,2020,9.42,Petrol,Automatic,2198,18.8,5,7,Yes,Yes,Yes,Aggressive,Low,0.07,93.3,12.65,Good,31.8,76.6,Low,10.981796649208906,Low,27.0060502139863,91,79.77000000000001,Highly Recommended
4226,Toyota,Urban Cruiser,2020,13.88,Electric,Automatic,0,252.2,4,7,Yes,Yes,No,Normal,Low,0.12,90.4,12.23,Good,36.4,63.9,Low,16.631798687754955,Low,12.882325755166699,87,82.6075,Highly Recommended
4227,Mahindra,XUV 3XO,2020,13.43,Electric,Automatic,0,336.6,4,2,Yes,Yes,Yes,Aggressive,Low,0.05,86.9,12.32,Good,30.3,100.0,Low,0.0,Low,15.302015131348528,79,88.17250000000001,Highly Recommended
4228,Hyundai,Verna,2020,9.31,Diesel,Manual,1197,22.5,3,4,Yes,No,Yes,Normal,Low,0.15,83.7,13.05,Moderate,31.3,86.5,Low,3.2837599959513626,Low,21.417274303451382,51,57.325,Consider
4229,Kia,Sonet,2025,10.08,Electric,Manual,0,446.4,5,4,Yes,Yes,Yes,Normal,Medium,0.41,79.3,12.36,Good,32.9,78.0,Low,5.852669257774418,Low,26.79352741014805,86,88.7,Highly Recommended
4230,Maruti Suzuki,Dzire,2022,4.5,Petrol,Manual,998,19.4,5,2,Yes,Yes,Yes,Normal,Low,0.0,98.1,11.73,Good,34.4,63.5,Medium,35.545078220269126,Low,6.101655477768649,85,72.16,Recommended
4231,Skoda,Kushaq,2019,11.68,Diesel,Manual,1497,27.3,5,6,Yes,Yes,Yes,Calm,Low,0.24,81.4,12.45,Good,34.5,100.0,Low,0.0,Low,11.357063899441844,96,78.295,Highly Recommended
4232,Tata,Nexon,2020,8.45,CNG,Manual,1597,19.5,4,6,Yes,Yes,Yes,Normal,Low,0.09,95.1,12.16,Good,32.3,76.9,Low,18.189896938165056,Low,11.697104522396577,85,76.175,Highly Recommended
4233,Kia,Sonet,2025,8.62,Petrol,Automatic,1597,15.8,4,2,Yes,No,Yes,Calm,Low,0.11,95.5,12.46,Poor,33.0,100.0,Low,19.27657179896127,Low,19.86751198327586,44,58.17,Consider
4234,Renault,Triber,2021,10.48,Electric,Automatic,0,326.3,4,6,Yes,Yes,No,Normal,Medium,0.19,91.7,12.54,Good,29.0,71.9,Low,2.570872125328105,Low,19.683326278406817,85,84.48625,Highly Recommended
4235,Volkswagen,Virtus,2021,7.72,Diesel,Manual,1997,15.8,3,6,Yes,No,Yes,Normal,Medium,0.24,83.0,12.73,Good,31.7,32.9,Low,25.051729019585174,Low,22.101061032322296,58,59.47,Consider
4236,Renault,Kwid,2019,4.5,Petrol,Manual,998,13.8,4,2,Yes,Yes,Yes,Normal,Low,0.15,87.1,12.74,Moderate,34.5,100.0,Low,0.0,Low,20.070503975196015,71,65.02,Recommended
4237,Mahindra,XUV700,2022,10.3,Petrol,Automatic,1290,17.2,4,6,Yes,No,Yes,Normal,Low,0.28,84.2,12.67,Good,33.6,74.1,Low,13.015933570341,Low,14.30864924197838,70,70.08,Recommended
4238,Honda,Amaze,2020,7.72,Petrol,Automatic,1497,15.9,4,6,Yes,Yes,Yes,Normal,High,0.34,101.9,12.64,Good,29.2,86.7,Low,13.486988267252002,Medium,35.00893546665999,78,73.485,Recommended
4239,Maruti Suzuki,Baleno,2022,6.49,CNG,Manual,2198,19.7,4,2,Yes,Yes,No,Normal,Low,0.07,80.8,12.85,Poor,31.6,64.7,Medium,39.58515129195069,Low,25.358603928831815,54,56.254999999999995,Consider
4240,Honda,City,2024,9.34,Petrol,Automatic,1199,16.6,3,6,Yes,No,Yes,Normal,Low,0.02,103.4,11.89,Good,37.4,94.2,Low,19.590853300893794,Low,10.442739601354335,62,66.39,Recommended
4241,Maruti Suzuki,Swift,2023,4.5,Diesel,Manual,1497,23.8,5,6,Yes,Yes,Yes,Calm,High,0.52,81.5,11.69,Good,32.5,75.5,Low,33.36568576600012,Medium,33.86774557993862,83,71.92,Recommended
4242,Mahindra,Thar,2019,10.3,Diesel,Manual,1997,21.1,3,2,Yes,No,Yes,Normal,Medium,0.22,96.7,12.51,Moderate,31.0,51.0,Low,28.834157106616793,Low,25.943645666615833,42,53.065,Consider
4243,Mahindra,Thar,2025,15.8,Electric,Automatic,0,244.9,5,6,Yes,Yes,Yes,Calm,Low,0.12,90.3,12.21,Good,30.5,79.9,Low,2.584016806996412,Low,12.031469319225675,95,91.93375,Highly Recommended
4244,Honda,Amaze,2026,11.67,Petrol,Automatic,1498,13.4,4,4,Yes,Yes,Yes,Normal,Low,0.17,84.0,12.92,Good,31.5,59.3,Low,16.45229933101747,Low,14.746393516095802,80,74.00999999999999,Recommended
4245,Honda,City,2024,10.67,Diesel,Automatic,998,19.6,4,2,Yes,No,No,Normal,Low,0.03,73.9,13.7,Good,38.0,76.9,Low,7.928933870440714,Low,9.42058607629351,65,62.19,Recommended
4246,Hyundai,Creta,2026,8.21,Petrol,Automatic,2198,19.4,4,6,Yes,Yes,Yes,Risky,Medium,0.27,94.6,11.57,Good,34.8,59.2,Low,30.83580336362705,Medium,42.71866019398932,72,71.31,Recommended
4247,Volkswagen,Taigun,2026,9.08,Petrol,Automatic,1497,15.9,3,6,Yes,No,Yes,Normal,Low,0.25,88.4,12.28,Good,30.3,69.0,Low,22.400005171420275,Low,18.416835097697366,59,64.935,Recommended
4248,Renault,Kwid,2021,9.83,Petrol,Manual,1199,16.5,5,6,Yes,Yes,No,Aggressive,Low,0.22,88.4,12.38,Good,25.7,62.2,Low,2.1991255989970657,Medium,32.5380336157939,88,67.075,Recommended
4249,Tata,Altroz,2020,6.91,Petrol,Manual,2198,20.0,3,6,Yes,No,Yes,Risky,Low,0.07,82.2,13.02,Good,30.1,77.3,Low,12.761874787396962,Medium,33.32540233417683,55,58.75,Consider
4250,Tata,Punch,2024,17.99,Electric,Manual,0,291.5,3,2,Yes,No,Yes,Normal,High,0.36,78.5,12.36,Good,31.9,66.6,Low,9.30321212493521,Medium,38.29807221060633,46,66.63125,Recommended
4251,Honda,City,2019,16.42,Electric,Automatic,0,478.6,3,7,Yes,No,Yes,Normal,Low,0.03,91.1,12.38,Moderate,32.5,66.0,Low,12.893134729131507,Low,9.967390118175178,60,82.0,Highly Recommended
4252,Renault,Kwid,2020,7.14,Petrol,Manual,1597,20.8,4,2,Yes,Yes,Yes,Risky,Low,0.1,91.7,12.78,Good,32.8,79.3,Low,4.8899142365054225,Medium,39.7077796193951,69,65.17,Recommended
4253,Maruti Suzuki,Baleno,2020,4.93,Petrol,Automatic,1290,26.9,5,6,Yes,Yes,Yes,Risky,Low,0.1,75.2,13.18,Good,30.1,89.5,Low,0.0,Medium,35.30758136592584,88,79.63499999999999,Highly Recommended
4254,Volkswagen,Taigun,2023,13.98,CNG,Automatic,998,29.3,3,7,Yes,No,Yes,Aggressive,High,0.42,85.8,12.22,Good,33.4,100.0,Low,1.2922182368442372,Medium,53.535665635352395,52,67.795,Recommended
4255,Toyota,Hyryder,2022,10.76,CNG,Manual,998,25.5,4,6,Yes,Yes,No,Normal,Low,0.14,92.1,13.27,Moderate,31.5,94.9,Low,1.1285035373101473,Low,19.80779901362639,79,68.375,Recommended
4256,Volkswagen,Taigun,2019,14.36,Petrol,Manual,1498,20.7,3,4,Yes,No,Yes,Normal,Low,0.05,88.6,12.51,Poor,30.8,55.8,Medium,40.101539449471,Low,20.754430158055207,37,50.755,Consider
4257,Renault,Kiger,2024,10.03,Petrol,Manual,1497,18.7,4,7,Yes,Yes,Yes,Normal,Medium,0.19,90.6,12.44,Good,33.3,65.8,Low,8.218309089034104,Low,21.716042963194653,85,72.055,Recommended
4258,Hyundai,Verna,2021,8.88,Petrol,Manual,1497,20.2,4,4,Yes,Yes,No,Risky,Medium,0.09,82.8,12.71,Good,35.7,65.8,Low,9.774983902316812,Medium,47.5197474415467,70,59.53,Consider
4259,Toyota,Urban Cruiser,2019,14.28,Petrol,Manual,1197,21.1,4,4,Yes,Yes,Yes,Aggressive,Low,0.09,76.7,12.82,Good,29.5,54.3,Low,18.697746273826873,Low,23.787690767931686,77,68.815,Recommended
4260,Mahindra,XUV700,2019,16.55,CNG,Manual,1997,30.7,4,6,Yes,Yes,Yes,Calm,Low,0.06,88.0,11.99,Good,29.8,66.9,Medium,37.28623925483059,Low,8.299870092803323,84,77.405,Highly Recommended
4261,Renault,Kiger,2021,4.5,Petrol,Manual,2198,25.4,4,6,Yes,Yes,Yes,Normal,High,0.53,71.5,11.29,Moderate,35.2,75.7,Low,26.399278031648254,Medium,40.000829062547126,68,65.41,Recommended
4262,Maruti Suzuki,Baleno,2019,6.03,Petrol,Manual,998,17.5,4,2,Yes,Yes,Yes,Normal,Low,0.17,84.3,11.99,Poor,32.3,93.9,Medium,41.768960980414256,Medium,30.650272766051728,52,57.025000000000006,Consider
4263,Renault,Kwid,2025,7.72,Diesel,Manual,2198,24.6,4,6,Yes,Yes,Yes,Normal,Low,0.21,95.0,11.27,Moderate,31.2,82.4,Low,24.26244694197662,Low,18.76842112713822,76,68.89,Recommended
4264,Skoda,Kushaq,2020,10.01,CNG,Manual,1497,27.7,5,4,Yes,Yes,No,Calm,Low,0.11,74.3,12.85,Moderate,30.8,92.0,Low,4.05302384234135,Low,17.620372209962145,83,70.505,Recommended
4265,Renault,Kiger,2021,4.5,Diesel,Automatic,998,15.5,2,2,Yes,No,No,Calm,Medium,0.31,70.4,12.39,Moderate,28.1,81.8,Low,5.402025174426629,Low,28.656549084803622,36,48.525,Consider
4266,Kia,Carens,2021,11.74,CNG,Manual,1498,29.1,5,6,Yes,Yes,Yes,Normal,Low,0.17,98.1,12.45,Good,29.8,81.1,Low,8.801626215540727,Low,8.487933488880989,96,82.565,Highly Recommended
4267,Toyota,Glanza,2020,16.86,CNG,Manual,1498,22.2,3,6,Yes,No,No,Normal,Medium,0.27,84.9,11.7,Moderate,37.3,90.8,Low,22.581159627803284,Medium,32.77509503891366,48,53.93,Consider
4268,Volkswagen,Taigun,2025,13.86,CNG,Automatic,1498,19.4,5,6,Yes,Yes,Yes,Normal,High,0.44,90.3,12.81,Good,29.3,86.1,Low,0.0,Medium,45.10768232473863,84,80.71000000000001,Highly Recommended
4269,Renault,Kwid,2020,10.25,Diesel,Manual,1197,21.8,4,6,Yes,Yes,No,Normal,Low,0.15,83.5,12.56,Good,30.0,71.5,Low,10.38448346115581,Low,15.745796430460004,85,66.52000000000001,Recommended
4270,Renault,Triber,2019,4.98,Petrol,Manual,1498,14.5,5,6,Yes,Yes,Yes,Normal,Medium,0.24,90.0,12.4,Good,29.9,100.0,Low,3.8452855305882503,Low,24.97119141461637,91,74.125,Recommended
4271,Toyota,Glanza,2020,9.4,CNG,Manual,1290,22.4,5,6,Yes,Yes,Yes,Normal,Low,0.06,93.6,13.46,Good,33.8,98.9,Low,0.7601669415927585,Low,5.34205094027577,98,82.46000000000001,Highly Recommended
4272,Mahindra,Thar,2019,12.03,Diesel,Manual,998,22.3,5,6,Yes,Yes,Yes,Aggressive,Low,0.13,102.0,12.15,Moderate,31.8,92.9,Low,11.269611100250831,Medium,33.766782514687854,80,70.345,Recommended
4273,Renault,Triber,2021,4.71,Petrol,Manual,2198,11.3,4,6,Yes,Yes,Yes,Normal,Low,0.12,75.5,11.66,Good,29.9,98.7,Low,33.16272696789979,Low,17.01272056492138,81,69.14500000000001,Recommended
4274,Mahindra,Thar,2026,10.22,Petrol,Automatic,1498,17.6,4,6,Yes,Yes,Yes,Aggressive,Low,0.0,82.5,12.61,Moderate,32.4,78.1,Low,13.406774577048541,Low,27.149989934226696,74,71.94,Recommended
4275,Kia,Carens,2021,9.29,Diesel,Automatic,2198,25.0,3,6,Yes,No,Yes,Normal,High,0.4,93.4,12.51,Moderate,34.0,64.1,Low,9.38839201319793,Medium,43.22226512269653,46,60.45,Recommended
4276,Toyota,Urban Cruiser,2022,17.89,Petrol,Manual,1497,18.0,4,4,Yes,Yes,Yes,Normal,Low,0.1,97.1,12.66,Good,32.5,78.3,Low,15.761655122411158,Low,19.15498960028763,79,69.25,Recommended
4277,Toyota,Glanza,2022,17.05,Petrol,Manual,1290,16.1,5,4,Yes,Yes,Yes,Normal,Medium,0.27,69.2,13.31,Good,26.9,74.6,Low,0.7317970693878237,Low,15.877020781185616,90,73.91499999999999,Recommended
4278,Volkswagen,Virtus,2025,17.24,Diesel,Manual,1997,16.7,4,4,Yes,Yes,Yes,Normal,Low,0.19,85.5,12.85,Good,30.4,93.4,Low,6.416807542491508,Low,19.369160535384665,80,69.505,Recommended
4279,Volkswagen,Taigun,2025,13.89,CNG,Manual,1199,22.4,4,6,Yes,Yes,Yes,Normal,Low,0.13,82.0,11.81,Moderate,27.4,76.6,Low,32.4870003923165,Low,15.324664618288596,76,72.56,Recommended
4280,Honda,City,2021,11.46,Petrol,Manual,1497,18.5,5,2,Yes,No,Yes,Normal,Medium,0.29,78.2,12.65,Moderate,34.8,74.0,Low,3.331633197273563,Low,26.00612075495996,61,61.224999999999994,Recommended
4281,Toyota,Glanza,2024,14.58,CNG,Manual,1498,18.6,4,6,Yes,Yes,Yes,Calm,Low,0.07,92.7,12.54,Good,33.8,100.0,Low,0.0,Low,12.305875133366815,88,77.39,Highly Recommended
4282,Mahindra,Scorpio,2020,13.19,Diesel,Automatic,1199,23.9,4,2,Yes,Yes,No,Aggressive,Low,0.09,95.2,12.2,Good,31.5,95.5,Low,13.751374459862202,Low,23.63745747155866,74,66.885,Recommended
4283,Kia,Carens,2024,11.38,Petrol,Manual,1498,24.1,4,6,Yes,Yes,Yes,Calm,Low,0.2,98.8,12.27,Good,33.6,75.4,Low,11.098039503350417,Low,7.569018104068557,88,74.215,Recommended
4284,Toyota,Innova,2026,15.26,Electric,Manual,0,407.2,3,6,Yes,No,Yes,Normal,Low,0.12,93.9,12.61,Good,26.8,58.5,Low,20.957482575373014,Low,14.013768789193719,61,77.45,Highly Recommended
4285,Honda,Elevate,2024,9.12,CNG,Automatic,1498,21.0,4,4,Yes,Yes,No,Normal,Medium,0.36,107.1,13.06,Good,29.1,76.5,Low,17.471325860352554,Low,28.279154204830537,75,70.9,Recommended
4286,Toyota,Hyryder,2022,15.03,Petrol,Manual,1197,10.7,4,6,Yes,Yes,No,Calm,Low,0.31,83.1,12.29,Good,34.8,83.5,Low,0.0,Low,10.883526301159261,88,66.205,Recommended
4287,Renault,Triber,2019,7.5,Electric,Automatic,0,358.7,3,2,Yes,No,Yes,Normal,Low,0.17,79.2,12.15,Good,36.2,93.8,Low,7.108937161622719,Low,17.44136136584001,54,77.75125,Highly Recommended
4288,Tata,Nexon,2019,7.8,Petrol,Manual,1997,15.4,3,6,Yes,No,No,Normal,Low,0.11,96.5,12.78,Good,33.1,76.4,Low,8.56301998370657,Low,12.4344126887841,63,55.66,Consider
4289,Honda,Elevate,2023,14.67,CNG,Automatic,1497,20.2,4,6,Yes,Yes,Yes,Risky,Low,0.07,73.8,12.08,Moderate,27.9,79.2,Low,28.614248198540796,Medium,43.03899340864833,67,73.18,Recommended
4290,Mahindra,Thar,2021,12.4,Electric,Manual,0,348.5,4,4,Yes,Yes,Yes,Calm,Low,0.16,82.5,11.99,Good,33.3,66.5,Low,30.755241711152518,Low,1.4766964826621836,83,85.41875,Highly Recommended
4291,Volkswagen,Virtus,2020,12.19,Petrol,Manual,1197,18.1,4,2,Yes,Yes,Yes,Normal,Low,0.13,88.1,13.28,Good,31.5,63.8,Low,9.793405820742297,Low,12.66976506565523,78,68.815,Recommended
4292,Mahindra,XUV 3XO,2019,15.91,Petrol,Automatic,998,17.0,4,6,Yes,No,Yes,Aggressive,Low,0.08,84.3,12.83,Moderate,29.9,60.3,Low,17.87635783742474,Medium,30.877046805882323,58,64.65,Recommended
4293,Honda,Amaze,2024,10.33,Petrol,Manual,1197,22.3,4,4,Yes,Yes,Yes,Aggressive,Medium,0.28,101.5,12.62,Good,27.7,71.4,Low,5.8538499491271665,Medium,34.36780174134689,75,68.095,Recommended
4294,Hyundai,Venue,2025,9.97,Petrol,Automatic,1597,23.5,4,6,Yes,Yes,No,Normal,Medium,0.23,85.9,13.62,Poor,33.2,97.0,Low,18.24969065405294,Medium,35.755024990025895,62,61.425,Recommended
4295,Maruti Suzuki,Fronx,2019,7.28,Diesel,Automatic,1597,14.7,4,2,Yes,Yes,No,Normal,Medium,0.3,80.0,12.75,Good,31.3,100.0,Low,0.0,Medium,30.881231705251103,73,65.055,Recommended
4296,Toyota,Glanza,2024,13.79,Petrol,Automatic,1997,21.4,4,6,Yes,No,Yes,Normal,Low,0.22,86.8,12.69,Good,34.2,72.4,Low,8.63963459150941,Low,14.71631984463475,71,71.16,Recommended
4297,Kia,Carens,2021,6.7,Petrol,Manual,2198,19.9,4,6,Yes,Yes,Yes,Calm,High,0.41,96.4,12.72,Good,32.9,58.0,Low,14.24518477427604,Medium,40.008462914849716,76,68.185,Recommended
4298,Maruti Suzuki,Swift,2026,9.89,Diesel,Manual,2198,19.7,4,6,Yes,Yes,No,Risky,Low,0.17,83.3,12.26,Good,32.3,77.2,Low,9.901824749371825,Medium,32.77379311399877,79,63.505,Recommended
4299,Volkswagen,Virtus,2021,6.07,Petrol,Manual,1497,18.7,4,6,Yes,Yes,Yes,Normal,Low,0.08,96.9,12.17,Moderate,29.6,90.8,Low,12.734106487762041,Low,15.904338895710495,79,69.355,Recommended
4300,Hyundai,i20,2023,6.92,Diesel,Automatic,1997,17.8,4,2,Yes,Yes,Yes,Normal,Low,0.14,82.6,11.55,Good,34.8,39.2,Medium,46.949965076260874,Low,10.531375972065566,73,71.52000000000001,Recommended
4301,Toyota,Hyryder,2019,11.55,Petrol,Manual,1597,20.4,4,4,Yes,Yes,No,Normal,Low,0.09,91.7,12.59,Moderate,36.9,48.8,Low,12.255373836125175,Low,21.160090061562702,73,60.910000000000004,Recommended
4302,Maruti Suzuki,Baleno,2026,14.87,Electric,Automatic,0,415.4,4,4,Yes,Yes,Yes,Risky,Medium,0.27,87.1,12.48,Good,28.1,88.8,Low,3.5640035292989656,Medium,47.799810645023804,71,86.95,Highly Recommended
4303,Tata,Nexon,2025,7.94,CNG,Manual,998,27.3,5,2,Yes,Yes,Yes,Calm,Low,0.12,85.2,13.31,Moderate,31.9,82.3,Low,8.321089909629027,Low,22.08292343317226,77,73.745,Recommended
4304,Honda,Elevate,2019,10.14,CNG,Manual,1997,24.5,5,7,Yes,Yes,Yes,Normal,Medium,0.05,93.0,11.94,Good,30.8,94.7,Low,28.34664544088433,Low,14.585111220905711,93,80.525,Highly Recommended
4305,Maruti Suzuki,Fronx,2020,8.08,CNG,Manual,1290,23.1,5,4,Yes,No,Yes,Aggressive,Low,0.07,84.8,12.46,Moderate,30.3,91.4,Low,3.0321479522126795,Low,23.037532952455077,66,68.16499999999999,Recommended
4306,Hyundai,Venue,2021,11.33,Petrol,Manual,998,20.5,4,4,Yes,Yes,Yes,Normal,Low,0.17,98.6,12.47,Good,36.7,100.0,Low,4.487120177728202,Low,13.476699468094344,83,71.42500000000001,Recommended
4307,Mahindra,XUV 3XO,2026,17.11,Petrol,Manual,998,22.9,4,6,Yes,Yes,Yes,Normal,Low,0.0,96.6,12.2,Good,31.8,63.7,Low,14.041347071291991,Low,12.221904609277166,86,73.135,Recommended
4308,Toyota,Innova,2023,14.13,Diesel,Automatic,1497,21.9,4,6,Yes,Yes,Yes,Calm,Low,0.13,92.6,12.62,Good,35.0,51.2,Low,14.338214016883704,Low,7.080851366609057,87,78.435,Highly Recommended
4309,Renault,Kiger,2023,11.96,Diesel,Automatic,1497,25.6,4,6,Yes,Yes,No,Normal,Low,0.06,92.4,12.14,Moderate,33.6,66.4,Low,17.35898307340152,Low,14.405882644836572,78,68.94,Recommended
4310,Tata,Punch,2026,7.22,Petrol,Manual,1997,19.2,3,6,Yes,No,Yes,Risky,Low,0.07,89.0,12.78,Moderate,31.4,75.8,Low,6.461755001161961,Medium,34.46773822287247,50,56.379999999999995,Consider
4311,Renault,Kwid,2019,4.5,Petrol,Automatic,1997,24.1,5,6,Yes,Yes,Yes,Normal,Medium,0.17,84.9,12.27,Good,31.9,91.0,Low,1.4585499841225822,Low,19.2048347703667,93,81.465,Highly Recommended
4312,Mahindra,XUV 3XO,2024,16.39,CNG,Manual,1197,25.6,4,6,Yes,Yes,No,Normal,Low,0.1,88.4,12.15,Good,38.0,64.0,Low,14.180351142977438,Low,12.064101601130691,86,71.54,Recommended
4313,Kia,Sonet,2024,9.64,Petrol,Manual,998,17.8,5,6,Yes,Yes,No,Normal,Medium,0.19,94.0,13.75,Moderate,29.2,63.6,Low,13.11759142378687,Low,23.900891326587306,84,65.47,Recommended
4314,Honda,City,2020,8.31,Petrol,Manual,998,18.8,4,6,Yes,Yes,Yes,Risky,High,0.41,84.7,12.61,Good,32.5,72.6,Low,3.001333372984135,High,66.75792363658357,68,64.42,Recommended
4315,Kia,Seltos,2025,15.42,Petrol,Manual,1597,20.9,4,6,Yes,Yes,Yes,Calm,Low,0.25,91.0,12.59,Good,28.1,76.5,Low,4.092931815908836,Low,17.02055221934738,85,72.38499999999999,Recommended
4316,Tata,Nexon,2025,11.23,Electric,Manual,0,190.3,4,2,Yes,No,Yes,Aggressive,Medium,0.29,95.9,12.04,Good,31.1,100.0,Low,19.081413538280994,Medium,39.67296783611709,52,65.53625,Recommended
4317,Toyota,Glanza,2020,12.74,Petrol,Manual,1290,15.9,3,4,Yes,No,No,Normal,Medium,0.25,92.6,12.8,Moderate,29.3,65.0,Low,9.1917992728379,Low,28.73962897887525,48,48.985,Consider
4318,Kia,Seltos,2026,8.29,CNG,Automatic,998,29.6,4,6,Yes,Yes,Yes,Calm,Medium,0.38,87.7,12.5,Good,29.3,77.7,Low,9.935294662758777,Low,16.428143519880834,85,82.69,Highly Recommended
4319,Tata,Altroz,2021,8.89,CNG,Automatic,1497,27.3,3,6,Yes,No,No,Normal,Medium,0.26,93.4,12.65,Good,32.6,43.1,Low,28.669813458316646,Low,29.492443634006396,54,62.394999999999996,Recommended
4320,Mahindra,Thar,2024,15.17,Petrol,Manual,2198,23.8,4,6,Yes,No,No,Aggressive,Medium,0.12,76.4,12.28,Good,34.1,100.0,Low,0.0,Medium,35.59087733619402,65,57.82,Consider
4321,Hyundai,Venue,2022,11.43,Petrol,Automatic,1199,17.6,4,2,Yes,Yes,Yes,Calm,Low,0.19,87.1,12.6,Good,31.3,92.2,Low,0.5753939114819397,Low,5.196379839483229,82,75.53999999999999,Highly Recommended
4322,Maruti Suzuki,Baleno,2024,4.98,Petrol,Automatic,1199,15.5,5,4,Yes,Yes,Yes,Calm,Low,0.12,96.9,12.5,Moderate,34.9,75.4,Low,4.105876094015298,Low,15.403888676079186,84,76.125,Highly Recommended
4323,Hyundai,i20,2025,13.1,Petrol,Automatic,1997,15.4,4,4,Yes,Yes,No,Risky,Low,0.1,83.2,13.02,Good,32.9,90.6,Low,2.2514570180279843,Medium,38.36724671869674,74,65.61000000000001,Recommended
4324,Maruti Suzuki,Brezza,2020,9.52,Diesel,Automatic,1997,23.2,4,6,Yes,No,Yes,Calm,Medium,0.23,89.5,13.61,Poor,33.1,76.5,Low,32.12884197333947,Medium,35.221339184754534,45,59.730000000000004,Consider
4325,Tata,Punch,2023,7.79,Petrol,Automatic,1497,15.1,3,4,Yes,No,Yes,Risky,Low,0.04,93.3,12.48,Poor,29.9,78.9,Low,34.59140236667987,Medium,50.659708201587634,27,50.415,Consider
4326,Hyundai,Creta,2024,9.77,Electric,Manual,0,329.2,5,6,Yes,Yes,Yes,Aggressive,Low,0.24,75.3,11.93,Moderate,33.2,73.5,Medium,35.067916247879445,Low,29.885040231447025,78,82.445,Highly Recommended
4327,Skoda,Slavia,2025,18.29,Electric,Manual,0,305.6,5,4,Yes,Yes,No,Calm,High,0.41,85.1,12.46,Good,35.4,62.9,Low,8.89708472035405,Medium,35.35098214664421,82,77.36,Highly Recommended
4328,Renault,Triber,2020,4.5,Diesel,Automatic,1497,19.4,4,6,Yes,Yes,Yes,Aggressive,Low,0.15,92.4,11.95,Good,34.0,91.0,Low,30.72989764154929,Low,24.52930642291841,79,74.46000000000001,Recommended
4329,Renault,Kwid,2020,4.5,Petrol,Manual,1597,19.0,4,6,Yes,Yes,No,Calm,Low,0.05,94.0,12.37,Good,30.5,66.5,Low,12.100074958772908,Low,4.411003457378894,89,67.9,Recommended
4330,Skoda,Slavia,2026,15.39,Petrol,Manual,1290,17.8,5,6,Yes,Yes,No,Normal,Low,0.05,91.4,12.42,Good,31.6,60.8,Low,6.205811057589058,Low,14.470081071278482,94,69.97,Recommended
4331,Skoda,Kushaq,2020,16.3,Petrol,Manual,2198,22.9,4,2,Yes,Yes,No,Calm,Medium,0.28,88.3,12.52,Good,25.6,78.4,Low,1.3770014406169295,Low,23.539393824245465,76,62.635000000000005,Recommended
4332,Kia,Carens,2026,16.23,Electric,Manual,0,438.7,5,6,Yes,Yes,Yes,Normal,High,0.45,100.1,12.57,Good,31.1,85.9,Low,14.781325121875653,Medium,44.03243388602237,82,86.9,Highly Recommended
4333,Tata,Altroz,2020,11.16,Diesel,Automatic,1597,21.5,3,4,Yes,No,Yes,Aggressive,Medium,0.25,88.1,11.77,Moderate,31.3,51.4,Low,30.345350340003037,Medium,37.76435970149526,41,57.675,Consider
4334,Renault,Triber,2026,12.95,Diesel,Automatic,1997,22.1,5,2,Yes,Yes,Yes,Calm,Low,0.06,95.8,13.09,Moderate,31.9,83.7,Low,1.9806407473568495,Low,7.18725887126508,83,76.66499999999999,Highly Recommended
4335,Maruti Suzuki,Fronx,2021,4.5,CNG,Automatic,1997,26.0,3,6,Yes,No,Yes,Aggressive,High,0.35,98.2,11.58,Moderate,37.2,76.0,Low,31.10517288966528,Medium,52.348849890608314,40,61.9,Recommended
4336,Maruti Suzuki,Dzire,2024,10.92,Petrol,Manual,1290,21.3,4,6,Yes,Yes,No,Aggressive,Low,0.3,79.1,12.93,Poor,29.4,67.5,Medium,38.6689113422388,Medium,40.15706573349175,57,53.845,Consider
4337,Kia,Sonet,2019,13.19,Petrol,Manual,1497,15.0,5,4,Yes,Yes,Yes,Aggressive,Medium,0.24,85.5,12.29,Good,34.4,79.2,Low,7.101096627851966,Medium,35.5886531673855,82,70.15,Recommended
4338,Hyundai,Venue,2025,13.58,Diesel,Manual,1497,24.7,5,7,Yes,Yes,Yes,Aggressive,Medium,0.29,86.2,12.39,Good,32.5,84.9,Low,4.118186470540904,Medium,41.13273387898162,87,73.85499999999999,Recommended
4339,Hyundai,i20,2023,9.12,Petrol,Automatic,1199,19.0,4,6,Yes,Yes,Yes,Normal,Low,0.0,93.2,11.68,Good,30.1,68.7,Medium,36.896556858937195,Low,9.532050201666397,83,76.2,Highly Recommended
4340,Skoda,Kushaq,2024,10.31,Petrol,Manual,998,20.3,5,6,Yes,Yes,Yes,Normal,Low,0.21,85.2,13.0,Good,30.3,68.4,Low,9.64222910195344,Low,14.158011535955211,94,76.345,Highly Recommended
4341,Toyota,Glanza,2025,9.91,Petrol,Manual,1290,18.0,3,6,Yes,No,Yes,Normal,Medium,0.21,83.3,13.1,Good,29.6,86.0,Low,9.30940907969251,Low,22.416670512493504,60,60.7,Recommended
4342,Mahindra,XUV700,2020,12.07,Diesel,Automatic,1199,20.6,4,6,Yes,Yes,Yes,Normal,Low,0.12,92.2,12.47,Good,32.1,83.9,Low,13.670373405248327,Low,14.47591280355595,85,77.34,Highly Recommended
4343,Honda,Elevate,2019,10.49,CNG,Manual,2198,29.0,4,4,Yes,Yes,Yes,Normal,High,0.37,94.7,12.18,Moderate,32.8,84.1,Low,11.85928377414795,Medium,48.10304558447804,63,67.7,Recommended
4344,Renault,Kwid,2020,6.23,Petrol,Manual,1997,19.9,3,2,Yes,No,Yes,Normal,Low,0.12,102.9,12.41,Good,31.8,71.3,Low,17.536580182416817,Low,10.602866337079691,55,58.735,Consider
4345,Hyundai,Venue,2023,14.77,Petrol,Manual,1597,14.3,3,6,Yes,No,Yes,Normal,Low,0.19,77.6,12.82,Good,31.3,100.0,Low,0.0,Low,9.910106919894048,66,62.845,Recommended
4346,Tata,Punch,2024,11.85,Petrol,Manual,998,21.7,4,4,Yes,Yes,No,Normal,Low,0.1,87.9,11.87,Good,31.4,84.1,Low,26.855748621714262,Low,11.4905070925171,80,64.255,Recommended
4347,Tata,Nexon,2023,14.17,Petrol,Automatic,998,15.5,3,6,Yes,No,Yes,Normal,Low,0.0,84.3,12.53,Good,30.2,97.2,Low,0.47701175421233255,Low,20.46644600408713,62,66.225,Recommended
4348,Renault,Kwid,2021,4.5,Petrol,Automatic,998,17.2,4,2,Yes,No,Yes,Normal,Low,0.14,71.8,12.67,Good,26.8,49.9,Low,15.907353190018048,Low,10.209711592814164,63,66.93,Recommended
4349,Tata,Punch,2021,16.71,Electric,Automatic,0,329.7,4,7,Yes,No,Yes,Normal,Medium,0.25,79.8,12.53,Good,32.8,88.9,Low,13.998382367077642,Low,18.860500914251325,70,83.86375,Highly Recommended
4350,Honda,Amaze,2024,14.9,Petrol,Automatic,1498,26.8,3,2,Yes,No,No,Aggressive,Medium,0.28,93.3,13.44,Good,30.4,77.2,Low,4.746083224684167,Medium,32.81692645144362,49,56.07,Consider
4351,Kia,Carens,2021,12.77,Petrol,Manual,1290,15.9,5,4,Yes,Yes,Yes,Normal,Medium,0.13,105.2,12.7,Good,32.4,52.4,Low,19.87925961277916,Low,28.141566567673134,83,70.735,Recommended
4352,Toyota,Urban Cruiser,2022,13.8,Petrol,Manual,1597,17.8,3,7,Yes,No,Yes,Aggressive,Low,0.13,89.9,12.21,Good,29.4,83.9,Low,0.0,Low,18.125260129321326,65,62.92,Recommended
4353,Skoda,Slavia,2021,10.27,Petrol,Manual,998,23.6,4,6,Yes,Yes,No,Calm,Low,0.11,101.8,12.36,Good,31.9,78.9,Low,9.57893080854969,Low,14.586823337420466,85,66.78999999999999,Recommended
4354,Tata,Harrier,2022,13.72,Electric,Automatic,0,283.0,4,2,Yes,Yes,Yes,Normal,Low,0.07,95.9,12.42,Good,29.9,61.9,Low,19.819002437192395,Low,11.142307300267106,77,85.26249999999999,Highly Recommended
4355,Tata,Punch,2026,10.3,Petrol,Manual,1597,20.3,4,2,Yes,Yes,Yes,Aggressive,High,0.38,88.1,12.36,Moderate,32.5,73.9,Low,15.308051627026568,Medium,54.92736554076688,56,59.245,Consider
4356,Kia,Seltos,2024,6.31,Diesel,Automatic,998,15.9,5,6,Yes,Yes,Yes,Normal,Low,0.06,104.0,11.79,Moderate,34.2,90.9,Low,30.430031921987258,Low,16.714812891742554,84,76.185,Highly Recommended
4357,Maruti Suzuki,Swift,2025,4.8,Petrol,Manual,1597,16.3,5,2,Yes,Yes,Yes,Normal,Low,0.05,88.5,12.84,Good,31.5,98.9,Low,8.199615287217277,Low,4.960404798605198,89,73.495,Recommended
4358,Hyundai,Verna,2025,10.21,Petrol,Automatic,1197,21.1,4,6,Yes,No,Yes,Normal,Low,0.08,74.5,12.91,Moderate,28.0,90.5,Low,0.09848870510971564,Low,9.330972070557802,68,69.765,Recommended
4359,Honda,Elevate,2025,15.96,Diesel,Automatic,2198,17.3,4,6,Yes,Yes,Yes,Calm,Low,0.21,81.8,12.62,Good,28.8,75.8,Low,6.883110404954445,Low,12.068723291185725,87,77.745,Highly Recommended
4360,Skoda,Slavia,2023,13.88,Diesel,Manual,1197,23.2,4,4,Yes,Yes,Yes,Aggressive,Medium,0.25,84.6,12.88,Moderate,31.0,63.4,Low,20.432449896084712,Medium,44.96238459346182,63,62.83,Recommended
4361,Skoda,Kushaq,2026,15.68,CNG,Automatic,1290,23.7,4,6,Yes,No,Yes,Normal,Low,0.0,90.0,11.74,Good,35.0,74.4,Low,23.384479358967027,Low,11.919630208810535,69,74.605,Recommended
4362,Maruti Suzuki,Brezza,2026,9.64,Electric,Manual,0,330.7,4,6,Yes,Yes,Yes,Normal,High,0.39,89.7,12.47,Good,32.0,80.2,Low,8.535925079409155,Medium,40.8570991443673,76,81.60125,Highly Recommended
4363,Mahindra,Thar,2021,15.43,Petrol,Manual,2198,21.1,3,6,Yes,No,No,Aggressive,Low,0.29,93.7,12.54,Good,33.5,76.1,Low,7.09814491919388,Medium,32.21188514168837,57,53.815,Consider
4364,Volkswagen,Taigun,2023,10.75,Petrol,Manual,1498,14.9,4,6,Yes,Yes,No,Normal,Low,0.01,96.1,13.06,Moderate,27.7,56.7,Low,15.290593979334401,Low,19.897919107540435,77,61.885,Recommended
4365,Tata,Punch,2022,11.88,CNG,Manual,1497,24.0,3,4,Yes,No,No,Aggressive,Low,0.27,87.8,12.45,Poor,34.3,99.7,Low,16.938773044192423,Medium,37.899360511386064,34,47.9,Consider
4366,Tata,Altroz,2024,11.91,Petrol,Manual,1199,15.7,5,6,Yes,Yes,Yes,Normal,High,0.24,87.3,12.26,Moderate,26.5,100.0,Low,0.0,Medium,48.2400522464065,77,68.005,Recommended
4367,Maruti Suzuki,Baleno,2024,6.74,Diesel,Automatic,1290,22.3,5,6,Yes,Yes,Yes,Normal,Low,0.15,84.5,12.05,Good,32.9,79.7,Low,26.632120998084385,Low,16.17571133426753,90,79.845,Highly Recommended
4368,Skoda,Kushaq,2025,11.14,Petrol,Manual,1498,16.9,4,2,Yes,Yes,Yes,Normal,Medium,0.19,90.4,12.83,Moderate,31.4,66.2,Low,12.549768379312981,Low,24.731539815372905,67,63.685,Recommended
4369,Hyundai,Venue,2020,15.71,Electric,Manual,0,392.6,4,4,Yes,Yes,No,Normal,Low,0.12,96.2,12.42,Good,30.4,92.9,Low,5.320911727306215,Low,12.9081308945585,83,81.0725,Highly Recommended
4370,Skoda,Slavia,2022,10.83,Electric,Automatic,0,343.8,4,2,Yes,Yes,Yes,Aggressive,Low,0.18,98.1,12.21,Moderate,30.3,83.5,Low,20.244383245675138,Medium,34.32930732463607,63,81.2425,Highly Recommended
4371,Tata,Nexon,2025,7.56,Diesel,Manual,1997,23.8,4,6,Yes,Yes,No,Calm,Low,0.19,103.4,12.0,Moderate,31.8,97.5,Low,31.28760483072498,Low,13.178122162920836,77,63.22,Recommended
4372,Hyundai,Creta,2019,9.55,CNG,Manual,1290,22.0,3,6,Yes,No,No,Calm,Medium,0.32,97.0,12.72,Moderate,29.4,62.8,Low,25.92251496643323,Medium,30.638908068939095,48,53.900000000000006,Consider
4373,Renault,Kwid,2024,4.5,Petrol,Automatic,998,19.3,3,4,Yes,No,Yes,Calm,Medium,0.26,89.3,12.25,Good,33.0,87.4,Low,9.299850916443294,Low,19.607014619411302,57,64.545,Recommended
4374,Maruti Suzuki,Swift,2019,8.22,CNG,Automatic,1199,28.0,3,6,Yes,No,Yes,Normal,Low,0.29,90.6,11.93,Good,35.9,97.4,Low,14.588453116376835,Low,18.900046596056352,60,71.2,Recommended
4375,Maruti Suzuki,Brezza,2019,4.5,Petrol,Manual,1497,23.4,5,6,Yes,Yes,Yes,Normal,Low,0.15,79.4,12.27,Good,28.8,97.8,Low,1.4321178455641264,Low,13.062826856766554,95,77.25999999999999,Highly Recommended
4376,Toyota,Glanza,2021,15.0,Petrol,Manual,1497,18.8,4,6,Yes,Yes,Yes,Calm,Low,0.06,84.5,12.71,Good,32.9,75.0,Low,0.4548855215392571,Low,8.9526920369104,89,73.87,Recommended
4377,Tata,Altroz,2019,10.36,CNG,Manual,1290,30.7,5,2,Yes,Yes,Yes,Normal,Low,0.05,77.2,12.02,Moderate,32.1,99.6,Low,21.031525813207136,Low,15.94569826825277,77,74.255,Recommended
4378,Mahindra,Scorpio,2026,21.02,Petrol,Manual,1497,24.2,5,4,Yes,Yes,Yes,Risky,Medium,0.27,107.1,12.57,Good,29.5,70.7,Low,17.1057735068794,Medium,45.893533513223915,77,69.28,Recommended
4379,Toyota,Hyryder,2021,13.58,Petrol,Manual,2198,12.5,5,4,Yes,Yes,Yes,Aggressive,Low,0.01,88.0,12.24,Good,31.5,100.0,Low,3.491017677875506,Low,19.963832752947404,88,72.475,Recommended
4380,Mahindra,XUV700,2023,16.15,CNG,Manual,1290,20.2,5,2,Yes,Yes,Yes,Aggressive,Low,0.17,83.2,12.45,Good,31.6,76.7,Low,8.06623519573243,Medium,30.814455959115737,80,74.03,Recommended
4381,Renault,Kiger,2020,5.96,Petrol,Manual,1498,12.9,4,4,Yes,Yes,Yes,Normal,Low,0.19,89.3,13.02,Good,33.4,83.3,Low,10.715382032308401,Low,17.409380557257002,80,68.935,Recommended
4382,Volkswagen,Virtus,2022,9.07,Petrol,Automatic,998,19.1,3,4,Yes,No,No,Normal,Medium,0.33,88.8,12.95,Good,33.5,87.6,Low,4.8624617583174015,Low,23.088065854903405,56,58.065,Consider
4383,Kia,Seltos,2022,18.89,Electric,Automatic,0,358.0,4,6,Yes,Yes,Yes,Calm,Medium,0.17,82.1,12.57,Good,32.7,79.0,Low,0.0,Low,17.599157155015856,86,92.125,Highly Recommended
4384,Skoda,Slavia,2026,13.23,Petrol,Manual,2198,20.8,4,6,Yes,Yes,Yes,Aggressive,Low,0.12,88.0,12.11,Good,33.8,66.6,Low,8.465937128298743,Low,16.855546873084716,85,72.37,Recommended
4385,Honda,Elevate,2024,9.64,Diesel,Automatic,1498,23.8,3,7,Yes,No,Yes,Risky,Medium,0.28,84.3,12.96,Good,27.5,69.4,Low,6.314299638625962,Medium,44.937979604672904,54,63.870000000000005,Recommended
4386,Kia,Sonet,2022,10.62,Petrol,Automatic,2198,15.2,5,7,Yes,Yes,Yes,Normal,Low,0.21,86.5,12.3,Good,31.8,87.9,Low,6.0454819170860254,Low,14.798547450220342,96,81.48,Highly Recommended
4387,Volkswagen,Taigun,2022,15.76,Petrol,Manual,1290,19.9,3,2,Yes,No,No,Risky,High,0.37,88.7,12.5,Moderate,36.7,80.1,Low,9.445048091519864,High,66.18015804425029,30,41.485,Not Recommended
4388,Volkswagen,Taigun,2024,16.07,Petrol,Manual,2198,19.5,5,6,Yes,Yes,Yes,Aggressive,Medium,0.16,84.2,12.27,Moderate,34.3,76.6,Low,8.928898203186542,Medium,38.561661693854546,79,69.475,Recommended
4389,Skoda,Kushaq,2025,15.22,Petrol,Automatic,1290,23.3,5,2,Yes,Yes,No,Risky,High,0.22,91.2,12.82,Good,28.8,75.2,Low,10.247043056697121,High,56.58997064519487,71,65.445,Recommended
4390,Renault,Kiger,2019,12.27,Petrol,Manual,998,24.1,4,6,Yes,Yes,Yes,Normal,Low,0.19,91.4,11.95,Poor,37.3,91.3,Low,34.05175664151653,Medium,35.3026233625882,60,61.615,Recommended
4391,Renault,Kwid,2020,5.97,Petrol,Manual,1597,11.1,4,6,Yes,Yes,No,Normal,Low,0.15,85.8,13.02,Good,30.5,57.6,Low,11.814859411568628,Low,11.063875980714165,86,65.36500000000001,Recommended
4392,Tata,Altroz,2020,4.95,Petrol,Manual,1498,19.9,4,6,Yes,Yes,Yes,Calm,Low,0.0,91.0,12.79,Moderate,33.2,51.5,Low,24.726099201689266,Low,7.808695544223078,80,69.985,Recommended
4393,Tata,Nexon,2021,7.63,Diesel,Manual,1497,22.6,5,7,Yes,Yes,No,Risky,Medium,0.15,84.2,11.91,Good,34.7,67.5,Low,26.653336009537913,Medium,50.00285333168527,81,64.84,Recommended
4394,Maruti Suzuki,Fronx,2026,4.5,CNG,Manual,1597,30.5,5,6,Yes,Yes,Yes,Normal,High,0.4,84.6,13.09,Good,31.2,94.6,Low,6.861497161889082,Medium,37.991111205484344,86,78.275,Highly Recommended
4395,Skoda,Slavia,2020,8.9,Petrol,Manual,1498,17.5,4,6,Yes,Yes,Yes,Normal,Medium,0.27,75.9,12.13,Moderate,32.6,60.9,Low,14.402539971001445,Low,21.907434057533113,76,67.825,Recommended
4396,Maruti Suzuki,Baleno,2021,4.91,Petrol,Manual,2198,17.8,4,7,Yes,Yes,Yes,Normal,Medium,0.19,89.2,11.89,Good,34.3,64.7,Low,32.11823411774926,Low,26.058056954908757,80,69.67,Recommended
4397,Tata,Punch,2022,13.86,Electric,Manual,0,337.1,4,2,Yes,Yes,No,Normal,Low,0.11,89.4,12.64,Good,36.7,88.1,Low,4.1735477376953405,Low,12.292343116356017,79,77.19125,Highly Recommended
4398,Kia,Carens,2026,19.83,Petrol,Manual,1997,21.1,5,6,Yes,Yes,No,Risky,Low,0.2,76.2,12.72,Good,28.7,79.9,Low,3.7213861904066854,Medium,35.25063485554055,87,67.315,Recommended
4399,Hyundai,Venue,2025,11.73,CNG,Automatic,1997,26.0,4,4,Yes,Yes,No,Normal,Low,0.09,97.2,12.85,Poor,31.7,84.2,Low,33.565892753572975,Low,25.07749047171317,59,64.45,Recommended
4400,Maruti Suzuki,Fronx,2026,7.39,Petrol,Manual,1997,23.3,4,2,Yes,Yes,Yes,Calm,Low,0.09,90.1,13.58,Good,30.1,91.1,Low,8.547105772728276,Low,0.02871689695091817,83,71.845,Recommended
4401,Maruti Suzuki,Brezza,2024,8.59,Petrol,Automatic,2198,16.0,4,6,Yes,Yes,Yes,Aggressive,High,0.39,91.3,13.04,Good,30.4,78.4,Low,12.286546897796402,Medium,49.961403489954364,73,71.25,Recommended
4402,Tata,Altroz,2021,4.5,Diesel,Automatic,1197,21.9,5,6,Yes,Yes,Yes,Normal,Low,0.0,71.0,11.89,Good,38.0,86.6,Low,20.268511325781898,Low,6.424409613817352,95,82.035,Highly Recommended
4403,Renault,Triber,2024,7.52,CNG,Manual,1199,23.8,3,6,Yes,No,Yes,Normal,Low,0.13,89.1,12.44,Good,29.9,93.2,Low,1.0983809200832009,Low,14.576120394070074,64,67.37,Recommended
4404,Kia,Carens,2024,6.93,Diesel,Manual,1199,21.6,4,2,Yes,Yes,Yes,Normal,Low,0.22,92.6,12.53,Good,30.6,85.8,Low,0.0,Low,17.648293194268092,78,69.34,Recommended
4405,Maruti Suzuki,Brezza,2026,11.24,Petrol,Automatic,1197,17.8,4,6,Yes,Yes,Yes,Normal,Medium,0.24,76.6,12.13,Poor,31.7,64.8,Low,30.884855904441096,Medium,33.75567072128865,61,66.12,Recommended
4406,Renault,Kiger,2025,9.8,Electric,Manual,0,360.3,4,2,Yes,Yes,Yes,Normal,Low,0.23,101.7,12.65,Good,31.7,76.9,Low,10.393184358807417,Low,19.93213314743339,75,82.26125,Highly Recommended
4407,Honda,Amaze,2025,4.5,Petrol,Manual,1597,20.1,4,6,Yes,Yes,No,Calm,Low,0.18,88.3,13.28,Moderate,28.1,82.9,Low,3.6882547661284266,Low,18.40777907147877,79,63.565000000000005,Recommended
4408,Volkswagen,Virtus,2024,16.44,Petrol,Manual,998,16.2,5,6,Yes,Yes,Yes,Normal,Medium,0.35,95.7,12.58,Good,33.3,83.2,Low,18.615227029079385,Low,28.066073494145165,87,72.58,Recommended
4409,Toyota,Urban Cruiser,2025,16.93,Electric,Automatic,0,216.8,4,6,Yes,Yes,No,Normal,Medium,0.21,85.2,12.38,Good,30.0,68.5,Low,15.746441533147053,Low,20.109249055953907,83,79.48,Highly Recommended
4410,Renault,Kwid,2025,4.87,Diesel,Automatic,2198,23.2,4,6,Yes,Yes,Yes,Normal,Low,0.22,68.2,11.56,Good,33.6,81.3,Low,17.126334770919946,Low,22.158743469111027,82,76.38,Highly Recommended
4411,Tata,Altroz,2020,12.08,CNG,Manual,1199,29.0,4,4,Yes,No,No,Calm,Low,0.24,84.2,12.15,Moderate,30.2,49.6,Low,16.69263481336944,Low,25.483763092660467,56,58.55,Consider
4412,Honda,City,2019,6.93,Diesel,Automatic,1597,21.3,5,2,Yes,Yes,Yes,Calm,Medium,0.17,84.8,12.19,Good,34.2,75.4,Low,1.3153309309009407,Low,14.84646671714904,87,78.345,Highly Recommended
4413,Mahindra,XUV 3XO,2025,16.58,Petrol,Automatic,2198,21.5,5,2,Yes,Yes,Yes,Aggressive,Low,0.15,84.6,12.04,Good,33.7,76.4,Low,28.072368741617957,Low,25.55465458773594,79,74.775,Recommended
4414,Hyundai,Venue,2020,11.48,Electric,Automatic,0,424.8,3,6,Yes,No,No,Normal,Low,0.08,85.5,12.99,Good,32.7,66.6,Low,17.929738049697278,Low,12.084306103368753,62,76.9,Highly Recommended
4415,Honda,Elevate,2019,7.91,Petrol,Manual,1997,21.1,5,6,Yes,Yes,Yes,Calm,Medium,0.22,77.9,12.26,Good,34.0,63.2,Low,18.06471679823522,Low,22.616632297177503,89,74.215,Recommended
4416,Kia,Seltos,2025,13.0,CNG,Manual,1290,26.7,3,6,Yes,No,Yes,Calm,High,0.29,86.8,13.01,Moderate,30.6,74.1,Low,12.845916373731953,Medium,41.00380926742073,47,60.155,Recommended
4417,Toyota,Innova,2025,16.17,Diesel,Manual,1197,21.5,4,7,Yes,Yes,Yes,Normal,Medium,0.17,85.3,12.79,Good,31.8,77.9,Low,6.588548392256383,Low,26.36239316563701,84,72.025,Recommended
4418,Mahindra,XUV700,2020,15.04,Diesel,Manual,1498,22.7,4,6,Yes,Yes,Yes,Normal,Low,0.08,87.7,12.34,Good,29.5,92.0,Low,2.9336421950319944,Low,12.597443771298561,87,73.555,Recommended
4419,Hyundai,Exter,2019,13.78,Diesel,Manual,998,19.8,4,6,Yes,No,Yes,Calm,Low,0.09,91.9,12.49,Good,28.4,77.4,Low,13.627051091625933,Low,8.221176381650679,72,66.37,Recommended
4420,Skoda,Kushaq,2020,13.0,CNG,Automatic,998,26.4,4,6,Yes,Yes,No,Aggressive,Medium,0.34,90.9,13.04,Moderate,33.6,88.7,Low,0.0,Medium,44.92454837448418,70,69.46000000000001,Recommended
4421,Toyota,Innova,2026,12.8,Petrol,Manual,1197,19.2,2,2,Yes,No,No,Aggressive,Low,0.06,95.9,12.06,Good,29.7,92.6,Low,20.72235911427797,Low,25.513842323151433,41,46.33,Consider
4422,Hyundai,Exter,2026,11.38,Petrol,Manual,1197,15.9,5,6,Yes,Yes,Yes,Normal,Low,0.05,88.0,12.51,Moderate,32.6,90.1,Low,5.925144749705617,Low,14.957352149637053,88,72.985,Recommended
4423,Maruti Suzuki,Fronx,2025,7.6,Diesel,Automatic,1290,23.4,4,4,Yes,Yes,Yes,Risky,Low,0.24,98.3,11.71,Good,34.3,83.7,Low,29.109368318274935,Medium,32.952337932298285,72,71.91,Recommended
4424,Hyundai,Exter,2026,9.13,CNG,Manual,1597,26.3,4,2,Yes,Yes,No,Normal,Low,0.23,101.4,12.94,Good,30.4,74.8,Low,10.218871175640928,Low,15.058535088479328,77,67.595,Recommended
4425,Maruti Suzuki,Baleno,2026,10.27,Petrol,Manual,2198,22.7,5,4,Yes,Yes,No,Normal,Low,0.0,91.9,12.69,Good,34.3,50.9,Low,14.171773129937637,Low,5.364842391751676,92,69.805,Recommended
4426,Renault,Kiger,2023,9.92,Diesel,Manual,1197,20.6,4,7,Yes,Yes,Yes,Aggressive,Low,0.04,92.3,12.68,Good,31.9,46.1,Low,18.628243939960036,Low,21.913902098223893,84,71.89000000000001,Recommended
4427,Hyundai,i20,2020,16.03,Electric,Manual,0,352.3,3,2,Yes,No,Yes,Normal,High,0.45,83.6,11.96,Moderate,36.6,89.0,Low,14.139361529332671,Medium,51.904233067336364,35,63.96125,Recommended
4428,Volkswagen,Taigun,2019,14.54,Electric,Manual,0,428.5,5,4,Yes,Yes,Yes,Normal,High,0.4,87.5,12.81,Poor,31.7,57.8,Medium,38.42940283977917,High,56.70836298402368,55,74.75,Recommended
4429,Volkswagen,Virtus,2021,18.36,Petrol,Manual,1498,13.5,4,6,Yes,Yes,Yes,Normal,Medium,0.24,84.0,13.52,Moderate,30.6,92.3,Low,7.501640009402449,Medium,32.474530389717835,74,66.325,Recommended
4430,Maruti Suzuki,Fronx,2023,8.09,Petrol,Automatic,1290,17.2,4,2,Yes,Yes,Yes,Aggressive,Medium,0.26,92.1,12.93,Good,37.5,78.1,Low,13.591838588783059,Medium,31.62237901055457,71,70.53,Recommended
4431,Maruti Suzuki,Fronx,2021,5.47,Diesel,Automatic,2198,21.1,4,6,Yes,Yes,Yes,Aggressive,Low,0.1,79.1,12.34,Good,29.5,68.0,Low,9.31673635168056,Low,14.461606500611019,86,77.86500000000001,Highly Recommended
4432,Skoda,Kushaq,2021,17.01,Petrol,Automatic,1498,25.5,4,6,Yes,Yes,Yes,Normal,Low,0.11,105.8,13.12,Good,29.6,64.5,Low,14.703419578877515,Low,16.253183795721515,84,77.625,Highly Recommended
4433,Toyota,Innova,2021,12.14,Diesel,Automatic,1997,23.3,4,6,Yes,Yes,Yes,Calm,Low,0.08,78.0,13.43,Good,26.9,83.5,Low,11.401913261358185,Low,7.290956759126442,88,79.095,Highly Recommended
4434,Toyota,Innova,2025,13.28,Petrol,Automatic,1199,21.8,5,6,Yes,Yes,Yes,Normal,High,0.23,84.9,12.61,Good,33.4,65.6,Low,18.886140667242046,Medium,43.02743984333798,82,76.17,Highly Recommended
4435,Skoda,Kushaq,2022,16.36,Petrol,Automatic,1498,16.9,3,2,Yes,No,Yes,Normal,Low,0.18,85.5,12.7,Good,34.5,90.5,Low,9.103471816402882,Low,13.118333638396441,55,63.285,Recommended
4436,Toyota,Innova,2025,16.98,Electric,Automatic,0,264.0,5,6,Yes,Yes,Yes,Aggressive,Low,0.04,88.1,12.72,Good,30.0,90.5,Low,6.315146431931721,Low,22.54043738459577,91,90.85,Highly Recommended
4437,Toyota,Urban Cruiser,2026,15.44,Electric,Manual,0,341.3,5,6,Yes,Yes,No,Risky,Medium,0.36,96.4,12.8,Poor,26.4,83.2,Low,30.763565766786208,High,55.45334891050233,61,69.24875,Recommended
4438,Kia,Seltos,2019,10.8,Electric,Manual,0,366.7,5,2,Yes,Yes,Yes,Normal,Medium,0.02,85.9,12.75,Good,33.7,100.0,Low,0.0,Low,15.708347279130447,87,87.90125,Highly Recommended
4439,Maruti Suzuki,Fronx,2019,7.5,Electric,Manual,0,280.0,4,6,Yes,Yes,Yes,Calm,High,0.43,81.0,12.79,Moderate,33.5,100.0,Low,5.126328195885673,Medium,45.271068997279265,69,76.55,Highly Recommended
4440,Skoda,Kushaq,2021,12.61,Petrol,Automatic,998,16.6,5,6,Yes,Yes,No,Calm,Medium,0.14,90.3,13.05,Moderate,35.7,70.3,Low,9.801170931506713,Low,22.728891285828748,85,70.74000000000001,Recommended
4441,Mahindra,XUV700,2026,12.44,Diesel,Manual,1498,17.5,4,2,Yes,Yes,Yes,Normal,High,0.28,95.8,13.16,Good,31.0,66.7,Low,14.945778538184486,Medium,37.03600130799891,69,64.675,Recommended
4442,Kia,Carens,2020,9.32,Diesel,Automatic,1197,16.0,3,6,Yes,No,Yes,Normal,Medium,0.2,90.7,11.82,Good,28.7,91.4,Low,20.299564172765383,Low,20.356279850293124,59,64.95,Recommended
4443,Maruti Suzuki,Swift,2022,9.13,Diesel,Automatic,1997,22.5,2,4,Yes,No,Yes,Normal,High,0.36,87.4,11.71,Good,28.5,65.4,Low,34.63418834527032,Medium,37.679298398598675,39,56.925,Consider
4444,Hyundai,Exter,2020,7.93,Petrol,Manual,1197,19.2,5,2,Yes,Yes,Yes,Normal,Medium,0.2,83.1,12.49,Good,32.5,86.7,Low,4.5385655278534,Low,17.78914991845982,85,72.13,Recommended
4445,Skoda,Kushaq,2022,11.22,Petrol,Manual,1197,15.9,4,6,Yes,Yes,Yes,Normal,Medium,0.24,86.5,12.63,Good,35.5,51.2,Low,21.04962894177836,Low,23.09430506243054,81,69.83500000000001,Recommended
4446,Toyota,Hyryder,2021,6.29,CNG,Manual,998,26.3,4,4,Yes,Yes,Yes,Normal,High,0.33,91.6,12.43,Good,25.8,100.0,Low,0.4739714921580692,Medium,39.737981405210945,74,72.245,Recommended
4447,Hyundai,Creta,2022,7.53,CNG,Manual,1997,26.4,4,4,Yes,No,Yes,Normal,Low,0.0,97.7,12.94,Good,35.2,80.6,Low,14.778726719310429,Low,9.504558903294855,67,69.11,Recommended
4448,Honda,Amaze,2023,9.67,Electric,Manual,0,358.0,5,6,Yes,No,No,Normal,High,0.47,83.1,12.59,Good,31.2,74.6,Low,10.027337997553003,Medium,40.847100485834865,69,73.475,Recommended
4449,Tata,Harrier,2025,14.31,Petrol,Manual,1290,21.6,4,6,Yes,Yes,Yes,Aggressive,Medium,0.13,96.8,12.69,Moderate,29.6,57.3,Low,12.291984862643359,Medium,35.11407522650758,72,66.64,Recommended
4450,Tata,Nexon,2025,12.46,CNG,Manual,1498,24.9,4,6,Yes,Yes,No,Aggressive,Low,0.03,77.7,11.63,Good,29.4,82.8,Low,34.186210131266435,Low,19.755899659018294,80,68.735,Recommended
4451,Volkswagen,Taigun,2025,10.5,Electric,Manual,0,356.6,5,6,Yes,Yes,No,Normal,Low,0.05,88.9,12.21,Good,32.0,79.4,Low,3.238002718603861,Low,10.809953169845592,96,85.5725,Highly Recommended
4452,Renault,Triber,2021,4.9,Diesel,Automatic,2198,21.0,4,4,Yes,Yes,Yes,Normal,Low,0.0,91.3,12.02,Good,29.2,81.2,Low,21.8867245326736,Low,2.385752002652337,84,76.95,Highly Recommended
4453,Tata,Altroz,2023,13.64,Petrol,Automatic,2198,25.2,3,6,Yes,No,Yes,Risky,Low,0.25,81.1,11.91,Good,38.0,90.6,Low,25.788070833606064,Medium,42.108735627753916,50,62.28,Recommended
4454,Toyota,Innova,2019,10.22,Petrol,Manual,1290,23.0,4,4,Yes,Yes,Yes,Normal,Medium,0.31,91.6,12.38,Poor,29.6,79.2,Medium,35.56004986226491,Medium,34.06919717633006,56,59.65,Consider
4455,Renault,Kwid,2021,10.03,CNG,Manual,1290,23.5,4,6,Yes,Yes,Yes,Risky,Medium,0.26,92.7,12.32,Good,30.3,91.3,Low,0.0,Medium,47.24143671151277,75,72.275,Recommended
4456,Kia,Carens,2024,4.94,Petrol,Manual,1199,21.0,4,6,Yes,No,Yes,Aggressive,Low,0.16,101.7,12.92,Good,29.2,79.1,Low,16.77981725967141,Low,20.034350865644477,67,64.30000000000001,Recommended
4457,Tata,Curvv,2020,6.01,CNG,Automatic,1197,27.0,4,6,Yes,Yes,No,Calm,Low,0.1,78.2,12.22,Good,30.0,80.2,Low,14.38825582802761,Low,14.681286570788842,85,76.3,Highly Recommended
4458,Mahindra,Scorpio,2024,12.11,CNG,Manual,1197,24.9,3,6,Yes,No,Yes,Aggressive,Medium,0.3,92.8,11.8,Good,34.4,91.5,Low,29.07602376331974,Medium,42.978351297855546,50,61.235,Recommended
4459,Skoda,Slavia,2021,13.99,Diesel,Manual,2198,17.0,3,2,Yes,No,Yes,Normal,Low,0.2,75.3,12.54,Good,31.9,96.5,Low,0.0,Low,13.618234687783927,56,58.75,Consider
4460,Hyundai,Creta,2021,14.19,CNG,Automatic,1997,22.7,4,4,Yes,Yes,Yes,Normal,Low,0.2,97.7,12.67,Good,35.0,96.4,Low,0.0,Low,15.399641355526875,83,80.755,Highly Recommended
4461,Toyota,Urban Cruiser,2026,12.96,CNG,Automatic,1197,25.7,4,4,Yes,Yes,Yes,Risky,Low,0.15,86.6,12.76,Moderate,32.4,53.6,Low,15.001428282837804,Medium,38.91990272397332,66,73.555,Recommended
4462,Volkswagen,Taigun,2025,14.1,Petrol,Manual,1197,22.0,3,7,Yes,No,Yes,Normal,Low,0.03,96.4,12.33,Good,31.5,61.2,Low,20.719713039427283,Low,8.211924764376736,65,63.55,Recommended
4463,Mahindra,Scorpio,2024,17.21,Diesel,Manual,1498,14.1,4,6,Yes,Yes,No,Risky,Medium,0.01,83.3,12.67,Good,30.0,97.9,Low,0.0,Medium,42.08760649087385,77,61.765,Recommended
4464,Skoda,Slavia,2022,16.45,Electric,Manual,0,304.0,4,7,Yes,No,Yes,Calm,Medium,0.24,93.6,11.96,Moderate,31.5,90.9,Low,27.399022529731248,Low,26.897503606129987,59,72.95,Recommended
4465,Mahindra,Scorpio,2024,8.01,Petrol,Manual,1197,16.3,3,2,Yes,No,Yes,Calm,Low,0.18,93.1,12.52,Moderate,30.2,53.6,Low,20.609050741887536,Low,15.006475005998645,47,54.595,Consider
4466,Hyundai,Exter,2023,9.05,Diesel,Automatic,1498,22.4,4,4,Yes,Yes,Yes,Normal,Medium,0.11,81.4,12.8,Good,27.1,88.6,Low,0.0,Low,20.488835273258122,81,75.81,Highly Recommended
4467,Honda,Amaze,2021,6.87,Diesel,Manual,1498,21.5,4,4,Yes,Yes,Yes,Aggressive,Medium,0.2,91.9,11.84,Good,26.2,76.4,Low,28.14238660614602,Medium,38.20399487622659,70,65.725,Recommended
4468,Tata,Altroz,2020,14.12,Electric,Automatic,0,352.6,4,6,Yes,Yes,No,Normal,Low,0.1,91.1,11.77,Poor,36.3,100.0,Low,32.54259189360551,Medium,31.885122239860376,61,74.6725,Recommended
4469,Mahindra,Thar,2023,17.64,Electric,Automatic,0,358.7,4,4,Yes,No,Yes,Aggressive,Low,0.13,85.4,12.37,Good,33.6,70.5,Low,10.850407041524132,Low,19.709034967207813,64,82.25125,Highly Recommended
4470,Volkswagen,Taigun,2024,14.7,Petrol,Manual,1290,17.2,5,4,Yes,Yes,Yes,Normal,High,0.44,79.5,11.88,Moderate,33.3,86.5,Low,24.14641810832489,Medium,41.52793196680594,72,65.97999999999999,Recommended
4471,Volkswagen,Virtus,2025,15.87,Diesel,Manual,2198,18.1,3,6,Yes,No,No,Calm,Low,0.09,85.8,12.5,Moderate,31.2,73.3,Low,14.434132151172063,Low,10.716575514252018,57,53.365,Consider
4472,Maruti Suzuki,Brezza,2025,8.73,CNG,Manual,1498,25.1,4,6,Yes,Yes,Yes,Aggressive,High,0.23,94.5,11.88,Good,29.4,71.6,Low,31.626514440555876,Medium,51.50960688579195,69,69.815,Recommended
4473,Toyota,Glanza,2022,12.47,Petrol,Manual,2198,15.4,5,6,Yes,Yes,Yes,Normal,Medium,0.21,82.1,11.79,Good,30.6,80.5,Low,31.378194651972994,Low,20.476459329977683,88,72.91,Recommended
4474,Renault,Kiger,2022,9.25,CNG,Manual,1290,22.3,5,6,Yes,Yes,Yes,Calm,Low,0.13,85.0,12.98,Good,34.2,72.3,Low,5.210368413511055,Low,9.073463099742277,96,81.545,Highly Recommended
4475,Kia,Sonet,2019,10.3,CNG,Automatic,998,23.3,4,6,Yes,Yes,No,Calm,Medium,0.15,90.0,12.24,Moderate,30.4,100.0,Low,0.0,Low,24.543491269118093,77,72.145,Recommended
4476,Honda,City,2020,11.97,Petrol,Manual,1997,22.5,5,4,Yes,Yes,Yes,Normal,Medium,0.24,96.2,12.67,Good,29.0,66.2,Low,16.00397410703292,Low,26.029538177663298,84,72.17500000000001,Recommended
4477,Tata,Nexon,2019,11.01,Petrol,Automatic,1498,22.6,5,2,Yes,Yes,No,Aggressive,Low,0.05,87.3,13.23,Good,30.2,92.6,Low,0.0,Low,11.52401639727811,88,72.99000000000001,Recommended
4478,Renault,Kwid,2021,6.2,Diesel,Automatic,1199,22.0,5,6,Yes,Yes,Yes,Normal,Low,0.09,93.6,12.6,Moderate,34.8,74.3,Low,3.9586153036096263,Low,21.764895589747404,86,78.0,Highly Recommended
4479,Honda,Elevate,2026,19.75,Diesel,Manual,1199,17.1,4,6,Yes,Yes,Yes,Risky,Low,0.08,88.6,12.66,Good,28.8,91.8,Low,7.805770097948074,Medium,37.54068082290939,78,68.66499999999999,Recommended
4480,Kia,Sonet,2020,11.0,Petrol,Automatic,1199,13.8,4,4,Yes,Yes,Yes,Normal,Low,0.11,85.5,12.39,Good,36.1,49.1,Low,30.40622058282351,Low,21.581941088488314,76,72.27000000000001,Recommended
4481,Tata,Altroz,2024,10.62,Petrol,Automatic,1197,20.4,3,7,Yes,No,Yes,Normal,Low,0.0,88.3,12.26,Moderate,32.0,52.7,Low,15.125859557477158,Low,12.294780612438354,58,65.16,Recommended
4482,Toyota,Hyryder,2019,14.6,Petrol,Manual,1197,18.6,5,4,Yes,Yes,Yes,Normal,Medium,0.41,88.7,12.63,Good,34.3,79.9,Low,6.370792388115872,Low,24.712754424015063,86,72.49000000000001,Recommended
4483,Tata,Curvv,2022,14.26,CNG,Automatic,2198,26.2,4,2,Yes,Yes,Yes,Normal,Low,0.12,92.1,13.55,Good,32.6,82.3,Low,5.353966427721392,Low,9.434903223180456,80,79.93,Highly Recommended
4484,Kia,Seltos,2020,9.82,Petrol,Manual,2198,21.1,4,4,Yes,Yes,Yes,Normal,High,0.5,89.4,12.97,Good,30.2,76.2,Low,7.302609115484593,Medium,45.70166480656147,71,66.11500000000001,Recommended
4485,Maruti Suzuki,Dzire,2023,9.87,Electric,Automatic,0,344.2,4,6,Yes,Yes,No,Normal,Medium,0.18,77.7,12.0,Good,33.2,69.2,Low,25.82977765098365,Low,16.983079819996387,82,83.8075,Highly Recommended
4486,Toyota,Hyryder,2023,13.83,Petrol,Automatic,1597,14.2,4,6,Yes,Yes,Yes,Normal,High,0.23,89.2,12.35,Good,37.8,63.6,Low,9.076052140812429,Medium,37.74787760915543,77,72.78,Recommended
4487,Tata,Punch,2019,8.84,Electric,Automatic,0,306.4,4,2,Yes,Yes,Yes,Normal,Low,0.11,82.7,12.23,Good,33.6,72.5,Low,14.708377082641967,Low,16.534874815649054,76,85.69,Highly Recommended
4488,Volkswagen,Virtus,2024,11.28,Diesel,Automatic,1197,24.6,4,6,Yes,Yes,Yes,Aggressive,Medium,0.14,97.3,13.05,Good,34.4,70.1,Low,7.017830258151399,Medium,30.708245344562258,80,75.69,Highly Recommended
4489,Kia,Sonet,2021,7.98,Petrol,Automatic,2198,12.2,4,6,Yes,Yes,No,Calm,Low,0.15,88.8,13.01,Good,31.3,92.0,Low,0.0,Low,12.173245915156572,88,71.43,Recommended
4490,Tata,Nexon,2023,13.1,CNG,Manual,1997,29.1,5,2,Yes,No,No,Normal,Low,0.21,79.5,12.39,Moderate,37.9,68.3,Low,10.842114050693462,Low,10.969390139433871,66,63.065,Recommended
4491,Skoda,Slavia,2023,9.45,Diesel,Manual,1497,23.5,4,6,Yes,Yes,Yes,Risky,Low,0.31,83.7,12.85,Moderate,34.2,83.2,Low,0.0,Medium,44.00016511009357,71,66.475,Recommended
4492,Skoda,Kushaq,2023,10.33,Petrol,Manual,1997,10.0,5,7,Yes,Yes,Yes,Normal,Medium,0.27,82.2,11.75,Good,31.1,80.5,Low,9.873727185124068,Low,24.23046944978596,92,73.9,Recommended
4493,Mahindra,XUV700,2022,15.78,Electric,Automatic,0,350.4,4,4,Yes,Yes,Yes,Aggressive,Medium,0.2,95.4,11.96,Good,30.6,50.0,Medium,45.38721162455643,Medium,30.65589735730125,70,84.64,Highly Recommended
4494,Renault,Triber,2022,13.56,CNG,Manual,1997,23.5,4,2,Yes,Yes,Yes,Normal,Medium,0.2,92.8,12.38,Good,30.8,65.2,Low,13.227032044292494,Low,22.28361669969205,74,71.825,Recommended
4495,Skoda,Kushaq,2019,5.88,CNG,Manual,1597,21.0,4,6,Yes,Yes,Yes,Calm,Medium,0.12,86.8,12.33,Good,32.3,58.8,Low,17.630443975296977,Low,13.461533764046097,85,76.4,Highly Recommended
4496,Skoda,Slavia,2022,12.48,CNG,Manual,1997,21.8,3,6,Yes,No,Yes,Normal,Low,0.19,92.9,11.56,Good,34.0,66.4,Medium,42.59111509325334,Low,17.705419313678895,56,63.47,Recommended
4497,Tata,Curvv,2020,12.41,Electric,Manual,0,339.2,3,2,Yes,No,No,Normal,Low,0.19,88.0,12.04,Good,35.8,69.4,Low,33.559772107313414,Low,15.000392455946264,51,64.67,Recommended
4498,Mahindra,Scorpio,2025,13.42,Petrol,Manual,1997,18.4,4,6,Yes,Yes,Yes,Normal,High,0.28,80.7,12.43,Good,27.8,58.5,Low,13.924692530345535,Medium,35.94443127958136,77,68.41,Recommended
4499,Honda,Amaze,2023,8.84,Petrol,Manual,998,20.1,3,4,Yes,No,No,Normal,Low,0.05,99.5,11.97,Good,31.6,87.8,Low,24.789632511644296,Low,7.494422978527953,59,54.565,Consider
4500,Tata,Harrier,2021,19.51,Electric,Manual,0,328.4,4,2,Yes,Yes,Yes,Normal,High,0.35,95.6,11.47,Poor,33.8,79.2,Medium,46.84531242698952,Medium,52.257195034841146,44,67.11500000000001,Recommended
4501,Hyundai,Verna,2023,6.82,Diesel,Manual,1199,16.3,5,4,Yes,Yes,Yes,Calm,High,0.42,83.1,13.24,Good,29.4,96.6,Low,0.0,Medium,31.203264926406977,85,71.695,Recommended
4502,Kia,Sonet,2020,9.12,CNG,Manual,1498,17.8,4,6,Yes,No,Yes,Normal,Low,0.25,82.2,12.32,Poor,25.0,74.5,Low,28.52523680836713,Medium,31.257567474839114,47,58.82,Consider
4503,Maruti Suzuki,Brezza,2023,10.51,Diesel,Manual,1199,15.0,5,6,Yes,Yes,Yes,Normal,Medium,0.17,87.0,11.85,Moderate,27.7,46.1,Medium,43.28192238872546,Low,25.722417721900964,79,68.80000000000001,Recommended
4504,Volkswagen,Taigun,2024,11.84,Petrol,Automatic,1290,22.9,4,6,Yes,Yes,No,Normal,Low,0.02,79.9,12.08,Good,29.6,70.1,Low,32.14419201606003,Low,4.728411294064343,86,72.135,Recommended
4505,Toyota,Urban Cruiser,2024,14.16,Petrol,Manual,1197,17.6,4,6,Yes,Yes,Yes,Normal,Low,0.13,88.4,12.19,Good,31.8,90.8,Low,2.047184900766946,Low,8.676872002367485,89,73.69,Recommended
4506,Honda,Elevate,2025,13.37,Petrol,Automatic,1997,22.6,5,2,Yes,Yes,Yes,Normal,Medium,0.27,78.1,11.94,Good,35.0,75.4,Low,24.301780928586577,Low,26.621588456674623,79,74.94,Recommended
4507,Volkswagen,Taigun,2025,12.49,Electric,Manual,0,409.2,3,4,Yes,No,No,Aggressive,Low,0.11,71.1,12.41,Good,32.0,98.4,Low,4.615952569094536,Low,21.580254241257368,57,69.65,Recommended
4508,Kia,Sonet,2024,12.99,Diesel,Manual,1597,32.0,5,7,Yes,Yes,Yes,Normal,Low,0.21,91.5,12.96,Good,36.1,90.1,Low,10.08379582069604,Low,14.719139676085733,95,78.55,Highly Recommended
4509,Toyota,Urban Cruiser,2025,10.71,Diesel,Manual,2198,20.6,4,7,Yes,Yes,Yes,Calm,Low,0.1,85.4,12.67,Good,31.2,98.1,Low,2.3218392383636344,Low,9.518466111488674,90,74.59,Recommended
4510,Skoda,Kushaq,2021,12.68,Diesel,Manual,1997,22.8,3,4,Yes,No,Yes,Aggressive,Low,0.17,85.6,12.55,Good,32.1,50.1,Low,19.888486090071055,Low,29.132872370778827,52,57.82,Consider
4511,Kia,Seltos,2026,15.83,Electric,Manual,0,380.1,4,6,Yes,Yes,Yes,Risky,Low,0.01,77.0,12.08,Moderate,32.6,90.5,Low,21.02543058301324,Medium,32.147793370599544,72,81.65375,Highly Recommended
4512,Tata,Altroz,2020,5.53,Diesel,Manual,1199,23.0,3,4,Yes,No,Yes,Normal,Medium,0.19,80.7,12.56,Good,31.9,61.7,Low,19.4209538299367,Low,20.399630165411363,55,59.2,Consider
4513,Hyundai,Creta,2019,10.44,Diesel,Manual,2198,16.0,3,6,Yes,No,Yes,Normal,Low,0.1,97.6,12.56,Good,31.2,93.2,Low,5.385579914355615,Low,13.349713874275764,64,62.2,Recommended
4514,Mahindra,Thar,2021,13.88,Petrol,Manual,998,19.4,5,6,Yes,Yes,Yes,Risky,Medium,0.27,93.4,12.37,Good,30.0,41.2,Low,18.50159013304123,Medium,41.86182891052388,83,71.25999999999999,Recommended
4515,Hyundai,Venue,2020,5.79,Diesel,Manual,1498,15.3,5,2,Yes,Yes,Yes,Risky,Low,0.14,93.5,12.43,Good,29.2,57.5,Low,12.278560403119858,Medium,33.42180265281682,78,68.39500000000001,Recommended
4516,Tata,Nexon,2019,10.86,Petrol,Automatic,1997,17.6,4,2,Yes,Yes,Yes,Calm,Low,0.14,88.5,12.22,Good,35.4,87.1,Low,10.890961581252643,Low,6.764995973588679,80,74.64,Recommended
4517,Kia,Sonet,2026,19.98,Electric,Manual,0,436.1,4,2,Yes,Yes,Yes,Normal,Low,0.06,77.2,12.69,Good,29.9,71.4,Low,17.527673384343764,Low,10.92794853134291,78,85.1,Highly Recommended
4518,Volkswagen,Virtus,2025,9.04,Diesel,Manual,1199,21.4,3,6,Yes,No,Yes,Aggressive,Medium,0.25,100.7,13.18,Good,29.3,63.6,Low,15.683198103684838,Medium,44.73368911771785,51,57.16,Consider
4519,Volkswagen,Virtus,2020,11.96,Electric,Manual,0,353.8,4,2,Yes,Yes,Yes,Calm,Low,0.07,89.6,11.96,Moderate,28.1,85.0,Low,34.290387069177356,Low,16.503828728410436,67,78.4175,Highly Recommended
4520,Toyota,Innova,2024,15.0,CNG,Automatic,2198,26.3,4,2,Yes,Yes,No,Normal,Low,0.0,93.0,12.98,Moderate,31.1,83.2,Low,9.345311550931566,Low,13.734012377113812,72,70.345,Recommended
4521,Skoda,Kushaq,2020,17.26,Electric,Manual,0,367.2,2,2,Yes,No,Yes,Normal,High,0.28,79.8,11.57,Good,30.8,68.8,Medium,36.018163587465025,Medium,36.223591955321254,35,64.52,Recommended
4522,Kia,Seltos,2022,14.59,Petrol,Manual,1290,20.4,4,6,Yes,Yes,No,Normal,Low,0.06,90.2,13.01,Good,32.2,84.1,Low,2.170490623891963,Low,2.461272838921319,91,69.01,Recommended
4523,Tata,Altroz,2019,9.43,CNG,Manual,1497,22.3,5,6,Yes,No,Yes,Aggressive,Medium,0.39,92.2,12.23,Good,32.5,96.2,Low,3.5757238517842724,Medium,36.10632042374206,72,70.745,Recommended
4524,Renault,Triber,2023,7.5,Electric,Manual,0,376.4,5,6,Yes,Yes,Yes,Calm,Low,0.07,81.0,13.19,Good,30.9,74.2,Low,11.557639230829267,Low,5.495435310635482,96,92.315,Highly Recommended
4525,Maruti Suzuki,Dzire,2024,9.57,Petrol,Automatic,1498,15.2,4,6,Yes,Yes,No,Calm,Low,0.11,92.8,12.2,Good,29.4,66.1,Low,12.477130971348593,Low,8.819502393423596,87,71.43,Recommended
4526,Kia,Seltos,2024,15.26,Diesel,Manual,1290,20.0,3,2,Yes,No,Yes,Normal,Low,0.06,91.1,12.44,Moderate,31.0,97.1,Low,0.0,Low,19.908987678263443,48,55.6,Consider
4527,Mahindra,XUV700,2024,14.52,CNG,Manual,1597,22.7,4,2,Yes,Yes,Yes,Normal,Low,0.06,94.5,12.57,Good,29.0,65.2,Low,7.63526843783344,Low,3.6476507354186047,82,75.305,Highly Recommended
4528,Renault,Kiger,2019,7.3,Diesel,Manual,1290,21.4,4,2,Yes,Yes,Yes,Risky,Low,0.04,86.6,11.96,Good,31.6,92.7,Low,18.03626712012026,Medium,36.13367826234707,69,65.25999999999999,Recommended
4529,Toyota,Innova,2022,7.6,Petrol,Automatic,1497,23.7,3,7,Yes,No,Yes,Normal,High,0.32,94.6,12.6,Good,30.8,82.2,Low,0.0,Medium,39.438535811133804,57,65.205,Recommended
4530,Honda,Amaze,2020,12.05,Diesel,Manual,1997,28.9,4,2,Yes,Yes,No,Aggressive,Low,0.05,90.7,12.69,Good,30.2,69.5,Low,20.11356936109801,Low,12.250187483492903,77,63.985,Recommended
4531,Skoda,Slavia,2020,13.18,Petrol,Automatic,2198,18.3,4,2,Yes,Yes,Yes,Normal,Medium,0.38,95.5,12.16,Moderate,32.9,94.5,Low,9.362707556157975,Low,25.797518515240707,68,69.345,Recommended
4532,Hyundai,Creta,2020,9.48,Electric,Manual,0,388.9,5,7,Yes,No,No,Normal,Medium,0.25,86.6,11.97,Good,28.8,94.9,Low,27.673746115319524,Low,19.53900338120956,76,77.78375,Highly Recommended
4533,Honda,Elevate,2024,10.9,CNG,Manual,1497,19.5,3,4,Yes,No,No,Normal,Low,0.01,88.3,12.53,Good,31.4,88.5,Low,7.965592915206569,Low,3.892801259105899,62,59.825,Consider
4534,Tata,Nexon,2023,12.38,Petrol,Manual,1597,16.5,4,6,Yes,No,Yes,Normal,Low,0.11,86.9,12.21,Good,30.9,100.0,Low,0.0,Low,13.072929860907898,72,65.875,Recommended
4535,Tata,Altroz,2026,7.95,Petrol,Manual,1199,15.9,4,2,Yes,Yes,No,Normal,High,0.45,75.2,12.58,Moderate,33.1,68.6,Low,14.067231786653934,Medium,43.90514951661611,61,54.835,Consider
4536,Kia,Seltos,2026,13.74,CNG,Manual,2198,24.0,3,6,Yes,No,No,Aggressive,High,0.44,98.7,13.52,Good,33.7,92.4,Low,6.582191942505059,Medium,49.249529619727156,51,55.55,Consider
4537,Skoda,Kushaq,2025,13.2,Petrol,Automatic,998,13.6,3,6,Yes,No,No,Aggressive,Low,0.06,71.4,12.62,Good,30.1,100.0,Low,9.848232387969071,Low,17.901547617223883,61,59.489999999999995,Consider
4538,Renault,Triber,2019,7.93,Diesel,Manual,1597,21.3,4,6,Yes,Yes,No,Risky,Low,0.11,92.3,12.05,Good,29.9,85.1,Low,25.041157949351863,Medium,35.21843772403228,76,62.395,Recommended
4539,Toyota,Urban Cruiser,2025,17.84,Diesel,Automatic,998,22.3,3,6,Yes,No,No,Normal,Low,0.05,87.0,12.36,Good,30.7,86.4,Low,2.830777046235029,Low,10.842886635987021,65,62.595,Recommended
4540,Toyota,Innova,2022,12.03,Diesel,Automatic,1498,20.2,4,6,Yes,Yes,No,Risky,Medium,0.17,75.9,13.34,Moderate,34.9,62.5,Low,18.51281308962077,High,55.13552413846711,64,61.83,Recommended
4541,Mahindra,Thar,2020,15.51,CNG,Manual,1597,25.8,5,7,Yes,Yes,Yes,Calm,Low,0.18,88.6,13.07,Good,30.7,71.8,Low,6.775865447010872,Low,15.401470421885856,96,82.07,Highly Recommended
4542,Skoda,Slavia,2021,13.84,Diesel,Automatic,2198,19.1,4,6,Yes,Yes,No,Normal,Medium,0.2,81.3,12.0,Good,35.2,84.1,Low,21.221452665537225,Low,14.104111997635485,84,70.665,Recommended
4543,Mahindra,Scorpio,2022,12.9,Petrol,Automatic,1997,17.0,5,2,Yes,Yes,Yes,Normal,High,0.25,83.2,12.22,Good,32.7,94.1,Low,1.9312012140481352,Medium,40.132120868873784,78,73.65,Recommended
4544,Volkswagen,Virtus,2026,11.0,Diesel,Automatic,1199,19.0,5,7,Yes,Yes,No,Aggressive,Medium,0.18,83.2,13.1,Moderate,30.8,100.0,Low,9.097183696057286,Medium,45.509119487387046,79,68.4,Recommended
4545,Renault,Kiger,2020,6.17,Petrol,Manual,1597,17.5,5,2,Yes,Yes,Yes,Normal,Low,0.0,90.7,12.4,Moderate,27.6,87.3,Low,3.328643758445526,Low,16.829311194152446,80,69.625,Recommended
4546,Hyundai,Exter,2026,5.95,Diesel,Manual,1290,21.4,4,4,Yes,Yes,Yes,Calm,Low,0.22,85.0,12.37,Good,33.2,100.0,Low,0.011469971061968863,Low,16.52617989095978,82,71.11,Recommended
4547,Volkswagen,Virtus,2019,14.74,Petrol,Automatic,1197,21.9,4,6,Yes,Yes,Yes,Aggressive,Low,0.06,79.4,12.45,Good,30.7,59.3,Low,10.087102503678304,Low,23.109925328900406,82,76.185,Highly Recommended
4548,Hyundai,i20,2025,13.39,Diesel,Manual,2198,17.1,3,6,Yes,No,Yes,Aggressive,Low,0.11,89.1,12.76,Good,32.1,77.6,Low,6.708216196594219,Low,21.49174280583567,60,60.565,Recommended
4549,Skoda,Slavia,2019,10.81,Diesel,Manual,1497,21.0,4,2,Yes,Yes,Yes,Calm,Medium,0.26,86.2,12.07,Good,33.5,65.5,Medium,37.652760140017406,Low,18.627826826577333,72,66.55,Recommended
4550,Maruti Suzuki,Swift,2020,4.5,Diesel,Automatic,1497,26.1,5,6,Yes,Yes,Yes,Normal,Medium,0.19,99.6,12.6,Good,37.1,92.3,Low,12.036629169837989,Low,23.331162242802133,90,80.41499999999999,Highly Recommended
4551,Mahindra,XUV 3XO,2019,14.54,Diesel,Automatic,1290,22.3,3,6,Yes,No,Yes,Aggressive,Low,0.13,90.1,13.0,Good,33.8,75.8,Low,6.976524058513242,Low,23.061393548597803,60,66.345,Recommended
4552,Toyota,Glanza,2025,15.39,CNG,Manual,998,25.9,5,4,Yes,Yes,Yes,Aggressive,Low,0.07,85.5,12.54,Moderate,29.6,62.5,Low,11.011453715818163,Low,25.0705897089182,80,74.88499999999999,Recommended
4553,Maruti Suzuki,Baleno,2026,4.5,Petrol,Automatic,1498,18.3,5,6,Yes,Yes,Yes,Calm,Low,0.07,82.6,12.9,Good,31.5,54.5,Low,5.236975369512562,Low,7.10946174076404,97,82.395,Highly Recommended
4554,Toyota,Hyryder,2021,6.72,Diesel,Manual,1997,27.0,4,2,Yes,Yes,No,Calm,Low,0.1,93.1,11.42,Good,33.7,61.0,Medium,36.752131794087916,Low,9.109703487953793,75,62.8,Recommended
4555,Volkswagen,Taigun,2023,12.72,Diesel,Manual,1290,19.3,4,6,Yes,Yes,Yes,Normal,Medium,0.15,91.1,12.64,Moderate,33.4,88.6,Low,0.6812834733273929,Low,23.582458231778023,78,68.995,Recommended
4556,Skoda,Slavia,2026,15.8,CNG,Manual,998,26.8,4,4,Yes,Yes,Yes,Aggressive,Low,0.03,85.9,11.85,Good,35.7,80.5,Medium,36.48213072780056,Low,27.28651580894546,73,71.87,Recommended
4557,Honda,Elevate,2023,9.43,Electric,Manual,0,402.5,5,6,Yes,Yes,Yes,Normal,Low,0.21,86.5,13.33,Good,31.4,61.8,Low,17.00463584137347,Low,21.810598724690948,90,90.5,Highly Recommended
4558,Renault,Kiger,2026,6.94,Petrol,Automatic,1290,16.8,5,4,Yes,Yes,Yes,Risky,Low,0.03,83.7,12.7,Good,29.1,70.1,Low,9.072012244630494,Medium,32.641200522157135,83,75.87,Highly Recommended
4559,Hyundai,Venue,2024,14.6,Electric,Manual,0,318.2,4,6,Yes,Yes,Yes,Normal,Medium,0.12,78.7,12.88,Good,32.4,90.8,Low,6.5859854501295905,Low,21.91036498572236,83,84.2825,Highly Recommended
4560,Volkswagen,Taigun,2021,11.5,Diesel,Automatic,1199,21.1,4,7,Yes,Yes,Yes,Calm,High,0.35,85.3,12.98,Good,33.4,55.9,Low,18.431672878993876,Medium,38.5072453163325,78,74.265,Recommended
4561,Tata,Harrier,2024,13.09,Petrol,Automatic,1497,18.3,4,6,Yes,Yes,No,Normal,Medium,0.16,85.3,12.36,Moderate,35.4,86.2,Low,0.6824929990603135,Low,25.49300449225784,77,67.395,Recommended
4562,Kia,Sonet,2024,7.03,Petrol,Automatic,2198,17.1,2,2,Yes,No,Yes,Aggressive,Low,0.0,94.6,13.38,Good,30.8,73.6,Low,15.28950338529164,Low,25.05390481113313,42,57.465,Consider
4563,Mahindra,Scorpio,2020,16.34,Petrol,Automatic,1290,23.6,5,2,Yes,Yes,Yes,Calm,Medium,0.17,98.2,12.25,Poor,32.7,58.1,Medium,45.309428951807504,Low,28.861518588060587,60,66.53999999999999,Recommended
4564,Skoda,Slavia,2023,14.3,Diesel,Automatic,2198,22.4,5,6,Yes,Yes,No,Normal,Low,0.02,94.8,12.55,Good,33.3,44.1,Low,24.26035755829046,Low,13.729780462282898,92,74.75999999999999,Recommended
4565,Volkswagen,Taigun,2023,11.43,CNG,Automatic,998,19.8,5,6,Yes,Yes,Yes,Aggressive,Low,0.24,95.3,12.16,Poor,32.8,65.3,Medium,36.40567815289141,Medium,35.56842435100107,67,73.12,Recommended
4566,Mahindra,Thar,2022,11.65,CNG,Automatic,1497,26.7,3,6,Yes,No,Yes,Aggressive,Medium,0.29,93.8,11.72,Good,34.3,53.8,Low,33.909312210403016,Medium,32.81884617543458,52,67.405,Recommended
4567,Maruti Suzuki,Brezza,2023,4.5,Petrol,Manual,1997,13.3,4,6,Yes,Yes,No,Normal,Low,0.11,82.2,12.3,Moderate,33.9,91.7,Low,0.0,Low,17.27260997745782,80,62.995,Recommended
4568,Volkswagen,Taigun,2020,12.73,Petrol,Automatic,1290,18.9,3,4,Yes,No,Yes,Normal,Low,0.2,85.6,11.72,Moderate,31.8,75.8,Low,32.67253598018849,Low,25.036503902343075,45,59.085,Consider
4569,Mahindra,XUV700,2025,14.71,Petrol,Automatic,1199,16.3,5,4,Yes,Yes,No,Normal,High,0.29,88.8,12.8,Good,32.7,86.4,Low,9.606764470449823,Medium,41.583803373759096,80,68.445,Recommended
4570,Toyota,Urban Cruiser,2019,11.08,Petrol,Automatic,1597,12.5,4,4,Yes,Yes,Yes,Normal,Low,0.21,81.5,11.97,Good,35.4,66.4,Low,31.072309223958385,Low,8.291150984581892,80,73.875,Recommended
4571,Skoda,Slavia,2022,9.96,CNG,Automatic,1199,26.3,4,2,Yes,No,No,Normal,Low,0.18,79.2,12.21,Moderate,35.8,50.8,Low,18.19714084464698,Low,17.87923587910273,54,62.245000000000005,Recommended
4572,Renault,Kiger,2021,8.9,Electric,Automatic,0,384.7,4,6,Yes,Yes,No,Normal,Medium,0.22,95.6,12.25,Good,31.7,74.5,Low,12.531676285322398,Low,24.035581193176796,82,85.32625,Highly Recommended
4573,Toyota,Glanza,2022,9.51,CNG,Manual,2198,28.1,4,6,Yes,Yes,No,Aggressive,Medium,0.2,99.9,12.44,Moderate,29.7,84.1,Low,5.240342455070237,Medium,38.21102966139609,72,65.615,Recommended
4574,Hyundai,Venue,2026,12.15,Electric,Manual,0,320.5,5,6,Yes,No,No,Calm,High,0.49,98.1,12.68,Moderate,32.9,81.4,Low,7.853381433566613,Medium,50.84659964433056,60,68.01875,Recommended
4575,Maruti Suzuki,Brezza,2026,10.23,CNG,Manual,1498,24.5,5,6,Yes,Yes,Yes,Aggressive,Medium,0.18,94.0,12.47,Good,30.6,77.4,Low,10.083941722067191,Low,29.018686283300998,88,78.275,Highly Recommended
4576,Renault,Kwid,2024,5.91,CNG,Automatic,2198,25.2,4,4,Yes,Yes,Yes,Aggressive,Medium,0.24,98.6,12.71,Good,35.1,95.2,Low,10.389199609816522,Medium,36.46451103332579,74,77.08000000000001,Highly Recommended
4577,Honda,City,2020,9.37,Petrol,Automatic,1197,22.2,4,4,Yes,Yes,No,Normal,Medium,0.19,77.0,12.29,Moderate,32.5,74.4,Low,11.148134717183654,Low,29.601377638225074,70,64.83,Recommended
4578,Toyota,Hyryder,2020,17.16,Petrol,Manual,1497,18.0,3,4,Yes,No,No,Aggressive,High,0.28,85.8,13.19,Good,31.2,86.5,Low,13.742598866992171,Medium,49.347053653766146,46,48.4,Consider
4579,Mahindra,XUV 3XO,2026,15.6,Electric,Manual,0,388.8,3,6,Yes,No,Yes,Aggressive,Low,0.12,75.1,12.59,Moderate,33.4,83.6,Low,3.0047923400338297,Low,23.01382343988329,54,73.88,Recommended
4580,Kia,Seltos,2020,14.73,Petrol,Manual,1498,16.7,5,6,Yes,Yes,Yes,Aggressive,High,0.34,74.1,12.63,Good,32.1,100.0,Low,0.0,Medium,50.34244014368391,82,70.405,Recommended
4581,Volkswagen,Virtus,2023,17.53,Diesel,Automatic,1199,21.9,5,6,Yes,Yes,Yes,Aggressive,Low,0.12,95.6,12.12,Good,31.8,76.1,Low,14.107160350599596,Low,28.35418176492268,88,78.88499999999999,Highly Recommended
4582,Toyota,Glanza,2021,16.65,Electric,Manual,0,409.3,4,6,Yes,Yes,Yes,Normal,Low,0.11,95.9,12.55,Good,27.3,76.0,Low,17.61322984377626,Low,12.25068142908681,85,88.25,Highly Recommended
4583,Mahindra,Thar,2020,14.32,Petrol,Manual,1498,21.7,4,4,Yes,Yes,No,Normal,High,0.25,89.4,12.74,Good,33.4,75.6,Low,14.219727002201756,Medium,42.83137751311264,71,60.205,Recommended
4584,Tata,Altroz,2026,12.91,Electric,Automatic,0,378.7,5,6,Yes,Yes,No,Normal,Low,0.1,88.1,12.33,Moderate,36.1,80.4,Low,7.629771795571198,Low,17.518043376983968,87,87.35125,Highly Recommended
4585,Maruti Suzuki,Brezza,2021,9.61,Diesel,Manual,998,20.8,4,6,Yes,Yes,No,Normal,Low,0.03,94.3,12.57,Good,36.5,80.9,Low,10.823468937853672,Low,9.275834384886634,87,67.27,Recommended
4586,Skoda,Kushaq,2022,12.89,Diesel,Automatic,1497,25.6,5,6,Yes,Yes,Yes,Calm,Medium,0.25,95.6,13.12,Moderate,30.5,89.5,Low,1.1981296722023664,Low,27.683010078642216,84,77.64,Highly Recommended
4587,Toyota,Glanza,2026,15.2,Petrol,Automatic,2198,14.9,4,6,Yes,Yes,Yes,Normal,Medium,0.26,86.2,12.87,Good,33.9,96.5,Low,0.0,Low,21.096647503485517,85,76.485,Highly Recommended
4588,Volkswagen,Taigun,2019,9.79,CNG,Automatic,1290,24.3,5,6,Yes,Yes,No,Normal,Medium,0.27,88.8,12.42,Good,34.1,65.0,Low,13.605181245813723,Medium,30.47994352880777,87,76.795,Highly Recommended
4589,Maruti Suzuki,Brezza,2019,5.52,Petrol,Automatic,1290,15.6,4,2,Yes,Yes,Yes,Aggressive,Low,0.06,89.2,12.64,Moderate,31.5,86.7,Low,10.0076227710178,Low,27.165724595791477,67,68.49000000000001,Recommended
4590,Renault,Triber,2022,5.55,Diesel,Manual,998,25.1,4,6,Yes,Yes,Yes,Normal,Low,0.24,84.3,12.39,Good,29.9,85.0,Low,1.4968230346922669,Low,17.092514878468798,86,73.465,Recommended
4591,Maruti Suzuki,Dzire,2020,6.52,Diesel,Manual,998,20.3,4,7,Yes,Yes,Yes,Risky,Medium,0.28,90.1,12.44,Good,31.8,80.5,Low,9.652799340719437,Medium,46.092467928108476,76,68.245,Recommended
4592,Tata,Harrier,2021,4.5,Diesel,Automatic,1197,20.1,4,6,Yes,Yes,Yes,Normal,Low,0.11,86.8,11.69,Good,35.3,80.6,Low,32.408310281404574,Low,4.66082455486046,86,77.715,Highly Recommended
4593,Skoda,Kushaq,2019,11.26,Electric,Automatic,0,450.3,5,6,Yes,Yes,No,Risky,Medium,0.18,89.9,12.55,Moderate,34.2,75.8,Low,18.636402589646124,High,59.06485192097854,71,80.95,Highly Recommended
4594,Hyundai,Verna,2026,11.95,Petrol,Manual,1290,10.0,4,6,Yes,Yes,Yes,Normal,Medium,0.11,87.6,12.48,Good,30.8,61.9,Low,11.77902926595352,Low,12.398942119302761,86,71.2,Recommended
4595,Hyundai,i20,2026,8.01,CNG,Manual,1199,22.9,4,6,Yes,Yes,Yes,Aggressive,High,0.44,82.5,13.12,Good,33.0,77.1,Low,0.0,High,57.30827990468872,72,70.83500000000001,Recommended
4596,Honda,Amaze,2021,9.03,Petrol,Automatic,1597,15.6,3,2,Yes,No,Yes,Calm,Low,0.0,82.4,11.94,Good,33.7,49.3,Medium,36.35741014798944,Low,11.59332200431999,51,61.29,Recommended
4597,Volkswagen,Taigun,2023,17.14,Petrol,Manual,1199,17.5,4,6,Yes,Yes,Yes,Calm,Medium,0.21,84.4,12.11,Good,32.1,82.4,Low,8.133508913890036,Low,24.778260417233444,82,70.525,Recommended
4598,Renault,Triber,2023,6.41,CNG,Manual,1597,24.7,5,6,Yes,Yes,No,Normal,Low,0.13,95.6,12.15,Good,31.1,85.9,Low,9.385345506870578,Low,25.11208246507234,90,73.205,Recommended
4599,Toyota,Glanza,2021,15.25,CNG,Manual,1597,25.7,4,6,Yes,No,Yes,Normal,Medium,0.41,79.7,12.72,Good,33.2,94.6,Low,0.0,Medium,32.31927720923333,66,68.555,Recommended
4600,Kia,Carens,2024,9.26,Petrol,Manual,1290,15.1,4,6,Yes,Yes,Yes,Normal,Medium,0.09,100.6,12.49,Good,31.7,100.0,Low,1.9956135852530448,Low,21.19502933535546,84,71.065,Recommended
4601,Renault,Kiger,2025,7.46,Petrol,Automatic,1199,17.6,5,4,Yes,Yes,Yes,Normal,Low,0.16,89.0,12.85,Moderate,33.7,100.0,Low,0.37712900690552326,Low,19.318217102086194,83,75.99000000000001,Highly Recommended
4602,Toyota,Glanza,2023,15.05,Petrol,Manual,1290,16.0,4,6,Yes,Yes,Yes,Calm,Medium,0.35,90.1,12.26,Moderate,31.0,95.6,Low,9.134506568234638,Low,24.46445992714825,76,67.6,Recommended
4603,Honda,Amaze,2022,9.56,Petrol,Manual,1197,17.7,4,6,Yes,Yes,Yes,Normal,Medium,0.12,99.3,12.47,Good,29.2,62.1,Low,22.252289953324638,Low,16.397236063746863,83,71.005,Recommended
4604,Maruti Suzuki,Fronx,2019,8.08,Petrol,Manual,2198,18.3,3,4,Yes,No,Yes,Normal,High,0.49,90.8,11.96,Good,30.0,69.3,Low,31.924338905019688,Medium,46.558671214888825,44,53.545,Consider
4605,Maruti Suzuki,Brezza,2021,4.5,Petrol,Manual,1997,21.2,5,2,Yes,No,No,Normal,Medium,0.25,77.0,12.13,Good,30.5,73.9,Low,5.247404171837443,Low,24.613916154542096,68,58.78,Consider
4606,Toyota,Urban Cruiser,2019,10.68,Petrol,Automatic,998,22.6,5,6,Yes,Yes,No,Normal,Low,0.18,89.2,12.4,Good,33.2,72.7,Low,5.948521181374156,Low,9.4857754066199,96,76.59,Highly Recommended
4607,Toyota,Innova,2025,12.41,Petrol,Manual,1597,16.5,4,2,Yes,Yes,No,Aggressive,Medium,0.16,95.0,13.05,Good,35.6,69.8,Low,17.66646804670318,Medium,31.68258223825584,70,58.975,Consider
4608,Renault,Kwid,2026,4.5,Diesel,Manual,1497,21.0,5,2,Yes,Yes,Yes,Normal,Low,0.22,95.4,13.1,Good,29.1,62.3,Low,19.94286698206094,Low,14.849540810836556,84,71.95,Recommended
4609,Renault,Kwid,2020,12.68,Petrol,Manual,998,27.6,5,6,Yes,Yes,Yes,Normal,Low,0.02,90.9,12.42,Good,32.9,52.4,Low,20.206761908842243,Low,9.146937991788537,94,77.44,Highly Recommended
4610,Mahindra,Thar,2020,13.78,Petrol,Manual,1497,18.8,5,4,Yes,Yes,No,Normal,Medium,0.18,92.4,13.25,Moderate,29.8,73.6,Low,6.35346167394724,Medium,33.47663858070705,77,62.47,Recommended
4611,Honda,Elevate,2020,8.6,CNG,Manual,1197,26.7,4,4,Yes,Yes,Yes,Normal,Medium,0.15,90.9,12.34,Moderate,33.3,90.9,Low,0.994874756484442,Low,26.11851291881623,73,71.855,Recommended
4612,Skoda,Slavia,2020,12.72,Petrol,Automatic,2198,22.1,4,4,Yes,Yes,Yes,Calm,Medium,0.27,89.6,12.93,Good,32.2,80.0,Low,17.05849118924045,Low,19.62455502596103,79,74.86500000000001,Recommended
4613,Mahindra,Thar,2021,15.11,Petrol,Manual,1997,18.2,5,2,Yes,Yes,Yes,Calm,Low,0.21,73.8,13.22,Good,32.9,93.9,Low,0.0,Low,12.59566968630353,88,73.33,Recommended
4614,Hyundai,Verna,2020,13.38,Electric,Manual,0,431.3,5,2,Yes,Yes,Yes,Aggressive,Low,0.14,77.8,12.55,Good,33.3,76.1,Low,17.290149181779153,Low,17.006270552802913,83,87.35,Highly Recommended
4615,Honda,Amaze,2023,10.8,Petrol,Manual,1997,14.9,3,4,Yes,No,Yes,Normal,Low,0.19,78.7,12.26,Moderate,32.2,54.6,Low,18.11672427082524,Low,18.609812419661807,50,55.735,Consider
4616,Maruti Suzuki,Swift,2020,7.5,Electric,Automatic,0,263.2,4,6,Yes,Yes,No,Normal,Low,0.05,80.9,11.59,Good,32.0,76.5,Low,28.30750471789193,Low,2.485980708394754,87,83.02,Highly Recommended
4617,Skoda,Kushaq,2022,7.28,Diesel,Automatic,1597,19.1,4,6,Yes,Yes,Yes,Normal,Low,0.17,85.2,12.39,Good,32.2,100.0,Low,3.6748013846366963,Low,11.637505791539308,87,78.015,Highly Recommended
4618,Maruti Suzuki,Swift,2026,7.05,Diesel,Automatic,1498,18.5,4,6,Yes,Yes,Yes,Normal,Low,0.2,86.3,12.09,Good,35.3,83.6,Low,22.095917645343864,Low,9.746902426632717,85,77.025,Highly Recommended
4619,Mahindra,Scorpio,2019,20.16,Electric,Automatic,0,413.2,3,2,Yes,No,Yes,Normal,Medium,0.15,94.0,12.64,Good,31.0,52.7,Low,20.753414893694064,Low,19.380260275987986,51,77.95,Highly Recommended
4620,Renault,Triber,2020,4.5,CNG,Automatic,2198,26.5,4,6,Yes,Yes,Yes,Normal,Low,0.02,83.6,11.97,Good,31.0,67.6,Low,31.254357218229597,Low,12.906180795048503,83,81.325,Highly Recommended
4621,Renault,Kiger,2021,5.6,Diesel,Manual,998,23.1,5,6,Yes,Yes,Yes,Calm,Low,0.0,95.2,12.67,Poor,31.7,78.9,Low,31.79427278897853,Low,20.393076276804052,73,67.315,Recommended
4622,Volkswagen,Taigun,2021,15.92,Petrol,Manual,1997,19.7,4,6,Yes,Yes,Yes,Aggressive,Low,0.01,87.5,12.92,Moderate,32.6,100.0,Low,3.241087954485323,Low,26.426600380016318,76,68.155,Recommended
4623,Kia,Seltos,2023,16.83,Electric,Manual,0,281.1,5,6,Yes,Yes,No,Normal,High,0.45,88.2,12.54,Poor,30.3,58.6,Low,33.16199368897975,Medium,54.31233500706027,61,66.99125000000001,Recommended
4624,Tata,Curvv,2020,8.48,Petrol,Manual,1997,24.3,4,2,Yes,Yes,Yes,Normal,Medium,0.3,77.7,12.27,Moderate,30.6,65.3,Low,17.48482311624553,Medium,32.00647785902087,64,63.445,Recommended
4625,Renault,Kiger,2024,11.48,Electric,Manual,0,332.1,3,6,Yes,No,Yes,Normal,Medium,0.27,89.9,13.17,Good,29.5,92.0,Low,0.0,Low,24.208762764786126,61,74.90375,Recommended
4626,Mahindra,Thar,2019,12.28,CNG,Manual,1197,22.4,3,6,Yes,No,Yes,Normal,Low,0.1,89.1,11.88,Good,29.3,52.6,Medium,36.87995274985071,Low,14.416629384960576,58,64.46000000000001,Recommended
4627,Toyota,Urban Cruiser,2021,18.19,CNG,Manual,1197,22.2,4,7,Yes,Yes,Yes,Normal,High,0.33,71.8,12.52,Good,32.1,85.2,Low,9.040763115404658,Medium,44.57587319898988,77,72.97999999999999,Recommended
4628,Kia,Seltos,2021,18.46,Electric,Automatic,0,317.5,4,2,Yes,Yes,Yes,Normal,Medium,0.28,75.1,13.32,Moderate,32.7,86.1,Low,9.681027520883159,Low,23.85819390935398,68,82.50625,Highly Recommended
4629,Honda,Amaze,2025,13.12,Diesel,Manual,1597,24.9,4,6,Yes,Yes,Yes,Calm,Low,0.09,88.8,12.29,Good,34.5,72.6,Low,4.074395610404818,Low,9.79309194031364,88,74.33500000000001,Recommended
4630,Maruti Suzuki,Fronx,2020,5.36,Petrol,Manual,1197,20.0,4,2,Yes,Yes,Yes,Aggressive,Medium,0.25,97.1,12.44,Good,30.0,78.6,Low,6.216098244105273,Low,29.689854296127926,73,66.85,Recommended
4631,Hyundai,Venue,2026,14.33,Petrol,Manual,1199,15.2,4,6,Yes,Yes,No,Risky,Low,0.04,79.4,12.32,Moderate,32.3,73.7,Low,12.132606155707087,Medium,34.90559882331174,72,59.68,Consider
4632,Hyundai,Verna,2021,9.29,Petrol,Automatic,1497,17.1,3,6,Yes,No,Yes,Normal,Low,0.23,83.1,12.14,Moderate,35.5,83.7,Low,19.83015536455246,Low,22.03682219153495,52,61.965,Recommended
4633,Volkswagen,Taigun,2021,10.12,Electric,Manual,0,364.0,4,2,Yes,Yes,Yes,Normal,High,0.4,82.4,12.25,Good,29.9,75.4,Low,2.2675456808517245,Medium,38.64342771416813,70,80.15,Highly Recommended
4634,Maruti Suzuki,Baleno,2024,9.95,CNG,Manual,1497,22.7,4,2,Yes,Yes,Yes,Risky,Medium,0.08,83.8,11.88,Good,31.1,66.2,Low,33.270105960974156,Medium,46.02166214704001,63,66.755,Recommended
4635,Toyota,Urban Cruiser,2019,10.88,Petrol,Manual,998,17.5,5,4,Yes,No,Yes,Normal,Low,0.13,73.5,11.76,Good,30.7,96.5,Low,18.62477425106796,Low,12.27122635590678,74,66.92500000000001,Recommended
4636,Renault,Kiger,2026,12.9,Diesel,Manual,1497,21.2,5,6,Yes,Yes,Yes,Aggressive,High,0.32,74.3,12.37,Good,35.6,78.4,Low,7.5934721146329895,Medium,46.26351201437,83,71.53,Recommended
4637,Renault,Kwid,2026,10.27,Petrol,Manual,1497,20.0,3,7,Yes,No,No,Calm,High,0.37,86.8,13.24,Good,35.1,84.0,Low,3.155832456277522,Medium,37.55576489439235,57,53.650000000000006,Consider
4638,Maruti Suzuki,Dzire,2023,8.48,Diesel,Manual,1997,25.6,4,6,Yes,Yes,No,Normal,Low,0.08,86.9,12.29,Moderate,28.3,83.3,Low,12.70470890952464,Low,11.750999359946046,80,64.84,Recommended
4639,Tata,Punch,2020,9.25,Diesel,Automatic,1290,18.2,4,4,Yes,Yes,Yes,Calm,Medium,0.18,85.0,12.16,Good,29.7,88.5,Low,0.0,Low,19.407892327695432,81,75.18,Highly Recommended
4640,Volkswagen,Taigun,2023,12.91,Petrol,Automatic,2198,23.5,4,4,Yes,Yes,No,Calm,Low,0.04,80.2,11.84,Good,36.3,80.1,Low,23.648025106081512,Low,5.725537384353635,82,70.425,Recommended
4641,Hyundai,Creta,2019,5.14,Petrol,Manual,1597,25.6,4,6,Yes,Yes,Yes,Normal,Low,0.02,89.0,12.48,Good,28.1,56.1,Low,21.81442687055769,Low,13.812767527292728,84,72.64,Recommended
4642,Kia,Carens,2024,11.46,CNG,Manual,1997,31.2,3,6,Yes,No,Yes,Calm,Low,0.05,92.3,13.5,Good,33.8,50.2,Low,22.849244017297682,Low,8.837446208643438,62,67.58,Recommended
4643,Hyundai,Exter,2021,11.26,Diesel,Manual,998,21.2,5,2,Yes,Yes,Yes,Risky,Low,0.14,88.1,11.79,Good,32.8,74.9,Low,24.481797078958976,Medium,36.243470672114874,76,68.38,Recommended
4644,Tata,Curvv,2023,5.8,Petrol,Manual,1290,18.7,4,2,Yes,Yes,Yes,Normal,Low,0.13,93.6,12.49,Good,35.5,95.0,Low,3.857255518070162,Low,8.86862267756823,80,69.805,Recommended
4645,Volkswagen,Taigun,2020,10.63,CNG,Manual,1597,25.0,4,2,Yes,Yes,No,Calm,Medium,0.09,93.0,12.55,Good,30.4,69.5,Low,8.490083201379267,Low,6.089728433032441,81,69.2,Recommended
4646,Honda,City,2026,8.98,Petrol,Manual,1498,18.2,2,6,Yes,No,No,Aggressive,Medium,0.31,80.2,12.69,Moderate,35.2,65.3,Low,7.538908980381381,Medium,40.455722981036594,40,45.730000000000004,Consider
4647,Honda,Elevate,2026,12.42,Diesel,Automatic,1497,25.4,4,4,Yes,Yes,Yes,Calm,Medium,0.29,85.0,11.53,Moderate,30.4,90.6,Low,15.659478678812938,Low,27.08757719127706,70,71.31,Recommended
4648,Renault,Kwid,2019,4.5,Petrol,Manual,1290,26.6,3,4,Yes,No,Yes,Normal,Low,0.21,84.6,12.15,Good,32.5,60.8,Low,7.423771239813092,Low,11.187017167406248,60,61.99,Recommended
4649,Mahindra,Scorpio,2021,11.86,CNG,Automatic,1290,25.2,4,2,Yes,Yes,Yes,Calm,Low,0.12,88.3,12.23,Moderate,30.7,72.6,Low,7.283330272572218,Low,11.903839948254989,73,76.63,Highly Recommended
4650,Tata,Harrier,2025,8.65,Diesel,Manual,1597,23.3,4,6,Yes,Yes,Yes,Normal,Low,0.05,94.9,12.14,Good,33.3,99.2,Low,6.2986642578521606,Low,1.6824441035018882,90,74.995,Recommended
4651,Toyota,Hyryder,2026,13.19,Petrol,Manual,1497,21.8,3,6,Yes,No,No,Normal,Medium,0.13,80.4,12.57,Good,30.5,91.1,Low,7.192495823069402,Low,27.36621953395208,58,54.370000000000005,Consider
4652,Maruti Suzuki,Swift,2021,9.45,Petrol,Manual,1997,21.5,4,6,Yes,Yes,Yes,Aggressive,Medium,0.23,96.1,12.0,Moderate,31.6,66.4,Medium,36.093317152491586,Medium,38.24254439710438,67,64.375,Recommended
4653,Skoda,Kushaq,2025,13.03,Diesel,Automatic,998,19.8,5,6,Yes,Yes,Yes,Normal,Medium,0.01,83.4,12.67,Good,31.9,52.8,Low,16.459010020873084,Low,19.33760526253,91,79.92,Highly Recommended
4654,Kia,Carens,2021,10.81,Diesel,Manual,1290,18.3,5,6,Yes,Yes,No,Normal,Low,0.07,85.3,13.45,Moderate,32.1,82.4,Low,4.285635050931859,Low,17.44082760353682,87,66.895,Recommended
4655,Honda,City,2022,6.61,Petrol,Automatic,1290,18.7,5,2,Yes,No,Yes,Normal,Medium,0.17,93.1,12.93,Good,30.4,88.4,Low,0.0,Low,21.000674367433536,70,70.305,Recommended
4656,Honda,Elevate,2023,6.5,Petrol,Manual,1290,27.2,5,4,Yes,Yes,Yes,Normal,Medium,0.27,78.5,12.81,Moderate,31.1,76.4,Low,11.057568009473723,Low,28.04353578915104,79,70.63,Recommended
4657,Maruti Suzuki,Dzire,2026,8.69,Diesel,Manual,2198,21.4,5,6,Yes,Yes,Yes,Calm,Medium,0.34,80.7,12.75,Good,33.1,77.3,Low,4.672060689932018,Low,23.53159059181053,91,75.16,Highly Recommended
4658,Renault,Kiger,2020,8.22,Petrol,Manual,1997,17.2,5,4,Yes,No,Yes,Normal,Low,0.18,90.4,12.45,Good,31.4,73.8,Low,8.514022605944625,Low,15.745159592988763,74,66.88,Recommended
4659,Renault,Triber,2022,11.89,Petrol,Manual,2198,18.7,3,2,Yes,No,Yes,Normal,Low,0.09,85.9,12.69,Good,29.6,100.0,Low,0.0,Low,12.547806483897913,57,59.455,Consider
4660,Maruti Suzuki,Dzire,2019,5.86,Petrol,Automatic,2198,15.0,4,6,Yes,Yes,Yes,Calm,Low,0.15,85.0,11.91,Good,34.1,76.5,Low,25.106664937563202,Low,7.942216259362105,85,76.5,Highly Recommended
4661,Toyota,Innova,2021,15.93,Electric,Manual,0,597.9,4,4,Yes,Yes,Yes,Normal,Low,0.18,94.9,12.47,Good,32.5,57.2,Low,15.297236085781446,Low,11.267687534833119,82,86.9,Highly Recommended
4662,Honda,Amaze,2020,6.35,Petrol,Automatic,1997,24.6,3,6,Yes,No,Yes,Aggressive,High,0.29,87.7,12.79,Good,28.6,72.2,Low,11.386801411815728,Medium,47.97649214858485,51,62.64,Recommended
4663,Skoda,Slavia,2025,11.68,Petrol,Manual,1290,24.9,4,4,Yes,Yes,Yes,Aggressive,High,0.32,85.9,12.13,Moderate,33.1,97.7,Low,0.0,High,56.603555512709264,62,62.635000000000005,Recommended
4664,Hyundai,Venue,2023,19.43,Electric,Automatic,0,372.3,3,6,Yes,No,Yes,Aggressive,Medium,0.1,94.2,12.3,Good,32.5,100.0,Low,5.711014656892994,Medium,33.23725956839051,57,79.61125,Highly Recommended
4665,Skoda,Kushaq,2022,6.08,Petrol,Manual,2198,19.8,5,6,Yes,Yes,Yes,Normal,Low,0.15,83.7,12.05,Moderate,30.7,100.0,Low,9.661509066960148,Low,21.480097542177692,85,72.22,Recommended
4666,Hyundai,Exter,2022,5.29,Petrol,Manual,1199,21.5,4,6,Yes,Yes,Yes,Aggressive,Low,0.1,97.2,12.76,Good,29.5,84.4,Low,0.0,Low,20.14050226606972,85,72.475,Recommended
4667,Toyota,Urban Cruiser,2021,14.28,Electric,Manual,0,347.7,5,2,Yes,Yes,Yes,Calm,High,0.37,100.6,12.87,Moderate,33.1,78.9,Low,0.0,Medium,40.49039673695723,72,80.43875,Highly Recommended
4668,Honda,Elevate,2022,13.66,CNG,Automatic,1199,26.8,5,4,Yes,Yes,No,Normal,Low,0.02,82.0,12.27,Good,32.3,87.7,Low,15.99157063587316,Low,7.432424989527849,91,78.97,Highly Recommended
4669,Skoda,Kushaq,2020,8.22,Diesel,Manual,1497,19.1,3,6,Yes,No,Yes,Calm,High,0.42,75.5,12.59,Good,32.0,83.1,Low,6.999528744459442,Low,28.263980396392807,58,59.965,Consider
4670,Maruti Suzuki,Dzire,2025,5.08,Petrol,Manual,2198,20.7,3,4,Yes,No,No,Aggressive,Low,0.12,96.7,11.89,Good,29.8,87.6,Low,31.205880292864574,Low,19.293728281552212,54,52.405,Consider
4671,Toyota,Innova,2021,8.16,Petrol,Manual,2198,25.2,5,2,Yes,Yes,Yes,Calm,Medium,0.16,88.7,12.81,Moderate,35.9,91.8,Low,1.1843221453240602,Low,28.09914875525559,76,68.98,Recommended
4672,Toyota,Innova,2026,11.6,Petrol,Manual,1199,20.5,4,6,Yes,Yes,Yes,Normal,Low,0.15,68.1,12.72,Good,33.8,88.4,Low,0.0,Low,8.922753389653568,89,74.125,Recommended
4673,Skoda,Slavia,2019,11.92,Petrol,Manual,1497,19.7,4,2,Yes,Yes,No,Normal,Low,0.26,98.0,12.77,Good,32.6,71.6,Low,19.162093076322638,Low,16.056526647097343,76,62.155,Recommended
4674,Hyundai,Exter,2026,8.53,Petrol,Manual,998,18.2,5,6,Yes,Yes,Yes,Normal,Low,0.08,89.8,12.28,Good,25.8,91.2,Low,0.0,Low,8.602544993439846,97,77.38,Highly Recommended
4675,Renault,Triber,2021,9.84,Petrol,Automatic,1197,10.0,2,6,Yes,No,No,Normal,Low,0.1,65.3,11.89,Good,29.3,74.7,Medium,37.111593974229706,Low,15.127167001215607,50,54.0,Consider
4676,Tata,Curvv,2026,11.82,CNG,Automatic,1199,26.4,3,6,Yes,No,Yes,Aggressive,High,0.28,80.4,11.2,Moderate,33.2,93.8,Low,18.198504635094636,Medium,52.91897546231454,42,62.86,Recommended
4677,Hyundai,Verna,2022,7.41,Petrol,Manual,1498,21.0,4,6,Yes,Yes,No,Normal,Medium,0.34,97.4,12.91,Good,34.2,86.8,Low,16.27862906758417,Low,25.96652165952182,80,64.15,Recommended
4678,Volkswagen,Virtus,2023,15.42,Petrol,Automatic,1997,16.1,3,2,Yes,No,Yes,Normal,Low,0.12,79.5,12.85,Good,32.2,77.2,Low,10.799521189965104,Low,9.619283828565822,56,63.614999999999995,Recommended
4679,Renault,Kwid,2026,7.25,Petrol,Automatic,1997,17.2,3,6,Yes,No,No,Aggressive,Low,0.11,84.2,12.83,Good,34.8,95.2,Low,0.0,Low,17.908490136358477,63,60.93,Recommended
4680,Renault,Kwid,2022,13.28,Petrol,Manual,1290,23.0,3,2,Yes,No,Yes,Calm,Low,0.12,84.0,12.46,Moderate,31.4,100.0,Low,0.0,Low,13.795507685704967,50,56.95,Consider
4681,Toyota,Urban Cruiser,2023,12.8,CNG,Manual,1290,22.4,4,6,Yes,Yes,Yes,Normal,Medium,0.18,91.0,12.05,Good,34.2,86.3,Low,29.460872796307704,Low,23.631730587575067,79,73.91,Recommended
4682,Tata,Curvv,2019,10.87,Diesel,Manual,1498,23.7,5,6,Yes,Yes,Yes,Normal,Low,0.18,77.4,12.33,Good,30.5,78.6,Low,8.621089556688737,Low,14.242129133909936,94,76.855,Highly Recommended
4683,Mahindra,XUV700,2022,8.63,Diesel,Manual,1197,17.9,5,4,Yes,Yes,Yes,Aggressive,Low,0.0,81.0,13.08,Good,30.0,82.2,Low,9.082037475263597,Low,16.147434351813207,89,73.73500000000001,Recommended
4684,Kia,Carens,2024,9.74,Petrol,Automatic,1498,12.2,4,6,Yes,Yes,Yes,Aggressive,High,0.28,83.6,12.9,Moderate,32.3,58.7,Low,7.653185397150367,Medium,54.831707995031,66,67.53,Recommended
4685,Hyundai,Verna,2021,13.04,Electric,Automatic,0,322.3,4,7,Yes,Yes,No,Normal,Low,0.09,80.5,12.76,Moderate,30.2,52.4,Low,21.06120424128011,Low,13.915733495342248,80,82.08625,Highly Recommended
4686,Renault,Kwid,2023,8.46,Petrol,Manual,1497,21.2,4,6,Yes,Yes,Yes,Normal,Medium,0.07,85.4,12.51,Good,33.7,86.2,Low,6.746333644220132,Low,23.30569884555469,83,71.53,Recommended
4687,Mahindra,Scorpio,2019,12.39,CNG,Manual,1290,31.1,3,6,Yes,No,Yes,Normal,Medium,0.19,77.2,12.76,Poor,26.2,91.6,Low,16.378551489251844,Medium,30.84402246255247,41,58.114999999999995,Consider
4688,Honda,Amaze,2022,11.6,Petrol,Manual,1498,15.8,4,6,Yes,No,Yes,Normal,Low,0.13,89.7,12.45,Moderate,33.0,89.4,Low,2.886084305825495,Low,8.001731037703602,68,63.97,Recommended
4689,Tata,Harrier,2024,9.9,Electric,Manual,0,322.8,4,6,Yes,Yes,Yes,Normal,Medium,0.24,77.3,12.45,Good,32.9,72.4,Low,17.309520172330785,Low,21.25204110101228,82,84.005,Highly Recommended
4690,Mahindra,Scorpio,2020,14.65,Petrol,Manual,1997,12.5,5,4,Yes,Yes,No,Normal,Medium,0.29,76.5,12.36,Good,30.4,53.9,Low,22.819297392584296,Low,24.21948621464186,84,64.67500000000001,Recommended
4691,Kia,Sonet,2022,9.43,Petrol,Manual,1199,17.4,5,4,Yes,No,No,Normal,Low,0.12,88.4,12.5,Moderate,32.5,74.8,Low,3.532372219189752,Low,15.780469688753646,69,58.660000000000004,Consider
4692,Volkswagen,Virtus,2026,12.48,CNG,Automatic,998,32.0,4,6,Yes,Yes,No,Normal,Medium,0.19,89.3,12.42,Good,30.9,99.4,Low,4.343573984751379,Low,16.9390590485947,85,77.05,Highly Recommended
4693,Kia,Carens,2023,9.95,CNG,Automatic,2198,28.2,4,7,Yes,Yes,Yes,Aggressive,Low,0.06,84.6,13.25,Moderate,36.1,80.3,Low,6.810318358842898,Low,29.19794323028596,77,78.88,Highly Recommended
4694,Renault,Kwid,2020,5.39,CNG,Manual,998,23.3,5,4,Yes,Yes,No,Aggressive,Low,0.22,81.9,12.71,Good,30.0,98.1,Low,3.4309326972008694,Low,21.433723791877615,88,72.095,Recommended
4695,Maruti Suzuki,Baleno,2026,6.87,Petrol,Automatic,1497,20.2,3,6,Yes,No,Yes,Normal,Low,0.18,80.7,13.18,Good,33.7,67.7,Low,14.722517746631198,Low,15.165040282150597,61,66.48,Recommended
4696,Maruti Suzuki,Swift,2025,10.78,Petrol,Automatic,998,14.8,4,6,Yes,Yes,Yes,Normal,Low,0.08,79.0,12.13,Good,28.7,92.8,Low,0.0,Low,12.95762400519143,87,77.37,Highly Recommended
4697,Renault,Kwid,2024,12.94,Electric,Automatic,0,328.7,4,2,Yes,Yes,Yes,Normal,Low,0.11,76.8,12.63,Good,28.8,60.5,Low,5.099885537345212,Low,19.97048326318996,76,86.52625,Highly Recommended
4698,Honda,Elevate,2024,19.37,Petrol,Manual,1597,17.1,4,6,Yes,Yes,Yes,Normal,Medium,0.1,98.0,12.3,Poor,31.2,79.0,Low,25.090773196742347,Medium,37.81635986829086,60,60.565,Recommended
4699,Toyota,Glanza,2022,8.0,Diesel,Manual,998,25.3,5,6,Yes,Yes,No,Normal,High,0.35,101.1,12.47,Good,32.5,84.8,Low,6.995684802020563,Medium,42.804003201986085,84,66.595,Recommended
4700,Honda,Amaze,2024,10.79,Petrol,Manual,1290,26.0,3,6,Yes,No,Yes,Normal,High,0.34,86.7,12.62,Good,32.5,81.2,Low,4.736578708758692,Medium,39.25560737174921,55,59.65,Consider
4701,Renault,Triber,2025,11.58,Petrol,Manual,1497,21.8,3,7,Yes,No,Yes,Calm,Low,0.04,79.3,12.17,Good,30.8,91.1,Low,9.193561009352186,Low,3.387628202140221,68,64.87,Recommended
4702,Volkswagen,Taigun,2022,12.45,Diesel,Manual,998,22.2,3,6,Yes,No,Yes,Normal,Low,0.15,89.5,12.78,Good,31.8,100.0,Low,7.011821539085194,Low,14.842947339384423,63,62.68,Recommended
4703,Hyundai,i20,2020,5.65,CNG,Manual,1497,24.0,3,4,Yes,No,Yes,Calm,Low,0.1,85.2,12.44,Poor,27.9,72.4,Low,30.78106679066955,Low,19.516460135540164,39,56.15,Consider
4704,Volkswagen,Taigun,2024,10.2,Diesel,Manual,1497,21.7,4,6,Yes,Yes,Yes,Normal,Medium,0.2,86.5,12.11,Poor,31.3,91.8,Low,26.004510702595702,Medium,31.794657654023023,62,62.155,Recommended
4705,Skoda,Slavia,2022,18.31,Electric,Automatic,0,436.3,5,2,Yes,Yes,Yes,Calm,Medium,0.32,79.2,13.02,Moderate,34.7,65.1,Low,13.719480532577746,Medium,31.074423546493364,73,87.85,Highly Recommended
4706,Hyundai,Venue,2020,6.57,Petrol,Manual,1498,14.8,5,7,Yes,Yes,Yes,Aggressive,Medium,0.18,80.3,12.57,Good,32.6,97.1,Low,0.0,Medium,32.749823123607996,91,74.17,Recommended
4707,Kia,Sonet,2019,12.57,Petrol,Manual,1498,18.5,4,2,Yes,Yes,Yes,Aggressive,Low,0.14,88.7,12.4,Good,31.2,82.7,Low,1.0821713497005163,Low,26.799616946793993,74,67.075,Recommended
4708,Toyota,Innova,2026,20.57,Electric,Manual,0,343.6,3,6,Yes,No,Yes,Normal,Medium,0.15,87.1,12.56,Good,32.1,70.8,Low,12.206255424009944,Low,24.727763182791424,59,74.435,Recommended
4709,Hyundai,Exter,2019,8.46,Electric,Automatic,0,345.3,3,2,Yes,No,No,Normal,Low,0.08,75.7,12.01,Moderate,31.5,82.9,Low,24.834784527114806,Low,14.04974561528153,46,67.64875,Recommended
4710,Volkswagen,Taigun,2024,5.44,Diesel,Automatic,1997,23.1,5,4,Yes,Yes,Yes,Normal,Low,0.04,84.4,11.94,Good,29.8,49.1,Medium,38.47634880606666,Low,9.10568864760643,87,78.61500000000001,Highly Recommended
4711,Volkswagen,Virtus,2024,13.61,Petrol,Manual,1197,18.1,4,7,Yes,Yes,Yes,Calm,Medium,0.22,90.0,12.11,Good,29.7,65.3,Low,12.099050582797702,Low,25.849492621956824,83,71.065,Recommended
4712,Kia,Carens,2023,15.42,Diesel,Manual,1290,19.9,5,2,Yes,Yes,Yes,Normal,Low,0.09,87.8,12.74,Good,29.9,52.5,Low,15.3563206003821,Low,16.130456461682716,84,71.785,Recommended
4713,Toyota,Glanza,2026,14.81,Diesel,Manual,1290,20.7,4,2,Yes,Yes,Yes,Normal,Medium,0.27,95.2,11.96,Good,34.3,84.1,Medium,36.23967686790252,Low,28.556902092696426,69,65.155,Recommended
4714,Renault,Triber,2020,5.76,Petrol,Automatic,1497,20.2,5,4,Yes,Yes,Yes,Risky,Low,0.0,90.9,12.02,Good,35.1,62.1,Low,30.340072647581913,Medium,31.242077166151628,81,75.48,Highly Recommended
4715,Tata,Harrier,2023,8.24,Electric,Manual,0,436.3,3,4,Yes,No,Yes,Aggressive,Low,0.18,91.3,12.19,Good,36.2,67.7,Low,12.327778541207007,Low,26.685571724265003,54,74.3,Recommended
4716,Toyota,Innova,2019,11.36,Petrol,Manual,1199,20.0,2,2,Yes,No,Yes,Normal,Low,0.07,88.1,12.04,Moderate,37.2,61.3,Low,27.40639732122751,Low,19.752543593820242,36,50.2,Consider
4717,Mahindra,XUV700,2022,18.01,Petrol,Manual,1597,17.9,3,6,Yes,No,Yes,Normal,Medium,0.15,87.6,12.14,Good,29.3,87.0,Low,9.411556526257357,Low,24.59008216559781,59,60.235,Recommended
4718,Skoda,Kushaq,2023,9.93,Petrol,Manual,1497,17.1,5,4,Yes,Yes,No,Normal,Low,0.09,82.8,12.2,Poor,35.6,71.7,Low,26.831839182862332,Low,22.91609754643727,69,58.615,Consider
4719,Kia,Sonet,2023,7.64,Diesel,Manual,1197,26.0,5,2,Yes,Yes,Yes,Normal,Low,0.0,84.7,12.6,Good,33.7,66.6,Low,11.949756467228122,Low,8.873330386611574,87,74.05,Recommended
4720,Volkswagen,Virtus,2026,12.49,Petrol,Manual,2198,24.8,4,2,Yes,Yes,Yes,Aggressive,Medium,0.18,88.5,12.99,Good,28.7,55.8,Low,30.012194484361885,Medium,30.328495384181704,69,65.77000000000001,Recommended
4721,Hyundai,Exter,2021,9.42,Petrol,Manual,1597,18.2,3,6,Yes,No,No,Normal,Medium,0.19,89.9,13.04,Moderate,37.1,84.9,Low,0.0,Low,28.391963030543977,53,51.58,Consider
4722,Renault,Triber,2021,6.75,Petrol,Manual,2198,15.7,5,6,Yes,Yes,Yes,Calm,Low,0.11,80.2,13.0,Good,30.5,91.9,Low,3.800200373519896,Low,7.5927510945848296,97,77.005,Highly Recommended
4723,Mahindra,XUV 3XO,2019,14.7,Diesel,Manual,2198,14.2,4,2,Yes,No,Yes,Normal,Low,0.17,87.1,13.06,Good,31.5,86.0,Low,0.0,Low,4.8885982999980495,67,63.28,Recommended
4724,Honda,Amaze,2019,12.74,Diesel,Manual,1497,23.0,4,6,Yes,Yes,Yes,Calm,Low,0.16,83.8,12.15,Good,30.0,68.9,Low,7.218127901489504,Low,6.226215036322259,89,74.5,Recommended
4725,Skoda,Kushaq,2021,11.49,Electric,Manual,0,349.0,5,6,Yes,Yes,Yes,Normal,Medium,0.35,86.2,13.48,Moderate,29.4,100.0,Low,9.071084166039231,Low,27.253529211388702,83,85.4375,Highly Recommended
4726,Volkswagen,Virtus,2019,7.76,Petrol,Manual,2198,20.0,5,6,Yes,No,Yes,Aggressive,Medium,0.26,85.0,12.45,Good,32.6,81.7,Low,5.943454349638939,Medium,41.87360153311708,69,65.05,Recommended
4727,Renault,Kiger,2022,11.4,Electric,Automatic,0,248.8,5,2,Yes,Yes,Yes,Normal,Medium,0.18,85.2,12.24,Good,26.9,87.9,Low,11.401091512064045,Low,15.23845127039177,85,87.58,Highly Recommended
4728,Skoda,Slavia,2026,13.54,Petrol,Manual,1199,22.0,5,2,Yes,Yes,Yes,Calm,Medium,0.3,85.9,13.28,Good,35.2,87.0,Low,3.729550909856748,Low,17.070925740054943,85,72.55,Recommended
4729,Maruti Suzuki,Dzire,2021,7.29,CNG,Manual,1497,25.5,4,6,Yes,Yes,Yes,Normal,Medium,0.12,89.0,12.62,Good,34.0,73.4,Low,7.79441571515625,Low,28.490067201162333,81,75.275,Highly Recommended
4730,Skoda,Kushaq,2022,7.25,Diesel,Manual,2198,23.9,4,2,Yes,Yes,Yes,Normal,Medium,0.21,79.1,13.64,Poor,30.9,83.5,Low,26.98527869634074,Medium,37.66732982459021,52,57.985,Consider
4731,Maruti Suzuki,Brezza,2021,4.5,CNG,Manual,2198,22.6,3,6,Yes,No,Yes,Aggressive,Low,0.28,94.5,12.61,Good,31.6,81.8,Low,12.211485862704214,Low,28.767658855774584,57,64.04,Recommended
4732,Honda,Elevate,2019,11.38,CNG,Manual,2198,27.2,3,6,Yes,No,No,Normal,High,0.45,92.7,12.91,Good,31.0,63.4,Low,19.081943097423576,Medium,46.92263818191435,50,55.58,Consider
4733,Skoda,Slavia,2019,13.32,Electric,Manual,0,355.3,3,6,Yes,No,No,Aggressive,Medium,0.21,94.8,12.5,Moderate,32.2,74.2,Low,11.421520004240525,Medium,38.85905557344141,48,63.92375,Recommended
4734,Maruti Suzuki,Brezza,2025,7.74,CNG,Automatic,1498,22.1,4,6,Yes,Yes,Yes,Normal,Medium,0.13,88.1,13.44,Good,35.7,88.4,Low,0.0,Medium,31.20818554131268,81,79.765,Highly Recommended
4735,Maruti Suzuki,Dzire,2026,10.81,Petrol,Automatic,998,12.5,4,4,Yes,Yes,Yes,Normal,Low,0.17,87.1,12.58,Moderate,32.4,57.7,Low,19.07704410818031,Low,22.54278688107335,71,69.825,Recommended
4736,Toyota,Hyryder,2022,16.2,Petrol,Manual,1997,19.6,4,4,Yes,Yes,No,Calm,Low,0.0,88.9,12.87,Good,29.5,69.0,Low,12.917945665111882,Low,9.62939266090926,83,65.28999999999999,Recommended
4737,Toyota,Hyryder,2026,15.06,Petrol,Manual,1498,15.2,3,2,Yes,No,Yes,Risky,Low,0.05,86.6,12.59,Good,30.5,72.0,Low,10.84078186385166,Medium,33.28547409323795,48,54.88,Consider
4738,Toyota,Urban Cruiser,2026,16.09,CNG,Manual,2198,29.7,4,6,Yes,Yes,Yes,Normal,Low,0.07,91.2,11.99,Moderate,33.6,73.3,Low,28.828763792250676,Low,16.20256902781675,76,73.655,Recommended
4739,Kia,Sonet,2026,13.08,Diesel,Manual,1197,17.5,5,6,Yes,No,Yes,Calm,Low,0.17,92.9,12.33,Moderate,38.0,61.6,Low,12.066922086598417,Low,13.074413200828573,73,66.475,Recommended
4740,Renault,Triber,2022,9.81,CNG,Automatic,1290,27.3,4,6,Yes,Yes,No,Aggressive,Low,0.05,88.3,12.98,Moderate,31.5,74.4,Low,17.754132348135194,Low,23.527576307091405,75,71.845,Recommended
4741,Volkswagen,Virtus,2021,14.49,CNG,Manual,1997,22.8,3,2,Yes,No,Yes,Aggressive,Low,0.0,87.7,12.74,Poor,33.2,70.7,Low,28.727126206355315,Medium,35.97140779265336,29,51.47,Consider
4742,Volkswagen,Taigun,2019,8.58,CNG,Automatic,998,20.5,4,4,Yes,No,Yes,Risky,Low,0.04,84.1,12.47,Good,32.3,59.4,Low,23.0075172851504,Medium,31.342449554447793,59,69.625,Recommended
4743,Volkswagen,Taigun,2019,5.21,CNG,Manual,1597,29.9,5,6,Yes,Yes,Yes,Calm,High,0.37,97.8,11.99,Good,27.7,100.0,Low,21.40854595538243,Medium,37.13038912641401,84,77.285,Highly Recommended
4744,Skoda,Kushaq,2020,12.54,Petrol,Automatic,998,23.5,4,6,Yes,No,Yes,Aggressive,Low,0.27,87.6,12.54,Good,28.2,100.0,Low,0.0,Low,22.556969038514236,69,70.575,Recommended
4745,Maruti Suzuki,Swift,2024,11.64,CNG,Automatic,2198,24.9,3,6,Yes,No,No,Aggressive,Low,0.2,78.2,12.98,Good,30.9,100.0,Low,4.218480039402984,Low,18.3648528938798,62,65.635,Recommended
4746,Volkswagen,Virtus,2024,12.1,CNG,Manual,1498,27.5,5,4,Yes,No,Yes,Normal,Medium,0.14,93.2,12.56,Good,28.7,72.5,Low,8.401383879479354,Low,20.915346002456495,72,71.525,Recommended
4747,Hyundai,Exter,2019,8.39,Petrol,Manual,1290,15.7,4,4,Yes,Yes,Yes,Normal,Low,0.04,96.6,12.13,Good,30.4,57.8,Low,9.3628819944434,Low,15.067115034229957,81,69.805,Recommended
4748,Renault,Kiger,2020,4.5,Petrol,Manual,998,18.1,5,2,Yes,Yes,Yes,Aggressive,Medium,0.17,85.8,12.57,Good,32.4,100.0,Low,0.0,Medium,37.61854074014212,79,69.26500000000001,Recommended
4749,Skoda,Slavia,2021,10.71,Electric,Manual,0,336.0,4,7,Yes,Yes,Yes,Normal,Medium,0.27,80.1,12.63,Poor,31.6,77.3,Low,15.500064827610096,Medium,32.23521776848885,65,76.85,Highly Recommended
4750,Maruti Suzuki,Dzire,2019,6.82,CNG,Manual,1497,28.1,5,6,Yes,Yes,Yes,Normal,Medium,0.11,73.2,11.57,Good,30.7,73.9,Low,29.9305713660954,Low,26.88091561331814,86,77.915,Highly Recommended
4751,Maruti Suzuki,Dzire,2019,8.15,Diesel,Automatic,1597,18.0,4,2,Yes,Yes,Yes,Calm,Low,0.03,90.7,12.71,Moderate,33.8,100.0,Low,0.0,Low,13.160104431806538,73,71.55000000000001,Recommended
4752,Toyota,Glanza,2022,10.67,Petrol,Manual,1199,23.5,3,6,Yes,No,Yes,Normal,Low,0.14,79.7,12.3,Good,32.5,71.7,Low,15.759374897531538,Low,12.538621843132459,62,62.425,Recommended
4753,Tata,Nexon,2021,8.52,Petrol,Automatic,2198,21.5,5,7,Yes,Yes,Yes,Aggressive,Low,0.06,97.5,12.41,Good,29.8,100.0,Low,4.965822293341929,Low,24.027417704112647,93,81.075,Highly Recommended
4754,Skoda,Slavia,2020,9.31,Petrol,Manual,1597,18.9,4,4,Yes,Yes,Yes,Aggressive,Medium,0.25,91.1,12.61,Good,29.5,75.1,Low,10.344926872986953,Medium,39.155839276220476,73,66.685,Recommended
4755,Toyota,Glanza,2023,9.68,Petrol,Automatic,1498,14.1,5,6,Yes,Yes,Yes,Normal,Medium,0.08,88.7,11.92,Good,36.7,67.8,Low,23.276312429407763,Low,18.661516263951217,90,78.61500000000001,Highly Recommended
4756,Honda,City,2024,14.53,Petrol,Manual,1199,14.3,4,6,Yes,Yes,No,Aggressive,Medium,0.25,86.4,12.42,Poor,30.1,80.4,Low,24.780407244245723,Medium,49.53644566216017,56,52.345,Consider
4757,Kia,Carens,2019,7.68,CNG,Manual,1290,25.7,4,2,Yes,Yes,Yes,Normal,Low,0.12,89.8,12.29,Good,31.8,95.9,Low,0.0,Low,10.447446504154922,80,74.85499999999999,Recommended
4758,Volkswagen,Virtus,2026,8.6,Petrol,Manual,2198,19.9,4,6,Yes,Yes,Yes,Risky,Medium,0.25,98.3,12.39,Moderate,30.9,100.0,Low,1.5846592555745653,Medium,47.32879296923859,69,65.035,Recommended
4759,Maruti Suzuki,Dzire,2024,5.38,Petrol,Automatic,1290,10.6,4,7,Yes,No,Yes,Calm,Low,0.21,88.9,12.57,Good,31.7,78.2,Low,0.0,Low,9.168750015403573,76,71.79,Recommended
4760,Honda,Amaze,2020,8.1,Diesel,Manual,1199,20.7,4,6,Yes,Yes,Yes,Normal,Low,0.05,93.6,12.82,Good,31.3,57.9,Low,10.171430331799188,Low,12.650225444861254,86,72.805,Recommended
4761,Kia,Sonet,2019,11.27,Diesel,Manual,1197,24.6,3,2,Yes,No,Yes,Normal,High,0.37,101.1,12.14,Moderate,32.3,78.7,Low,17.593632988377518,Medium,45.92670524995372,36,50.89,Consider
4762,Mahindra,XUV 3XO,2025,10.99,Petrol,Manual,2198,20.8,4,4,Yes,Yes,Yes,Aggressive,Low,0.09,86.1,11.81,Good,36.8,100.0,Low,18.213435087570428,Low,20.64125723970014,78,69.22,Recommended
4763,Renault,Kiger,2025,10.95,CNG,Manual,1199,28.4,4,4,Yes,Yes,Yes,Calm,Medium,0.26,90.6,11.82,Moderate,28.8,62.9,Medium,38.916798482099935,Low,23.654922057378855,68,69.86,Recommended
4764,Volkswagen,Taigun,2023,10.43,CNG,Automatic,1497,27.7,5,6,Yes,Yes,No,Calm,Medium,0.26,95.5,11.99,Poor,31.2,79.5,High,62.133900155334906,Medium,31.992202061494435,64,66.955,Recommended
4765,Maruti Suzuki,Dzire,2021,8.88,Petrol,Manual,1997,14.8,4,6,Yes,Yes,Yes,Normal,Medium,0.36,101.7,12.17,Good,35.1,75.7,Low,10.953557279208628,Low,27.885669693025527,81,69.67,Recommended
4766,Hyundai,i20,2019,8.06,CNG,Automatic,1498,24.2,4,2,Yes,Yes,Yes,Calm,Low,0.12,73.7,12.73,Good,30.5,65.5,Low,12.490594179570815,Low,7.9653810919666945,79,79.18,Highly Recommended
4767,Toyota,Innova,2024,9.32,CNG,Manual,1290,25.6,3,2,Yes,No,Yes,Normal,Medium,0.25,83.2,12.87,Good,33.6,71.1,Low,7.71701150876368,Low,23.26037829724494,52,62.24,Recommended
4768,Mahindra,XUV700,2024,14.65,Electric,Automatic,0,448.8,3,2,Yes,No,Yes,Normal,Medium,0.12,91.5,12.6,Good,36.3,88.5,Low,7.501676041106057,Low,18.90095430147238,53,78.85,Highly Recommended
4769,Mahindra,XUV700,2021,15.87,CNG,Automatic,1997,20.7,3,4,Yes,No,Yes,Calm,Medium,0.11,87.3,11.73,Moderate,31.4,89.9,Low,22.98803915839438,Low,23.31498549677455,47,64.255,Recommended
4770,Kia,Carens,2019,11.3,Electric,Automatic,0,385.9,5,6,Yes,Yes,Yes,Normal,Low,0.08,85.2,12.42,Moderate,34.4,72.3,Low,1.695772946243892,Low,16.107831358833867,88,94.07124999999999,Highly Recommended
4771,Volkswagen,Taigun,2024,15.67,Petrol,Manual,1290,16.6,3,6,Yes,No,Yes,Calm,High,0.39,83.5,12.11,Good,30.4,71.2,Low,9.14630035189203,Medium,37.98859042369846,54,57.79,Consider
4772,Volkswagen,Virtus,2026,10.94,CNG,Manual,1997,28.2,3,6,Yes,No,Yes,Normal,Medium,0.15,81.9,12.3,Good,29.2,87.2,Low,4.853864163509201,Low,22.956683738359107,60,66.23,Recommended
4773,Volkswagen,Taigun,2021,15.44,CNG,Manual,1197,22.7,3,6,Yes,No,Yes,Normal,Low,0.01,86.0,12.22,Good,30.2,89.2,Low,5.702841437742048,Low,11.246553499730883,64,67.205,Recommended
4774,Volkswagen,Taigun,2021,12.15,Petrol,Manual,1997,21.6,5,6,Yes,Yes,Yes,Normal,Low,0.25,91.0,12.2,Good,32.9,100.0,Low,0.0,Low,11.94592993757353,96,77.44,Highly Recommended
4775,Honda,Elevate,2024,14.81,Petrol,Automatic,1997,23.0,4,6,Yes,Yes,Yes,Calm,Low,0.02,91.2,12.92,Moderate,31.5,69.5,Low,5.811903965094643,Low,11.646150384235826,81,75.9,Highly Recommended
4776,Hyundai,Creta,2020,13.21,Petrol,Manual,1997,21.4,4,6,Yes,Yes,No,Normal,Low,0.08,115.0,13.02,Good,33.0,62.6,Low,24.539799812972554,Low,11.940005600672848,84,66.01,Recommended
4777,Volkswagen,Taigun,2019,6.98,Petrol,Manual,1290,16.2,4,2,Yes,Yes,Yes,Normal,High,0.34,86.0,11.46,Good,30.5,75.7,Low,29.254829198624638,Medium,37.91222925879308,66,63.129999999999995,Recommended
4778,Mahindra,Thar,2022,15.0,Electric,Manual,0,379.7,4,6,Yes,No,No,Normal,Low,0.05,95.8,12.47,Good,33.2,77.7,Low,10.445155220544656,Low,9.897765761508209,72,75.63875,Highly Recommended
4779,Volkswagen,Taigun,2026,15.59,Petrol,Automatic,1497,15.4,3,6,Yes,No,Yes,Normal,Medium,0.17,81.9,12.3,Good,33.4,84.8,Low,6.066148197791487,Medium,30.30185606593969,57,63.96,Recommended
4780,Kia,Carens,2019,7.06,Diesel,Automatic,1199,20.6,4,2,Yes,Yes,Yes,Calm,Low,0.06,91.9,12.56,Poor,31.0,62.1,Medium,40.389975536112196,Low,15.94535220895567,57,64.74000000000001,Recommended
4781,Honda,City,2021,13.37,Electric,Automatic,0,360.2,4,6,Yes,Yes,No,Normal,Low,0.17,90.7,11.73,Good,29.1,90.1,Low,27.287737543248458,Low,19.345904725427708,81,83.95750000000001,Highly Recommended
4782,Maruti Suzuki,Dzire,2021,11.81,Petrol,Manual,998,17.8,5,2,Yes,Yes,Yes,Calm,Medium,0.2,88.6,12.6,Good,34.8,85.1,Low,3.4272612920860106,Low,23.94332476099422,83,71.02000000000001,Recommended
4783,Honda,City,2020,8.5,CNG,Manual,1497,27.7,5,2,Yes,Yes,Yes,Normal,Medium,0.16,82.2,12.23,Moderate,29.9,100.0,Low,0.0,Medium,30.325194700142305,75,72.905,Recommended
4784,Skoda,Slavia,2019,12.13,Diesel,Manual,1290,17.0,5,6,Yes,Yes,Yes,Normal,Medium,0.11,79.8,11.92,Good,30.7,94.3,Low,20.694678229798985,Low,20.63613071748077,90,74.05,Recommended
4785,Maruti Suzuki,Swift,2021,7.5,Petrol,Manual,1597,19.8,4,4,Yes,Yes,Yes,Aggressive,Low,0.2,84.9,12.85,Good,29.4,67.5,Low,7.94343739673015,Low,27.327968989972913,77,68.62,Recommended
4786,Volkswagen,Virtus,2021,9.61,Petrol,Automatic,1597,17.7,4,6,Yes,Yes,Yes,Normal,Low,0.12,100.2,11.92,Good,28.0,79.5,Low,32.786468454112445,Low,18.007846992650464,81,75.105,Highly Recommended
4787,Kia,Sonet,2019,12.89,Petrol,Manual,1197,20.9,4,6,Yes,Yes,Yes,Aggressive,High,0.34,87.7,12.6,Good,30.1,64.6,Low,0.754064223708081,Medium,49.007640232466315,75,67.88499999999999,Recommended
4788,Mahindra,XUV700,2023,8.65,CNG,Manual,1497,23.1,4,6,Yes,Yes,Yes,Risky,Low,0.15,80.2,12.83,Moderate,33.5,76.5,Low,0.5428610768481574,Medium,37.97137530881167,73,71.315,Recommended
4789,Renault,Kiger,2025,9.99,Petrol,Automatic,1290,22.0,5,6,Yes,Yes,Yes,Calm,Medium,0.23,81.9,12.65,Moderate,29.2,86.6,Low,7.282401391572362,Low,21.895340491564394,85,77.55,Highly Recommended
4790,Kia,Seltos,2022,8.34,Diesel,Automatic,1997,24.8,5,6,Yes,Yes,Yes,Normal,Medium,0.18,94.9,12.45,Moderate,30.1,68.1,Low,6.319820443934851,Low,23.152010487431614,85,77.97,Highly Recommended
4791,Toyota,Glanza,2024,11.3,Diesel,Automatic,1290,21.3,5,7,Yes,Yes,No,Calm,Medium,0.26,84.2,12.67,Good,32.1,83.9,Low,8.523657331895084,Low,28.72045826197543,91,74.14500000000001,Recommended
4792,Maruti Suzuki,Swift,2019,12.83,CNG,Automatic,1197,30.5,3,6,Yes,No,No,Normal,Low,0.23,90.4,11.76,Poor,30.0,77.7,Medium,35.54393316961234,Low,25.859062199228624,40,56.575,Consider
4793,Mahindra,XUV 3XO,2026,14.73,Petrol,Automatic,998,24.5,4,6,Yes,Yes,Yes,Calm,Low,0.17,70.7,12.91,Moderate,32.1,80.6,Low,7.794785088052207,Low,13.36686599565879,80,75.675,Highly Recommended
4794,Renault,Kiger,2025,11.89,CNG,Manual,998,27.4,3,6,Yes,No,Yes,Normal,Medium,0.36,103.0,12.82,Moderate,30.8,67.7,Low,14.355664996350674,Medium,30.32684047452798,50,61.61,Recommended
4795,Maruti Suzuki,Swift,2025,5.97,Diesel,Automatic,1197,22.1,3,6,Yes,No,Yes,Normal,Low,0.19,76.4,12.25,Good,30.9,67.7,Low,2.599053650929241,Low,16.229432389749665,63,67.665,Recommended
4796,Hyundai,i20,2022,9.72,Petrol,Manual,1199,19.8,5,6,Yes,Yes,Yes,Normal,Medium,0.18,90.4,12.58,Good,33.0,96.5,Low,1.4662037357090403,Low,22.877193290147844,92,75.37,Highly Recommended
4797,Skoda,Kushaq,2022,18.95,Petrol,Manual,1497,15.9,4,6,Yes,Yes,Yes,Normal,Low,0.02,90.3,12.97,Good,34.0,74.6,Low,3.5828078903274205,Low,2.791429489626749,90,73.88499999999999,Recommended
4798,Hyundai,Venue,2026,11.54,Petrol,Automatic,998,20.9,5,6,Yes,Yes,Yes,Normal,Low,0.11,99.5,12.7,Moderate,35.5,76.2,Low,12.44248203215335,Low,15.198356784457754,87,78.285,Highly Recommended
4799,Kia,Carens,2021,11.85,Petrol,Automatic,1498,22.2,3,7,Yes,No,Yes,Normal,Low,0.07,80.8,12.45,Good,31.5,84.2,Low,13.185451148962038,Low,12.065005243553488,65,68.58,Recommended
4800,Mahindra,Thar,2020,19.04,CNG,Automatic,1498,27.7,4,4,Yes,Yes,Yes,Risky,Low,0.02,82.4,12.24,Good,33.0,99.0,Low,5.28516974543803,Medium,33.33885997931917,76,78.355,Highly Recommended
4801,Renault,Kwid,2020,4.5,Petrol,Automatic,998,14.6,3,6,Yes,No,Yes,Aggressive,Low,0.03,95.0,12.34,Moderate,35.8,70.3,Low,8.39921509674182,Low,24.720785585551965,53,62.040000000000006,Recommended
4802,Kia,Seltos,2021,5.82,CNG,Manual,2198,22.3,3,4,Yes,No,No,Normal,Medium,0.2,85.2,12.52,Moderate,36.8,100.0,Low,0.0,Medium,30.409581605482913,48,53.945,Consider
4803,Honda,Elevate,2025,9.15,Petrol,Automatic,1597,24.3,4,4,Yes,Yes,No,Normal,Low,0.02,74.8,12.18,Moderate,29.6,74.0,Low,12.748349082933048,Low,9.164613786106077,77,68.295,Recommended
4804,Tata,Curvv,2024,8.89,Diesel,Manual,1199,19.5,5,4,Yes,Yes,Yes,Normal,Medium,0.31,84.8,12.45,Good,32.4,62.6,Low,18.953895895517633,Low,26.501856753311657,84,71.725,Recommended
4805,Tata,Punch,2023,8.59,Petrol,Automatic,998,14.1,4,6,Yes,Yes,No,Aggressive,Low,0.12,98.4,12.95,Good,31.1,72.2,Low,12.299915428772215,Low,23.38899014613341,82,69.015,Recommended
4806,Toyota,Innova,2019,13.21,Diesel,Manual,1498,28.4,4,2,Yes,Yes,Yes,Normal,High,0.4,78.1,12.17,Poor,35.7,80.5,Low,27.294940907724012,Medium,51.74067938276732,47,56.410000000000004,Consider
4807,Toyota,Urban Cruiser,2019,15.5,Petrol,Manual,1498,23.9,4,7,Yes,Yes,No,Normal,Low,0.18,83.4,12.9,Good,34.5,76.9,Low,10.071774286511527,Low,14.030162089175915,88,68.185,Recommended
4808,Hyundai,Verna,2021,11.69,CNG,Automatic,1498,24.5,4,6,Yes,No,No,Normal,High,0.38,96.1,12.25,Poor,30.2,77.1,Low,24.021096199442397,High,57.03007054864587,38,54.775000000000006,Consider
4809,Skoda,Slavia,2025,13.02,Petrol,Manual,998,18.2,3,7,Yes,No,Yes,Aggressive,Medium,0.39,79.9,12.17,Good,29.4,75.1,Low,12.022986735775191,Medium,40.14397202725235,55,58.480000000000004,Consider
4810,Tata,Punch,2023,13.29,CNG,Manual,1997,18.5,4,6,Yes,No,Yes,Risky,Medium,0.36,83.9,12.37,Good,34.4,69.1,Low,10.542156690175636,Medium,48.62991975335197,58,63.875,Recommended
4811,Tata,Punch,2022,7.37,Petrol,Manual,1197,18.6,5,7,Yes,Yes,Yes,Normal,Low,0.27,91.4,12.12,Good,31.9,66.6,Low,12.439496135154997,Low,9.174313322950226,97,77.44,Highly Recommended
4812,Tata,Punch,2023,15.12,CNG,Automatic,998,25.9,3,6,Yes,No,Yes,Normal,Low,0.1,94.6,12.37,Good,32.5,93.8,Low,12.378627417425491,Low,8.38584044534256,64,72.685,Recommended
4813,Mahindra,XUV700,2019,11.65,Petrol,Manual,998,27.6,5,2,Yes,Yes,Yes,Aggressive,High,0.54,83.4,12.91,Good,29.8,86.4,Low,4.390309036381203,High,58.541660104070225,71,67.09,Recommended
4814,Volkswagen,Taigun,2024,8.6,Diesel,Automatic,1199,26.5,4,4,Yes,Yes,Yes,Normal,Low,0.2,89.3,12.82,Good,32.0,56.6,Low,20.792286720324423,Low,13.549141012569152,80,75.975,Highly Recommended
4815,Volkswagen,Taigun,2026,17.35,Diesel,Automatic,2198,24.9,4,6,Yes,Yes,Yes,Normal,Medium,0.33,78.2,12.67,Good,33.2,73.1,Low,16.998800654469036,Low,18.0972963951575,83,77.08500000000001,Highly Recommended
4816,Volkswagen,Virtus,2023,6.06,Petrol,Manual,998,14.1,4,6,Yes,Yes,No,Aggressive,Low,0.09,89.9,12.48,Good,35.8,68.0,Low,7.0139663890710775,Low,25.007569235719185,82,64.015,Recommended
4817,Hyundai,i20,2022,9.5,Petrol,Automatic,1197,17.3,4,7,Yes,Yes,No,Normal,Low,0.11,100.8,12.61,Good,34.4,87.5,Low,12.79872288353152,Low,5.647415664654608,90,73.095,Recommended
4818,Hyundai,Creta,2023,14.73,Petrol,Manual,1197,14.8,5,6,Yes,Yes,Yes,Calm,Medium,0.21,92.9,12.09,Good,31.2,77.3,Low,26.573360169921187,Low,10.728961094726817,92,74.62,Recommended
4819,Volkswagen,Virtus,2019,16.12,Petrol,Manual,1597,16.4,4,6,Yes,Yes,Yes,Normal,Low,0.05,86.7,12.48,Poor,30.6,83.9,Low,25.129242375353197,Low,20.92942182685514,66,63.16,Recommended
4820,Hyundai,i20,2022,9.4,CNG,Automatic,1498,32.3,4,6,Yes,Yes,Yes,Risky,High,0.42,89.3,12.07,Good,31.9,60.3,Low,32.96053936999156,High,69.23213329936236,63,73.195,Recommended
4821,Volkswagen,Taigun,2022,10.86,Petrol,Manual,1199,20.5,5,6,Yes,No,Yes,Calm,Medium,0.23,78.0,12.32,Good,33.3,82.1,Low,6.009591628721527,Low,19.4513919214414,77,68.725,Recommended
4822,Volkswagen,Virtus,2023,17.91,Petrol,Automatic,1498,17.4,4,6,Yes,Yes,No,Calm,Low,0.12,84.5,12.52,Moderate,30.4,100.0,Low,0.0,Low,25.86674104662469,77,67.25999999999999,Recommended
4823,Honda,Amaze,2021,8.97,Petrol,Manual,1497,22.4,4,2,Yes,Yes,Yes,Normal,Low,0.19,90.4,11.93,Good,31.7,75.4,Low,32.24578732927022,Low,17.91270360328211,73,67.21000000000001,Recommended
4824,Mahindra,XUV700,2025,13.81,CNG,Manual,1497,25.7,3,6,Yes,No,No,Normal,Medium,0.24,84.8,12.41,Moderate,32.8,55.0,Low,16.220854052753552,Medium,30.6168210288378,50,55.355000000000004,Consider
4825,Volkswagen,Taigun,2023,17.46,Electric,Manual,0,402.4,5,6,Yes,No,Yes,Normal,High,0.46,95.3,12.7,Good,31.4,80.9,Low,14.502087084420175,Medium,45.861835058893234,67,80.15,Highly Recommended
4826,Honda,Elevate,2020,12.23,Petrol,Automatic,1997,20.5,4,7,Yes,Yes,No,Risky,Medium,0.23,93.3,12.6,Good,31.7,66.9,Low,19.229108449414902,Medium,40.45909326974561,77,67.725,Recommended
4827,Tata,Nexon,2025,9.94,Petrol,Automatic,998,19.3,5,2,Yes,Yes,Yes,Normal,Low,0.13,92.5,12.25,Moderate,34.6,73.1,Low,10.035213395541062,Low,19.017998109307147,78,73.995,Recommended
4828,Renault,Kwid,2022,9.51,Petrol,Manual,1197,21.0,5,6,Yes,Yes,Yes,Normal,High,0.32,77.8,12.11,Poor,28.6,78.9,Low,33.3438554634413,Medium,50.575736505326695,62,62.05,Recommended
4829,Renault,Triber,2019,4.5,Petrol,Manual,1597,15.9,5,6,Yes,Yes,Yes,Aggressive,Low,0.06,87.3,12.72,Good,28.3,85.6,Low,7.939161094949438,Low,28.619786071810864,89,73.435,Recommended
4830,Maruti Suzuki,Fronx,2024,11.1,Electric,Manual,0,317.1,4,4,Yes,Yes,Yes,Aggressive,Low,0.07,85.2,12.29,Moderate,31.0,58.0,Low,14.788726665889806,Low,25.875209574356113,71,78.84125,Highly Recommended
4831,Renault,Kiger,2023,7.94,Diesel,Automatic,1199,19.4,3,4,Yes,No,Yes,Calm,Medium,0.24,83.7,13.5,Moderate,32.6,96.9,Low,0.0,Low,24.084535113517017,51,61.86,Recommended
4832,Kia,Carens,2019,8.83,Petrol,Automatic,1597,15.2,4,7,Yes,Yes,Yes,Calm,Low,0.17,95.3,11.87,Good,29.3,78.9,Low,34.32519577018394,Low,2.547135076102915,88,77.88,Highly Recommended
4833,Skoda,Slavia,2019,7.6,Petrol,Automatic,998,18.1,4,6,Yes,Yes,Yes,Normal,Medium,0.14,85.5,12.85,Good,31.3,96.3,Low,2.8826216323928646,Low,17.837447683833545,85,76.965,Highly Recommended
4834,Tata,Punch,2020,6.45,CNG,Automatic,2198,24.0,3,4,Yes,No,No,Aggressive,Medium,0.34,78.6,11.93,Poor,32.3,74.9,Medium,49.71157401009478,Medium,52.35564391237482,25,48.85,Consider
4835,Mahindra,Thar,2025,14.03,Petrol,Manual,2198,22.3,4,2,Yes,Yes,Yes,Normal,Low,0.01,85.2,13.17,Good,36.5,100.0,Low,0.0,Low,6.009014552043635,82,71.245,Recommended
4836,Toyota,Urban Cruiser,2025,16.39,Petrol,Manual,1199,14.4,5,6,Yes,Yes,No,Normal,Low,0.12,96.6,12.95,Good,32.3,56.3,Low,16.801968551909,Low,22.454352415512282,90,67.66,Recommended
4837,Kia,Carens,2024,15.49,Diesel,Manual,1498,22.5,5,2,Yes,No,No,Normal,Low,0.03,91.3,12.55,Good,32.8,80.1,Low,0.0,Low,7.741052519639066,74,61.675000000000004,Recommended
4838,Volkswagen,Taigun,2025,10.32,Petrol,Manual,1197,11.6,5,7,Yes,Yes,No,Normal,Low,0.0,82.9,12.63,Good,30.9,86.1,Low,0.0,Low,8.740282131035038,99,71.29,Recommended
4839,Hyundai,Creta,2019,8.2,Petrol,Automatic,1497,17.4,4,2,Yes,Yes,Yes,Risky,Low,0.03,94.6,12.2,Good,32.0,81.0,Low,7.14077589040263,Medium,33.71841702645007,71,70.56,Recommended
4840,Honda,Elevate,2019,7.27,Petrol,Manual,998,15.7,4,2,Yes,Yes,Yes,Aggressive,Medium,0.17,88.3,13.22,Good,27.7,60.3,Low,12.458303175873667,Medium,34.61895595725127,70,64.85499999999999,Recommended
4841,Maruti Suzuki,Swift,2019,9.3,Diesel,Manual,1197,25.7,3,6,Yes,No,Yes,Aggressive,Medium,0.18,82.3,12.21,Good,30.9,100.0,Low,0.0,Medium,32.58479125636744,58,60.955,Recommended
4842,Maruti Suzuki,Brezza,2020,5.29,Petrol,Manual,1197,17.3,4,2,Yes,Yes,No,Aggressive,Low,0.18,82.1,12.06,Good,28.5,62.6,Low,28.228435271089012,Low,25.11684688308778,71,59.545,Consider
4843,Honda,Amaze,2025,9.83,Petrol,Manual,1597,12.9,3,4,Yes,No,Yes,Normal,Low,0.11,88.0,12.22,Poor,29.9,88.8,Low,26.162314662166043,Low,26.115877183748793,37,49.585,Consider
4844,Tata,Harrier,2024,8.73,Diesel,Manual,1997,23.5,4,4,Yes,Yes,Yes,Normal,Low,0.11,85.6,12.74,Good,29.9,91.9,Low,3.586130717278383,Low,6.09396593594325,85,72.775,Recommended
4845,Toyota,Innova,2021,7.98,CNG,Manual,1498,21.8,4,6,Yes,Yes,Yes,Normal,Low,0.13,95.1,12.54,Good,32.8,75.3,Low,12.302899675197878,Low,0.24473493105694288,90,78.77000000000001,Highly Recommended
4846,Mahindra,XUV 3XO,2025,12.45,Petrol,Manual,1497,12.4,4,2,Yes,Yes,No,Aggressive,Low,0.08,80.3,12.93,Good,30.4,83.8,Low,0.0,Low,28.08378193228097,74,60.160000000000004,Recommended
4847,Tata,Nexon,2025,7.53,Diesel,Manual,1997,19.4,3,6,Yes,No,Yes,Normal,Low,0.09,94.6,12.61,Good,34.0,74.1,Low,5.9249312769360145,Low,7.625990332625423,65,63.16,Recommended
4848,Mahindra,XUV700,2022,16.44,Petrol,Manual,1497,13.2,4,6,Yes,Yes,Yes,Risky,Low,0.06,91.0,12.81,Good,30.8,88.4,Low,0.0,Low,24.781802703523958,83,70.33,Recommended
4849,Honda,Amaze,2025,8.99,CNG,Manual,1199,24.8,3,7,Yes,No,Yes,Normal,Low,0.0,85.9,12.27,Good,29.9,81.3,Low,8.067155852309746,Low,12.735736196269453,65,67.97,Recommended
4850,Volkswagen,Virtus,2021,10.25,Petrol,Manual,1498,16.8,4,2,Yes,Yes,No,Normal,Low,0.11,87.3,13.44,Moderate,31.9,70.1,Low,2.80599303821002,Low,17.770125568379097,71,59.47,Consider
4851,Tata,Punch,2020,4.5,Diesel,Automatic,1498,22.1,4,6,Yes,Yes,Yes,Normal,Low,0.01,95.6,12.18,Poor,31.4,81.5,Low,33.29206359077903,Low,22.439870987313824,64,68.11500000000001,Recommended
4852,Kia,Carens,2025,13.58,Electric,Manual,0,390.2,4,6,Yes,Yes,Yes,Normal,Low,0.07,82.6,12.35,Good,31.3,80.0,Low,0.0,Low,9.16308438594127,89,89.6825,Highly Recommended
4853,Mahindra,XUV700,2022,13.72,Diesel,Automatic,1290,23.6,3,4,Yes,No,Yes,Risky,Low,0.1,78.8,12.03,Good,30.8,77.2,Medium,41.82520724155387,Medium,30.19878599068563,48,61.14,Recommended
4854,Toyota,Innova,2024,13.55,Petrol,Automatic,1197,13.4,4,6,Yes,Yes,Yes,Aggressive,Medium,0.19,95.7,12.19,Good,33.1,87.2,Low,8.215102287210508,Low,29.272435422068412,81,74.46000000000001,Recommended
4855,Volkswagen,Virtus,2024,14.81,Petrol,Automatic,2198,16.3,3,4,Yes,No,Yes,Normal,Medium,0.24,87.8,13.21,Good,30.9,78.2,Low,6.410690050727885,Low,19.66634576005674,57,64.095,Recommended
4856,Tata,Curvv,2021,12.12,Diesel,Manual,2198,23.9,4,6,Yes,Yes,Yes,Normal,Low,0.11,95.3,12.04,Good,35.7,85.3,Low,25.8106650549132,Low,13.201362197233383,84,72.385,Recommended
4857,Honda,Amaze,2023,12.82,CNG,Automatic,1597,21.4,4,7,Yes,No,No,Calm,Medium,0.21,94.8,12.48,Good,35.6,80.9,Low,3.714570898152126,Low,18.34851237059676,72,69.61,Recommended
4858,Tata,Altroz,2024,9.42,Petrol,Manual,1597,20.6,3,4,Yes,No,Yes,Normal,Medium,0.3,85.2,13.3,Good,32.2,98.8,Low,13.487596614517823,Low,28.92252352734846,53,57.94,Consider
4859,Mahindra,XUV 3XO,2019,10.28,Petrol,Manual,998,19.9,5,6,Yes,Yes,Yes,Normal,Low,0.18,86.6,12.92,Moderate,35.9,82.0,Low,0.0,Low,20.866378990815107,87,73.13499999999999,Recommended
4860,Tata,Curvv,2019,13.78,Electric,Manual,0,386.7,4,4,Yes,Yes,Yes,Calm,Low,0.24,94.4,12.91,Good,37.0,65.9,Low,3.494777591788681,Low,14.44511275424911,82,86.40125,Highly Recommended
4861,Toyota,Innova,2026,17.88,Petrol,Manual,1197,20.4,4,2,Yes,Yes,Yes,Calm,Medium,0.27,99.6,12.14,Good,31.9,82.8,Low,10.055687900032114,Low,15.61958227880995,77,68.71000000000001,Recommended
4862,Tata,Altroz,2023,12.78,Petrol,Manual,1498,20.7,5,4,Yes,No,Yes,Aggressive,Low,0.1,90.4,11.24,Good,32.3,76.8,Medium,38.33906833588473,Low,23.04736444512343,67,64.255,Recommended
4863,Honda,City,2023,10.09,Petrol,Manual,1199,21.3,4,6,Yes,Yes,Yes,Normal,Low,0.12,94.2,11.99,Moderate,34.4,86.2,Low,14.459609543621816,Low,20.81471284365182,77,68.845,Recommended
4864,Volkswagen,Taigun,2026,18.92,Electric,Automatic,0,356.9,4,7,Yes,Yes,Yes,Normal,Low,0.16,92.2,13.53,Good,34.4,50.7,Low,15.56505563453412,Low,21.668891749848115,84,91.18375,Highly Recommended
4865,Hyundai,Exter,2020,10.46,CNG,Manual,1199,26.5,3,6,Yes,No,Yes,Normal,Low,0.07,83.0,12.35,Moderate,34.8,83.8,Low,0.7309199967772626,Low,10.39542713927533,59,65.525,Recommended
4866,Tata,Harrier,2025,10.71,CNG,Automatic,1290,25.2,5,6,Yes,Yes,Yes,Normal,Low,0.15,79.0,12.33,Good,28.5,69.1,Low,11.284147503497433,Low,11.31681655496817,94,86.08000000000001,Highly Recommended
4867,Maruti Suzuki,Dzire,2020,10.23,Petrol,Automatic,1997,21.0,5,6,Yes,Yes,Yes,Normal,High,0.41,87.1,11.27,Good,29.3,72.1,Low,25.33745941214574,Medium,43.400204379561565,81,75.6,Highly Recommended
4868,Renault,Kiger,2020,8.48,Electric,Manual,0,436.6,5,6,Yes,Yes,Yes,Calm,High,0.41,77.5,12.25,Good,32.5,54.7,Low,17.902700607595964,Medium,37.97859180447371,84,87.80000000000001,Highly Recommended
4869,Toyota,Glanza,2026,14.34,CNG,Manual,1997,25.2,4,6,Yes,Yes,No,Calm,High,0.49,99.6,12.87,Good,37.8,82.3,Low,16.289801303350167,Medium,43.88829719202494,74,66.08000000000001,Recommended
4870,Renault,Kwid,2021,10.05,CNG,Manual,998,23.0,4,4,Yes,Yes,No,Normal,Low,0.02,82.2,12.83,Good,31.5,74.5,Low,7.375754468087798,Low,6.037569236638248,85,70.7,Recommended
4871,Mahindra,Thar,2023,17.67,Petrol,Manual,1997,24.5,3,6,Yes,No,Yes,Calm,Medium,0.35,100.1,12.62,Moderate,27.4,84.0,Low,10.56672461848609,Low,27.932619471618267,52,58.075,Consider
4872,Tata,Curvv,2020,9.25,Petrol,Manual,2198,21.7,3,6,Yes,No,Yes,Normal,Medium,0.07,88.4,12.41,Good,29.2,63.8,Low,5.028518090903889,Low,16.39389152756101,63,62.605000000000004,Recommended
4873,Mahindra,Scorpio,2023,6.29,Petrol,Automatic,1597,19.8,3,6,Yes,No,Yes,Normal,Medium,0.06,95.3,12.63,Good,35.0,66.8,Low,19.157850599554614,Low,20.830860623974687,59,65.52,Recommended
4874,Hyundai,Venue,2023,4.5,Petrol,Automatic,1997,20.7,5,6,Yes,Yes,Yes,Normal,Low,0.16,84.2,13.03,Moderate,33.2,71.4,Low,15.472415772384132,Low,18.190225302437263,85,77.35499999999999,Highly Recommended
4875,Maruti Suzuki,Baleno,2024,8.33,Petrol,Manual,1497,16.9,4,6,Yes,Yes,No,Normal,Low,0.27,77.3,12.85,Moderate,30.8,70.6,Low,16.768755996392237,Low,19.924194166962547,77,62.184999999999995,Recommended
4876,Mahindra,XUV700,2026,13.22,Petrol,Manual,1199,13.4,4,7,Yes,No,Yes,Normal,Medium,0.28,75.4,13.21,Moderate,31.4,64.7,Low,10.17242097771505,Low,22.70597243965521,64,61.81,Recommended
4877,Renault,Kiger,2025,11.47,CNG,Automatic,1290,24.9,3,2,Yes,No,Yes,Normal,Low,0.0,82.7,13.0,Good,32.1,70.5,Low,10.187248170289859,Low,-3.896854687356319,61,71.185,Recommended
4878,Hyundai,Venue,2023,13.67,Electric,Manual,0,276.8,5,6,Yes,Yes,Yes,Normal,Low,0.08,94.0,12.43,Good,27.6,74.9,Low,7.977833201074026,Low,14.700917402602158,94,87.68,Highly Recommended
4879,Kia,Sonet,2019,11.6,Petrol,Manual,1197,20.5,4,6,Yes,Yes,Yes,Normal,Low,0.13,96.2,13.19,Good,31.8,88.1,Low,6.322425048225484,Low,15.384667867611622,86,72.775,Recommended
4880,Kia,Seltos,2026,18.09,Electric,Manual,0,389.2,3,4,Yes,No,Yes,Normal,High,0.33,88.8,12.29,Good,30.1,70.7,Low,2.979983070824418,Low,27.4199211699425,55,74.345,Recommended
4881,Hyundai,i20,2023,12.18,Petrol,Manual,1997,16.6,4,6,Yes,Yes,Yes,Normal,Low,0.1,80.0,12.98,Moderate,30.8,75.3,Low,11.380346081611444,Low,18.448183826471798,78,68.59,Recommended
4882,Toyota,Hyryder,2022,18.73,Petrol,Automatic,1290,14.4,2,4,Yes,No,Yes,Normal,High,0.45,83.9,12.44,Good,34.4,73.0,Low,13.605720810406055,Medium,47.03237100790679,38,55.260000000000005,Consider
4883,Mahindra,Thar,2019,18.41,Diesel,Automatic,1997,20.3,4,7,Yes,Yes,Yes,Calm,Medium,0.28,88.2,12.01,Good,30.6,82.3,Low,28.4378361402296,Low,11.787951935207332,86,77.745,Highly Recommended
4884,Tata,Altroz,2019,8.09,Petrol,Automatic,1498,20.9,4,2,Yes,No,Yes,Normal,Medium,0.31,86.6,12.11,Good,35.9,75.2,Low,11.932296967413873,Medium,31.108664721055177,56,64.33500000000001,Recommended
4885,Hyundai,Verna,2020,12.13,Electric,Manual,0,230.5,4,2,Yes,Yes,Yes,Normal,Low,0.25,82.2,12.3,Good,32.4,81.3,Low,8.59901571231332,Low,17.45121177191681,77,78.29374999999999,Highly Recommended
4886,Hyundai,Creta,2022,10.89,Electric,Automatic,0,414.7,3,7,Yes,No,Yes,Normal,Low,0.09,73.4,12.07,Moderate,33.2,78.1,Low,27.33293293138898,Low,15.88057167277818,55,79.75,Highly Recommended
4887,Honda,City,2019,16.79,Petrol,Automatic,1597,20.9,5,6,Yes,Yes,Yes,Normal,Medium,0.28,87.3,12.99,Good,33.3,93.5,Low,0.0,Low,28.09488332906254,90,79.63499999999999,Highly Recommended
4888,Mahindra,XUV700,2022,14.94,Petrol,Manual,2198,22.0,5,2,Yes,Yes,Yes,Normal,Medium,0.12,89.3,11.37,Good,30.4,53.2,Low,24.58492949471247,Low,22.627500317935237,80,70.3,Recommended
4889,Kia,Sonet,2020,10.33,Petrol,Automatic,1497,19.0,4,2,Yes,Yes,No,Normal,Low,0.14,90.3,12.08,Good,32.1,85.2,Low,26.69697653817944,Low,7.216381536851,77,67.5,Recommended
4890,Toyota,Innova,2020,10.33,Diesel,Automatic,1597,24.2,4,6,Yes,Yes,Yes,Aggressive,High,0.29,78.0,13.06,Good,38.0,99.3,Low,6.746784762755128,Medium,40.63090672937137,77,74.28,Recommended
4891,Skoda,Kushaq,2023,15.18,Electric,Manual,0,431.8,4,6,Yes,Yes,Yes,Normal,Low,0.19,91.8,12.67,Moderate,31.2,62.4,Low,12.5661129606,Low,20.584658804648413,77,84.65,Highly Recommended
4892,Skoda,Slavia,2024,12.64,Petrol,Automatic,998,19.6,4,7,Yes,Yes,Yes,Normal,Low,0.06,90.2,11.97,Moderate,36.9,57.3,Medium,38.16456237658186,Low,22.18538036186218,75,72.69,Recommended
4893,Volkswagen,Taigun,2025,16.54,Petrol,Automatic,2198,18.1,3,7,Yes,No,No,Risky,High,0.34,80.7,12.65,Good,33.8,89.0,Low,4.4185377824005805,High,60.586094694547754,49,54.765,Consider
4894,Maruti Suzuki,Dzire,2021,5.94,Diesel,Manual,2198,22.4,4,6,Yes,Yes,Yes,Normal,Medium,0.19,77.3,12.39,Good,33.7,68.7,Low,15.867667404282495,Low,27.8895009574388,80,70.36,Recommended
4895,Toyota,Innova,2021,16.29,Electric,Automatic,0,411.2,5,7,Yes,No,Yes,Normal,Low,0.0,94.1,12.98,Poor,30.8,68.9,Medium,35.50432207813409,Low,21.95955830441297,59,81.55,Highly Recommended
4896,Toyota,Hyryder,2024,13.83,Petrol,Automatic,1498,15.6,3,7,Yes,No,Yes,Calm,Low,0.17,78.3,12.1,Good,30.2,100.0,Low,0.0,Low,9.30600791923972,68,68.94,Recommended
4897,Renault,Kiger,2019,6.76,Petrol,Manual,1597,16.3,4,7,Yes,Yes,No,Normal,Medium,0.24,89.7,12.8,Moderate,27.3,75.3,Low,11.761444322975676,Low,23.512116570171425,78,62.545,Recommended
4898,Skoda,Slavia,2026,18.72,Petrol,Manual,1498,20.7,4,6,Yes,Yes,Yes,Normal,Low,0.0,83.2,12.8,Good,32.9,95.3,Low,7.232217841593858,Low,11.574040956522754,87,73.255,Recommended
4899,Tata,Nexon,2025,8.63,Petrol,Manual,1997,16.2,4,6,Yes,Yes,Yes,Normal,Medium,0.21,96.8,12.83,Good,31.8,88.0,Low,5.453179964078641,Low,24.117943628832908,83,70.78,Recommended
4900,Mahindra,Thar,2026,18.22,Petrol,Manual,1497,18.9,4,4,Yes,Yes,Yes,Normal,High,0.44,83.1,12.34,Moderate,31.7,92.7,Low,14.725716330955407,Medium,45.826941519320926,64,62.635000000000005,Recommended
4901,Toyota,Urban Cruiser,2025,13.62,CNG,Automatic,1597,21.0,3,2,Yes,No,Yes,Risky,Low,0.07,91.3,11.79,Moderate,25.8,74.1,Low,21.926434309834388,Medium,36.48933297600648,39,60.7,Recommended
4902,Renault,Kwid,2025,15.31,Diesel,Manual,1597,16.0,5,6,Yes,Yes,No,Normal,Low,0.13,84.0,12.93,Good,35.1,68.0,Low,9.891754942873604,Low,10.447573126900064,95,70.15,Recommended
4903,Renault,Kwid,2023,7.29,CNG,Manual,1597,34.0,5,6,Yes,Yes,No,Normal,Low,0.07,94.1,11.78,Moderate,31.5,69.7,Low,29.45020394727842,Low,18.734392927294273,83,71.45,Recommended
4904,Hyundai,Venue,2023,11.35,Petrol,Manual,1199,22.9,4,2,Yes,Yes,Yes,Risky,Low,0.18,72.7,12.11,Good,34.7,78.3,Low,13.280070087075568,Medium,32.656244034684235,71,66.38499999999999,Recommended
4905,Volkswagen,Taigun,2021,11.31,Petrol,Manual,1997,19.5,4,6,Yes,Yes,Yes,Normal,Low,0.26,79.0,12.92,Moderate,31.7,71.4,Low,12.77010660371926,Low,27.641941245582125,74,67.225,Recommended
4906,Toyota,Innova,2021,17.58,Petrol,Automatic,1997,15.4,5,2,Yes,Yes,Yes,Aggressive,Low,0.0,82.2,11.84,Good,30.6,69.7,Low,27.795119065997625,Low,14.022056898048042,83,75.66,Highly Recommended
4907,Renault,Kiger,2026,14.27,Petrol,Automatic,998,20.8,5,2,Yes,Yes,No,Normal,High,0.45,87.0,12.97,Good,34.6,93.7,Low,0.0,Medium,41.179458320625145,78,68.22,Recommended
4908,Maruti Suzuki,Brezza,2020,6.41,Petrol,Manual,1497,21.3,3,6,Yes,No,Yes,Risky,Low,0.06,98.0,12.58,Poor,34.1,90.1,Low,25.330150450156825,Medium,51.35194744201673,32,48.595,Consider
4909,Mahindra,XUV 3XO,2024,16.18,Electric,Manual,0,380.5,5,6,Yes,Yes,No,Calm,Low,0.15,91.2,12.68,Good,33.2,77.6,Low,0.0,Low,4.511604333130567,98,87.36875,Highly Recommended
4910,Skoda,Kushaq,2023,12.47,Petrol,Automatic,1597,18.7,3,4,Yes,No,Yes,Normal,Low,0.04,81.2,13.09,Good,28.4,63.1,Low,4.576664008563007,Low,4.259823661465209,63,67.155,Recommended
4911,Renault,Kwid,2026,8.04,Diesel,Manual,1497,21.1,3,6,Yes,No,Yes,Normal,Low,0.11,102.2,12.67,Good,33.2,87.8,Low,12.007840993109877,Low,15.469109207129332,62,62.065,Recommended
4912,Renault,Triber,2022,7.5,Electric,Manual,0,361.3,3,6,Yes,No,Yes,Normal,Medium,0.35,95.0,12.6,Good,31.5,64.7,Low,13.434077982372544,Low,22.21768040630044,59,75.09875,Highly Recommended
4913,Tata,Curvv,2023,5.98,CNG,Automatic,1199,22.7,4,6,Yes,Yes,Yes,Normal,Low,0.16,78.7,12.39,Good,33.5,71.1,Low,8.851228527572161,Low,16.131665042734745,85,81.655,Highly Recommended
4914,Kia,Sonet,2024,14.72,Petrol,Manual,1290,17.6,4,2,Yes,Yes,Yes,Aggressive,Low,0.0,89.1,13.22,Moderate,32.8,96.9,Low,6.414187719836035,Low,29.441516774309175,67,63.79,Recommended
4915,Maruti Suzuki,Brezza,2021,4.5,Petrol,Manual,1597,17.5,4,4,Yes,Yes,Yes,Calm,Medium,0.13,81.8,12.52,Poor,30.1,42.8,Low,31.853062199173543,Low,27.827106196055002,58,59.725,Consider
4916,Kia,Seltos,2023,9.58,Petrol,Automatic,1498,17.3,5,2,Yes,Yes,Yes,Normal,Low,0.21,88.7,12.72,Good,31.3,100.0,Low,3.742823305777426,Low,7.171296866335001,89,78.64500000000001,Highly Recommended
4917,Skoda,Slavia,2019,8.44,Petrol,Manual,1498,20.1,5,4,Yes,Yes,No,Normal,Low,0.2,86.0,12.53,Good,34.1,91.7,Low,0.0,Low,12.937760942202974,91,68.965,Recommended
4918,Tata,Harrier,2025,11.14,Petrol,Automatic,1597,15.7,5,7,Yes,Yes,No,Normal,Medium,0.15,89.9,12.9,Good,26.1,59.6,Low,9.390078703301997,Low,16.291605276176682,95,75.10499999999999,Highly Recommended
4919,Kia,Seltos,2021,10.96,Electric,Manual,0,336.9,3,6,Yes,No,Yes,Calm,Medium,0.17,78.7,12.8,Poor,32.9,87.6,Low,27.68832834181041,Medium,31.112634938490118,39,65.18375,Recommended
4920,Kia,Seltos,2019,10.56,Electric,Automatic,0,395.6,4,6,Yes,Yes,Yes,Risky,Low,0.09,94.2,11.34,Good,29.5,95.3,Low,14.583137243316827,Medium,32.675020259755414,78,89.935,Highly Recommended
4921,Renault,Kwid,2021,10.44,Petrol,Automatic,1497,19.3,5,6,Yes,No,No,Normal,Low,0.13,88.3,12.47,Good,32.6,60.3,Low,15.767183411864442,Low,12.537960538373673,78,67.995,Recommended
4922,Maruti Suzuki,Swift,2019,6.16,Petrol,Automatic,2198,16.5,5,6,Yes,Yes,Yes,Normal,Low,0.35,86.9,12.13,Good,29.2,82.0,Low,2.1695821217112154,Low,20.622447788202518,92,79.875,Highly Recommended
4923,Honda,Elevate,2025,12.56,Diesel,Manual,2198,23.6,5,2,Yes,Yes,No,Calm,Medium,0.18,90.8,11.74,Good,31.7,58.6,Low,24.551491926705566,Low,18.280990318145545,82,65.44,Recommended
4924,Hyundai,Exter,2026,12.15,Petrol,Manual,998,18.1,5,4,Yes,Yes,Yes,Calm,Medium,0.18,103.2,12.29,Good,33.4,100.0,Low,16.254451281023947,Low,18.59538560695845,87,72.86500000000001,Recommended
4925,Hyundai,Verna,2023,12.35,Petrol,Manual,1498,22.3,4,6,Yes,No,Yes,Normal,Low,0.02,98.3,12.64,Moderate,33.8,48.7,Low,17.966712665321463,Low,17.144559330284157,62,62.245000000000005,Recommended
4926,Maruti Suzuki,Dzire,2025,13.91,Petrol,Manual,1290,17.9,4,4,Yes,Yes,Yes,Normal,Low,0.15,98.7,12.33,Good,34.7,60.9,Low,11.246804070168787,Low,5.480926410640628,84,71.48500000000001,Recommended
4927,Renault,Kwid,2020,7.09,Diesel,Automatic,998,22.7,4,6,Yes,Yes,Yes,Aggressive,Medium,0.2,87.0,12.65,Poor,32.6,70.5,Low,33.03886444605892,Medium,50.372747762775674,54,63.705,Recommended
4928,Volkswagen,Virtus,2024,13.29,Petrol,Automatic,1199,18.4,4,6,Yes,Yes,Yes,Normal,Low,0.12,87.1,12.25,Good,35.9,66.1,Low,3.5194124663511133,Low,13.580441112060672,87,77.91,Highly Recommended
4929,Toyota,Urban Cruiser,2023,18.11,Petrol,Manual,2198,16.9,5,7,Yes,Yes,Yes,Calm,Low,0.16,102.8,13.06,Moderate,32.6,54.6,Low,23.028905665661465,Low,16.71973304990621,87,72.685,Recommended
4930,Toyota,Urban Cruiser,2024,16.44,Diesel,Manual,1290,21.3,4,6,Yes,No,Yes,Normal,Low,0.02,84.2,13.05,Moderate,28.0,58.0,Low,16.03907300164594,Low,18.258731367738093,62,62.095,Recommended
4931,Volkswagen,Virtus,2021,16.06,Petrol,Automatic,1197,11.7,3,6,Yes,No,Yes,Normal,Low,0.09,102.6,12.6,Poor,33.9,89.7,Low,31.9637314292935,Medium,34.768076975663774,37,54.405,Consider
4932,Volkswagen,Taigun,2023,7.49,CNG,Manual,1199,22.1,5,2,Yes,Yes,Yes,Normal,Low,0.08,96.6,11.97,Good,30.2,44.1,Medium,39.208321783263386,Low,8.928706208146792,83,75.66499999999999,Highly Recommended
4933,Mahindra,XUV700,2023,12.55,Petrol,Manual,1197,21.4,5,4,Yes,Yes,No,Calm,Medium,0.3,82.1,12.73,Good,31.4,94.9,Low,2.2885853185178164,Low,12.205321380536306,91,69.16,Recommended
4934,Volkswagen,Virtus,2026,12.65,Petrol,Automatic,1597,24.1,4,6,Yes,Yes,Yes,Aggressive,Low,0.1,102.3,12.85,Moderate,32.1,89.5,Low,8.647325380967702,Low,21.69539443297766,77,74.265,Recommended
4935,Kia,Carens,2019,8.63,Petrol,Manual,1199,20.6,3,6,Yes,No,No,Calm,Low,0.15,99.3,12.69,Good,35.4,90.6,Low,9.822140089977138,Low,4.433952542021211,66,57.79,Consider
4936,Kia,Carens,2023,13.17,Petrol,Automatic,1290,19.2,3,7,Yes,No,No,Normal,Low,0.15,83.3,12.56,Good,35.5,79.3,Low,4.207962852465718,Low,12.40176819928327,66,62.58,Recommended
4937,Maruti Suzuki,Dzire,2023,8.23,Petrol,Manual,1497,18.5,5,6,Yes,Yes,No,Normal,Low,0.04,83.3,11.53,Good,33.5,54.6,Low,30.34610194854563,Low,9.57104694718612,92,69.175,Recommended
4938,Tata,Nexon,2023,13.85,Diesel,Manual,998,22.9,4,2,Yes,Yes,Yes,Risky,Medium,0.29,85.1,12.0,Moderate,30.9,43.9,Medium,41.92637596647336,High,56.23226425586821,52,57.835,Consider
4939,Maruti Suzuki,Swift,2019,7.5,Electric,Manual,0,250.2,3,2,Yes,No,Yes,Aggressive,Medium,0.21,89.0,11.52,Good,35.5,79.3,Low,26.284655777937733,Medium,34.35006068401977,45,64.6325,Recommended
4940,Kia,Carens,2024,18.28,CNG,Manual,1497,24.0,5,6,Yes,Yes,Yes,Normal,High,0.35,80.5,12.38,Good,36.2,50.9,Low,8.080755438715135,Medium,39.11680679874485,85,76.85,Highly Recommended
4941,Renault,Triber,2020,5.61,Petrol,Automatic,1597,23.1,4,6,Yes,Yes,Yes,Normal,Low,0.0,84.6,12.68,Good,34.6,98.9,Low,2.347623581711729,Low,11.748759551707112,88,79.065,Highly Recommended
4942,Kia,Sonet,2021,13.23,Petrol,Manual,1290,21.9,4,7,Yes,Yes,Yes,Calm,Low,0.27,92.7,12.52,Moderate,32.2,53.8,Low,16.964621435133925,Low,9.562422595005579,82,71.185,Recommended
4943,Skoda,Slavia,2021,15.95,Petrol,Manual,1597,16.9,5,4,Yes,Yes,No,Calm,Medium,0.15,79.6,13.29,Good,35.8,73.7,Low,15.184779829097277,Low,14.679496095740113,89,67.58500000000001,Recommended
4944,Maruti Suzuki,Swift,2024,9.35,Petrol,Manual,1597,16.5,4,6,Yes,Yes,Yes,Normal,Low,0.14,77.4,13.36,Good,30.2,81.1,Low,8.312077076580858,Low,9.334317491282755,87,72.625,Recommended
4945,Hyundai,Verna,2020,13.45,Diesel,Manual,1497,17.6,4,2,Yes,Yes,No,Aggressive,Low,0.22,88.5,12.47,Good,28.2,82.9,Low,7.980627367273607,Low,27.439940126674884,73,60.49,Recommended
4946,Tata,Harrier,2024,13.38,Diesel,Manual,1497,16.1,2,6,Yes,No,No,Calm,Low,0.08,97.6,11.44,Good,34.5,82.0,Low,32.86245387900432,Low,11.636344404877732,52,50.815,Consider
4947,Mahindra,Thar,2019,15.67,Petrol,Manual,1290,21.4,4,6,Yes,Yes,No,Calm,Medium,0.18,88.7,12.74,Poor,25.0,91.0,Low,20.870962929710036,Medium,32.58718866192079,62,56.11,Consider
4948,Mahindra,XUV700,2026,14.3,Petrol,Manual,2198,24.9,4,2,Yes,Yes,Yes,Calm,Medium,0.23,91.0,12.5,Good,30.8,74.3,Low,7.451869150751893,Low,18.365447165326408,76,68.935,Recommended
4949,Renault,Kwid,2025,11.97,CNG,Automatic,1197,27.1,4,6,Yes,Yes,Yes,Normal,Medium,0.26,83.2,12.38,Good,31.9,91.4,Low,7.670354037208976,Low,22.602460859003344,83,81.41499999999999,Highly Recommended
4950,Maruti Suzuki,Dzire,2025,10.54,Electric,Automatic,0,276.9,4,6,Yes,Yes,Yes,Calm,Low,0.1,88.6,12.79,Good,25.3,90.0,Low,5.311075224058066,Low,10.06386355156786,88,89.98375,Highly Recommended
4951,Renault,Triber,2020,7.37,Petrol,Automatic,1498,19.7,4,7,Yes,Yes,No,Normal,Low,0.07,91.4,12.22,Moderate,33.1,80.9,Low,7.773703673080938,Low,12.21224235062254,83,70.305,Recommended
4952,Maruti Suzuki,Fronx,2019,7.35,Diesel,Automatic,2198,21.7,3,6,Yes,No,Yes,Normal,Low,0.0,91.3,12.96,Good,27.7,99.3,Low,7.359479418423661,Low,14.050117785745769,63,67.605,Recommended
4953,Toyota,Innova,2021,15.31,Petrol,Manual,2198,28.3,4,6,Yes,Yes,Yes,Aggressive,Low,0.02,82.8,12.36,Moderate,30.9,77.6,Low,0.7228708195766931,Medium,31.2399552312697,75,68.995,Recommended
4954,Maruti Suzuki,Fronx,2019,7.65,Petrol,Automatic,1498,21.9,4,6,Yes,Yes,Yes,Calm,Low,0.22,79.5,13.43,Good,31.0,66.8,Low,12.417831447739562,Low,2.1942370082600746,89,79.33500000000001,Highly Recommended
4955,Renault,Kiger,2023,4.5,CNG,Manual,2198,21.4,3,6,Yes,No,No,Normal,High,0.43,92.4,11.99,Good,30.4,66.6,Medium,35.43873734226703,Medium,45.929263742561716,48,53.81,Consider
4956,Skoda,Slavia,2022,6.93,Diesel,Manual,1997,16.3,5,6,Yes,Yes,No,Calm,Low,0.21,88.8,12.1,Good,31.0,52.0,Low,15.06399235317349,Low,8.909215555424373,95,70.195,Recommended
4957,Toyota,Urban Cruiser,2026,13.04,Petrol,Manual,998,25.3,4,4,Yes,Yes,Yes,Normal,Medium,0.29,98.6,12.71,Moderate,31.6,70.6,Low,14.527908364482252,Medium,31.15484662842481,69,65.845,Recommended
4958,Renault,Kiger,2022,4.5,Diesel,Automatic,2198,21.9,4,6,Yes,No,Yes,Aggressive,Low,0.1,91.2,12.17,Good,34.2,81.1,Low,2.84264908130503,Low,19.322640531719454,70,70.785,Recommended
4959,Skoda,Slavia,2022,7.45,Petrol,Manual,1199,15.3,4,6,Yes,Yes,Yes,Normal,Low,0.0,91.1,12.61,Good,30.9,79.4,Low,5.654784838697419,Low,12.812128813837512,87,72.445,Recommended
4960,Kia,Carens,2020,9.61,Petrol,Manual,1597,10.0,3,4,Yes,No,Yes,Normal,High,0.42,87.3,12.72,Good,32.6,80.1,Low,1.157441333467947,Medium,36.91029443694084,52,55.900000000000006,Consider
4961,Toyota,Innova,2023,14.74,Petrol,Manual,1497,20.2,5,7,Yes,No,No,Normal,High,0.47,95.7,11.52,Good,34.9,74.8,Low,34.432006245103096,Medium,48.99137878884153,65,57.28,Consider
4962,Skoda,Kushaq,2025,12.94,Diesel,Automatic,1290,20.4,3,6,Yes,No,No,Normal,Low,0.18,90.1,12.66,Moderate,33.6,61.4,Low,10.151189820655972,Medium,31.0189992371738,51,56.01,Consider
4963,Toyota,Innova,2022,16.67,CNG,Manual,1290,23.2,5,6,Yes,Yes,Yes,Normal,Low,0.16,84.1,11.76,Good,29.7,58.5,Low,29.422117802239743,Low,13.307483139288223,91,79.43,Highly Recommended
4964,Kia,Sonet,2021,10.92,Diesel,Automatic,1997,23.8,4,6,Yes,No,Yes,Normal,Medium,0.31,93.0,12.43,Moderate,34.2,71.6,Low,9.754629149417095,Medium,37.14295027429636,57,65.22,Recommended
4965,Volkswagen,Taigun,2026,13.69,CNG,Manual,1498,24.7,4,4,Yes,Yes,Yes,Calm,Medium,0.25,81.4,12.92,Good,33.0,85.6,Low,0.04496411613551654,Low,15.689104265583088,83,76.055,Highly Recommended
4966,Honda,Amaze,2025,14.69,CNG,Automatic,1597,27.2,2,6,Yes,No,No,Normal,High,0.35,82.8,12.48,Good,33.3,85.1,Low,3.1310182142334457,Medium,40.13429714738798,46,58.78,Consider
4967,Kia,Seltos,2019,20.19,Electric,Manual,0,350.9,4,4,Yes,Yes,Yes,Normal,Medium,0.12,78.3,11.59,Good,33.7,26.9,Medium,47.67391787626938,Low,18.543544527235525,74,81.45875000000001,Highly Recommended
4968,Skoda,Slavia,2021,17.74,Electric,Manual,0,407.0,5,6,Yes,Yes,Yes,Calm,Low,0.19,87.2,12.89,Poor,33.1,84.4,Low,30.20448302884471,Low,21.352235797453794,73,82.85,Highly Recommended
4969,Mahindra,XUV 3XO,2023,12.59,Diesel,Automatic,1498,21.2,5,7,Yes,Yes,Yes,Normal,High,0.41,96.5,11.83,Good,34.4,73.1,Low,25.341611729795115,Medium,45.25176497329053,82,76.08,Highly Recommended
4970,Skoda,Slavia,2025,11.8,CNG,Manual,1290,21.4,5,4,Yes,Yes,Yes,Calm,Low,0.04,80.9,12.21,Good,35.5,61.7,Low,12.998551270780322,Low,6.258879523819516,92,79.61,Highly Recommended
4971,Toyota,Innova,2021,15.16,Petrol,Manual,1290,20.0,3,2,Yes,No,Yes,Aggressive,Medium,0.17,88.3,12.61,Good,33.8,98.0,Low,1.2019803602489825,Low,28.35327311648396,51,56.95,Consider
4972,Toyota,Urban Cruiser,2024,16.22,Diesel,Manual,1497,20.1,3,7,Yes,No,Yes,Normal,Low,0.07,93.7,13.13,Moderate,28.1,79.8,Low,11.018480952125035,Low,12.241650856827857,59,60.565,Recommended
4973,Mahindra,XUV700,2023,15.58,CNG,Manual,998,23.1,4,6,Yes,Yes,Yes,Normal,Low,0.14,93.4,12.77,Moderate,29.8,94.2,Low,13.679570982831043,Low,22.814461344546856,76,72.665,Recommended
4974,Toyota,Glanza,2025,17.18,CNG,Automatic,1197,20.6,4,4,Yes,Yes,Yes,Aggressive,Low,0.19,90.1,12.44,Good,35.8,63.9,Low,13.649004116087788,Low,25.311370600591612,77,77.74000000000001,Highly Recommended
4975,Skoda,Slavia,2020,5.24,CNG,Manual,1290,25.4,5,4,Yes,Yes,Yes,Normal,Low,0.06,82.1,13.26,Good,28.5,81.8,Low,0.7353554560929236,Low,12.338199290301045,92,80.21000000000001,Highly Recommended
4976,Volkswagen,Virtus,2024,10.31,Petrol,Manual,2198,20.2,2,6,Yes,No,No,Normal,Low,0.09,92.3,12.38,Good,30.4,97.7,Low,2.2434101459740234,Low,9.296353539432216,57,53.68000000000001,Consider
4977,Volkswagen,Taigun,2026,14.91,CNG,Automatic,998,25.9,5,6,Yes,Yes,No,Normal,Low,0.16,85.0,12.98,Moderate,36.7,51.5,Low,19.336947047314688,Low,18.728959744051306,85,76.13499999999999,Highly Recommended
4978,Renault,Triber,2025,4.5,Petrol,Manual,2198,16.1,4,7,Yes,Yes,Yes,Normal,Medium,0.27,84.5,12.46,Good,34.3,57.5,Low,16.618169042544856,Medium,30.436424806930525,81,69.86500000000001,Recommended
4979,Renault,Kiger,2023,5.8,CNG,Manual,2198,26.3,5,6,Yes,Yes,Yes,Normal,Low,0.12,91.3,12.8,Good,32.0,74.6,Low,10.462842844727966,Low,13.957921755957486,94,81.245,Highly Recommended
4980,Maruti Suzuki,Swift,2023,11.26,Petrol,Automatic,1290,23.7,4,6,Yes,Yes,No,Normal,Medium,0.32,76.9,12.09,Moderate,30.0,83.8,Low,29.46438129057952,Low,22.824720694180268,74,66.855,Recommended
4981,Toyota,Glanza,2025,18.67,Petrol,Manual,998,16.9,4,4,Yes,Yes,No,Calm,Low,0.09,82.5,12.79,Good,33.8,72.0,Low,4.974431756085617,Low,10.974605648254144,83,64.88499999999999,Recommended
4982,Hyundai,i20,2020,5.63,Diesel,Manual,1498,21.4,4,4,Yes,Yes,No,Normal,Medium,0.18,85.9,12.13,Moderate,29.6,100.0,Low,0.0,Low,27.41795167419236,72,60.61,Recommended
4983,Toyota,Hyryder,2022,13.55,Petrol,Automatic,1197,20.8,4,2,Yes,Yes,Yes,Calm,Medium,0.14,95.2,12.09,Good,33.6,41.4,Medium,47.359243513169645,Low,22.835824781972523,69,70.17,Recommended
4984,Mahindra,Thar,2022,13.32,Electric,Automatic,0,283.8,5,2,Yes,Yes,No,Aggressive,Low,0.21,92.3,12.11,Good,34.5,76.9,Low,1.076462715945258,Low,22.370420256176367,84,82.4425,Highly Recommended
4985,Volkswagen,Taigun,2021,15.53,Petrol,Manual,1199,18.7,4,4,Yes,Yes,Yes,Aggressive,Low,0.18,74.5,12.58,Moderate,27.9,76.0,Low,8.010946056282442,Low,29.572200315678135,70,65.305,Recommended
4986,Hyundai,Venue,2025,11.41,Diesel,Automatic,998,16.8,4,6,Yes,Yes,No,Normal,High,0.23,89.2,13.12,Good,29.9,91.3,Low,0.0,Medium,34.15484416587812,80,68.52000000000001,Recommended
4987,Renault,Kwid,2020,5.26,Petrol,Manual,1290,19.6,4,6,Yes,Yes,Yes,Normal,Medium,0.32,104.6,12.19,Good,28.5,74.5,Low,10.033264507286006,Medium,30.697835880813635,80,69.94,Recommended
4988,Honda,City,2025,10.0,Petrol,Manual,1498,24.7,5,6,Yes,Yes,Yes,Calm,High,0.37,81.7,12.26,Good,30.4,28.6,Low,25.375957336041555,Medium,37.91395954846389,83,72.055,Recommended
4989,Maruti Suzuki,Swift,2024,11.36,Diesel,Automatic,2198,19.4,3,6,Yes,No,Yes,Normal,Low,0.09,89.3,12.55,Good,27.0,100.0,Low,0.0,Low,9.71857562328879,66,68.61,Recommended
4990,Maruti Suzuki,Fronx,2025,10.27,Petrol,Manual,998,13.4,4,6,Yes,Yes,No,Aggressive,Medium,0.3,93.1,12.17,Good,31.4,67.9,Low,7.824927637018346,Medium,32.79620592826813,79,62.56,Recommended
4991,Maruti Suzuki,Swift,2021,10.0,CNG,Automatic,1290,23.8,4,4,Yes,Yes,No,Aggressive,Medium,0.27,94.5,13.03,Good,34.1,98.3,Low,9.97477353391139,Medium,39.14490945719486,73,70.42,Recommended
4992,Maruti Suzuki,Dzire,2019,4.5,Petrol,Manual,1597,18.1,4,6,Yes,Yes,No,Normal,Low,0.09,78.6,12.04,Moderate,33.2,100.0,Low,21.20181448251508,Low,19.930291498612778,76,61.915000000000006,Recommended
4993,Tata,Nexon,2026,14.11,Petrol,Manual,1498,15.4,5,2,Yes,Yes,Yes,Calm,Medium,0.27,83.1,12.87,Good,29.5,84.3,Low,0.0,Low,21.207765598941826,85,71.56,Recommended
4994,Skoda,Slavia,2025,9.9,Electric,Automatic,0,389.9,4,2,Yes,Yes,No,Normal,Low,0.14,113.7,13.08,Good,29.5,83.0,Low,17.491332490420437,Low,14.242198153545889,76,82.82124999999999,Highly Recommended
4995,Renault,Triber,2022,6.02,CNG,Automatic,1498,21.7,3,4,Yes,No,Yes,Aggressive,Medium,0.23,86.5,12.36,Moderate,30.7,82.5,Low,12.548951934702554,Medium,49.70067201643269,40,61.254999999999995,Recommended
4996,Mahindra,Thar,2020,15.33,Electric,Automatic,0,312.5,5,4,Yes,Yes,Yes,Normal,High,0.46,79.4,12.26,Poor,35.1,78.2,Low,21.429554372786995,Medium,51.918174457850355,60,78.71875,Highly Recommended
4997,Hyundai,Verna,2025,13.01,Electric,Manual,0,249.7,5,2,Yes,Yes,No,Normal,Low,0.18,85.3,12.21,Good,29.6,71.5,Low,9.372138432680371,Low,18.670452598082438,84,76.16375000000001,Highly Recommended
4998,Honda,Amaze,2020,11.56,Petrol,Automatic,1997,15.0,3,6,Yes,No,No,Calm,Medium,0.27,86.8,12.5,Good,32.0,60.0,Low,21.743013836514177,Low,22.53119976180394,58,58.35,Consider
4999,Kia,Sonet,2023,7.73,Petrol,Automatic,1197,15.0,5,6,Yes,Yes,Yes,Aggressive,Medium,0.21,87.8,12.66,Poor,34.1,92.3,Low,24.53272661382026,Medium,46.79948529325553,65,67.5,Recommended
5000,Volkswagen,Taigun,2023,5.91,Petrol,Automatic,2198,14.7,2,6,Yes,No,Yes,Aggressive,Medium,0.24,82.7,12.3,Good,34.0,67.0,Low,1.731999836504956,Low,28.537541528622093,51,61.155,Recommended
